Sequence_ID	Source
TIGR4_NEG_SP_2205-2126568-r	CDS
TIGR4_NEG_SP_0688-660305-f	CDS
TIGR4_NEG_SP_1510-1419361-r	CDS
NEG_SPV_1351_D39V_1364815_-	CDS
NEG_SPV_0397_D39V_399146_-	CDS
TIGR4_NEG_SP_1645-1542661-r	CDS
NEG_SPV_0598_D39V_623958_+	CDS
NEG_SPV_2025_D39V_2004716_-	CDS
TIGR4_NEG_SP_0570-536652-f	CDS
NEG_SPV_0792_D39V_812102_+	CDS
NEG_SPV_1971_D39V_1941185_-	CDS
TIGR4_NEG_SP_1621-1520837-r	CDS
NEG_SPV_1202_D39V_1231907_-	CDS
TIGR4_NEG_SP_0006-5362-f	CDS
TIGR4_NEG_SP_1402-1325132-r	CDS
TIGR4_NEG_SP_1641-1540564-f	CDS
NEG_SPV_1142_D39V_1178202_-	CDS
TIGR4_NEG_SP_0506-487781-f	CDS
TIGR4_NEG_SP_1523-1432002-r	CDS
NEG_SPV_0864_D39V_879281_+	CDS
NEG_SPV_0836_D39V_852683_+	CDS
TIGR4_NEG_SP_1167-1103213-r	CDS
TIGR4_NEG_SP_2089-1997758-f	CDS
TIGR4_NEG_SP_1396-1319994-r	CDS
TIGR4_NEG_SP_1976-1881166-r	CDS
NEG_SPV_1286_D39V_1309976_+	CDS
NEG_SPV_1629_D39V_1644098_+	CDS
NEG_SPV_2054_D39V_2030926_+	CDS
NEG_SPV_1212_D39V_1241709_-	CDS
TIGR4_NEG_SP_1702-1608022-r	CDS
NEG_SPV_1486_D39V_1502313_-	CDS
NEG_SPV_1911_D39V_1883447_+	CDS
NEG_SPV_0536_D39V_549870_+	CDS
NEG_SPV_0983_D39V_968901_-	CDS
NEG_SPV_1357_D39V_1372127_-	CDS
TIGR4_NEG_SP_0045-45690-f	CDS
NEG_SPV_1213_D39V_1243939_-	CDS
TIGR4_NEG_SP_0043-44152-f	CDS
NEG_SPV_1169_D39V_1197886_-	CDS
TIGR4_NEG_SP_1772-1688377-r	CDS
NEG_SPV_1251_D39V_1280579_-	CDS
NEG_SPV_0294_D39V_294021_+	CDS
TIGR4_NEG_SP_0753-712001-f	CDS
TIGR4_NEG_SP_0454-427085-f	CDS
NEG_SPV_1657_D39V_1670272_-	CDS
TIGR4_NEG_SP_1735-1639336-r	CDS
TIGR4_NEG_SP_1229-1162358-r	CDS
TIGR4_NEG_SP_1698-1603657-r	CDS
NEG_SPV_1396_D39V_1417575_-	CDS
TIGR4_NEG_SP_1857-1764859-r	CDS
NEG_SPV_1827_D39V_1813181_+	CDS
NEG_SPV_2058_D39V_2037519_+	CDS
TIGR4_NEG_SP_1472-1385130-f	CDS
NEG_SPV_1909_D39V_1882036_+	CDS
TIGR4_NEG_SP_1461-1376713-r	CDS
TIGR4_NEG_SP_1937-1840815-r	CDS
TIGR4_NEG_SP_0568-533865-f	CDS
TIGR4_NEG_SP_0676-651345-r	CDS
NEG_SPV_0618_D39V_639758_-	CDS
TIGR4_NEG_SP_1908-1822600-r	CDS
NEG_SPV_0051_D39V_46146_+	CDS
TIGR4_NEG_SP_1400-1323740-r	CDS
TIGR4_NEG_SP_0913-866547-f	CDS
NEG_SPV_0138_D39V_143829_+	CDS
TIGR4_NEG_SP_0753-712481-f	CDS
TIGR4_NEG_SP_0230-203720-f	CDS
NEG_SPV_2017_D39V_1996430_-	CDS
NEG_SPV_0062_D39V_60014_+	CDS
NEG_SPV_1728_D39V_1724232_-	CDS
NEG_SPV_0873_D39V_887780_-	CDS
NEG_SPV_0630_D39V_651991_+	CDS
NEG_SPV_1826_D39V_1811882_-	CDS
TIGR4_NEG_SP_rrnaA16S-15709-f	CDS
TIGR4_NEG_SP_2122-2034875-r	CDS
NEG_SPV_0523_D39V_534705_+	CDS
NEG_SPV_1974_D39V_1947066_-	CDS
NEG_SPV_0321_D39V_320730_+	CDS
NEG_SPV_0577_D39V_600574_+	CDS
NEG_SPV_2048_D39V_2025253_-	CDS
TIGR4_NEG_SP_0026-28304-f	CDS
NEG_SPV_0592_D39V_617234_-	CDS
TIGR4_NEG_SP_0254-225192-f	CDS
TIGR4_NEG_SP_1553-1463612-r	CDS
NEG_SPV_1079_D39V_1109435_-	CDS
NEG_SPV_0186_D39V_191355_+	CDS
NEG_SPV_0836_D39V_853223_+	CDS
NEG_SPV_1924_D39V_1893198_-	CDS
TIGR4_NEG_SP_1032-974286-f	CDS
TIGR4_NEG_SP_0975-921116-f	CDS
TIGR4_NEG_SP_0010-10036-f	CDS
TIGR4_NEG_SP_1771-1676822-r	CDS
NEG_SPV_0706_D39V_722074_+	CDS
TIGR4_NEG_SP_1784-1702535-r	CDS
NEG_SPV_0383_D39V_387463_+	CDS
NEG_SPV_1127_D39V_1158628_-	CDS
TIGR4_NEG_SP_1358-1280661-r	CDS
TIGR4_NEG_SP_0892-842755-f	CDS
NEG_SPV_0301_D39V_299968_+	CDS
NEG_SPV_1613_D39V_1629011_-	CDS
NEG_SPV_1002_D39V_950262_-	CDS
NEG_SPV_0182_D39V_185642_+	CDS
TIGR4_NEG_SP_0591-562697-f	CDS
NEG_SPV_0609_D39V_633425_+	CDS
NEG_SPV_0002_D39V_1780_+	CDS
TIGR4_NEG_SP_2085-1994750-f	CDS
TIGR4_NEG_SP_1923-1832416-r	CDS
TIGR4_NEG_SP_0613-580819-f	CDS
NEG_SPV_0809_D39V_826890_+	CDS
NEG_SPV_1839_D39V_1825489_-	CDS
TIGR4_NEG_SP_0042-41056-f	CDS
NEG_SPV_1318_D39V_1335631_-	CDS
NEG_SPV_0540_D39V_554646_-	CDS
NEG_SPV_0336_D39V_342748_-	CDS
TIGR4_NEG_SP_0930-882728-f	CDS
TIGR4_NEG_SP_2045-1949611-r	CDS
TIGR4_NEG_SP_1961-1868025-r	CDS
NEG_SPV_1843_D39V_1830430_-	CDS
TIGR4_NEG_SP_0401-379992-r	CDS
TIGR4_NEG_SP_2026-1930905-r	CDS
NEG_SPV_0004_D39V_3879_+	CDS
NEG_SPV_1959_D39V_1928854_-	CDS
NEG_SPV_1376_D39V_1395012_-	CDS
NEG_SPV_1485_D39V_1501826_-	CDS
NEG_SPV_1070_D39V_1095024_-	CDS
NEG_SPV_1622_D39V_1639528_-	CDS
TIGR4_NEG_SP_0570-536662-f	CDS
NEG_SPV_1708_D39V_1710122_+	CDS
NEG_SPV_1004_D39V_948394_-	CDS
NEG_SPV_2290_D39V_1037322_-	CDS
NEG_SPV_1192_D39V_1220137_-	CDS
TIGR4_NEG_SP_0437-411541-r	CDS
NEG_SPV_1622_D39V_1638368_-	CDS
TIGR4_NEG_SP_0274-252588-f	CDS
NEG_SPV_1170_D39V_1199896_-	CDS
TIGR4_NEG_SP_0831-780817-f	CDS
TIGR4_NEG_SP_2026-1931885-r	CDS
NEG_SPV_0838_D39V_854487_+	CDS
TIGR4_NEG_SP_2145-2058196-f	CDS
NEG_SPV_0748_D39V_760993_+	CDS
TIGR4_NEG_SP_1160-1095784-r	CDS
TIGR4_NEG_SP_0836-785143-r	CDS
TIGR4_NEG_SP_1275-1209469-r	CDS
TIGR4_NEG_SP_RS04045-777312-f	CDS
TIGR4_NEG_SP_0369-348163-r	CDS
NEG_SPV_1075_D39V_1102197_-	CDS
TIGR4_NEG_SP_2239-2159657-f	CDS
TIGR4_NEG_SP_1649-1548976-f	CDS
TIGR4_NEG_SP_1891-1796222-r	CDS
NEG_SPV_0283_D39V_280541_+	CDS
NEG_SPV_1977_D39V_1952088_+	CDS
TIGR4_NEG_SP_0517-497785-f	CDS
NEG_SPV_0679_D39V_697164_+	CDS
NEG_SPV_1170_D39V_1199696_-	CDS
TIGR4_NEG_SP_1632-1533238-r	CDS
NEG_SPV_0218_D39V_209796_+	CDS
NEG_SPV_0890_D39V_1059389_-	CDS
NEG_SPV_0403_D39V_405034_+	CDS
TIGR4_NEG_SP_2075-1984496-r	CDS
NEG_SPV_1992_D39V_1969276_-	CDS
NEG_SPV_1987_D39V_1963261_-	CDS
TIGR4_NEG_SP_RS04045-777032-f	CDS
TIGR4_NEG_SP_0570-535912-f	CDS
NEG_SPV_0890_D39V_1060459_-	CDS
NEG_SPV_0826_D39V_845465_+	CDS
NEG_SPV_1486_D39V_1502363_-	CDS
NEG_SPV_1251_D39V_1280339_-	CDS
NEG_SPV_1308_D39V_1327161_-	CDS
TIGR4_NEG_SP_1772-1692257-r	CDS
NEG_SPV_2265_D39V_901227_+	CDS
NEG_SPV_1195_D39V_1224584_-	CDS
NEG_SPV_0231_D39V_219834_+	CDS
NEG_SPV_1023_D39V_916749_-	CDS
TIGR4_NEG_SP_1154-1087561-f	CDS
TIGR4_NEG_SP_1790-1705735-f	CDS
NEG_SPV_1383_D39V_1403593_-	CDS
TIGR4_NEG_SP_0460-435060-r	CDS
NEG_SPV_1504_D39V_1524981_-	CDS
TIGR4_NEG_SP_1175-1111455-r	CDS
TIGR4_NEG_SP_0556-524644-f	CDS
TIGR4_NEG_SP_1722-1625373-r	CDS
NEG_SPV_0577_D39V_601564_+	CDS
NEG_SPV_0844_D39V_860267_+	CDS
NEG_SPV_1877_D39V_1856786_-	CDS
TIGR4_NEG_SP_1536-1446117-r	CDS
NEG_SPV_1212_D39V_1241009_-	CDS
TIGR4_NEG_SP_2098-2006225-r	CDS
NEG_SPV_0050_D39V_45027_+	CDS
NEG_SPV_1062_D39V_1088379_-	CDS
NEG_SPV_1414_D39V_1433878_-	CDS
TIGR4_NEG_SP_1661-1562935-r	CDS
NEG_SPV_1079_D39V_1110185_-	CDS
TIGR4_NEG_SP_0002-2287-f	CDS
NEG_SPV_0468_D39V_478348_+	CDS
TIGR4_NEG_SP_0923-877803-r	CDS
TIGR4_NEG_SP_1906-1821002-r	CDS
NEG_SPV_0706_D39V_722364_+	CDS
NEG_SPV_0327_D39V_328046_+	CDS
TIGR4_NEG_SP_0648-620542-f	CDS
TIGR4_NEG_SP_0585-554379-f	CDS
TIGR4_NEG_SP_0852-799557-f	CDS
TIGR4_NEG_SP_1800-1716888-r	CDS
TIGR4_NEG_SP_1639-1538411-r	CDS
TIGR4_NEG_SP_0268-246386-r	CDS
TIGR4_NEG_SP_1960-1862835-r	CDS
NEG_SPV_1599_D39V_1615215_-	CDS
TIGR4_NEG_SP_0797-749587-f	CDS
TIGR4_NEG_SP_1578-1484316-r	CDS
TIGR4_NEG_SP_0137-135463-f	CDS
TIGR4_NEG_SP_1683-1583057-r	CDS
NEG_SPV_2045_D39V_2023015_-	CDS
NEG_SPV_0368_D39V_372606_-	CDS
TIGR4_NEG_SP_0852-798857-f	CDS
NEG_SPV_0090_D39V_90826_+	CDS
TIGR4_NEG_SP_2099-2007361-r	CDS
NEG_SPV_1097_D39V_1127070_-	CDS
TIGR4_NEG_SP_2059-1961390-f	CDS
TIGR4_NEG_SP_1101-1034342-r	CDS
TIGR4_NEG_SP_2107-2018743-r	CDS
NEG_SPV_0287_D39V_286241_+	CDS
TIGR4_NEG_SP_0457-430507-f	CDS
TIGR4_NEG_SP_1667-1567548-r	CDS
NEG_SPV_1663_D39V_1675177_-	CDS
TIGR4_NEG_SP_1729-1633190-r	CDS
TIGR4_NEG_SP_1772-1690027-r	CDS
TIGR4_NEG_SP_0045-46040-f	CDS
TIGR4_NEG_SP_1970-1877182-r	CDS
NEG_SPV_0246_D39V_237320_+	CDS
NEG_SPV_1834_D39V_1820595_-	CDS
NEG_SPV_0439_D39V_443111_+	CDS
NEG_SPV_0165_D39V_170287_+	CDS
NEG_SPV_1335_D39V_1351422_-	CDS
NEG_SPV_0362_D39V_365685_+	CDS
TIGR4_NEG_SP_0886-835735-f	CDS
TIGR4_NEG_SP_2157-2071245-r	CDS
NEG_SPV_1987_D39V_1963201_-	CDS
NEG_SPV_1971_D39V_1941175_-	CDS
NEG_SPV_0905_D39V_1047032_-	CDS
NEG_SPV_0165_D39V_169337_+	CDS
NEG_SPV_0821_D39V_840158_+	CDS
TIGR4_NEG_SP_2052-1953041-r	CDS
TIGR4_NEG_SP_1179-1117500-f	CDS
TIGR4_NEG_SP_1742-1646755-r	CDS
NEG_SPV_1394_D39V_1415633_-	CDS
TIGR4_NEG_SP_1129-1064001-r	CDS
TIGR4_NEG_SP_1016-960858-r	CDS
TIGR4_NEG_SP_0035-36848-f	CDS
NEG_SPV_0723_D39V_738704_+	CDS
TIGR4_NEG_SP_1890-1794449-r	CDS
NEG_SPV_1840_D39V_1826909_-	CDS
NEG_SPV_0488_D39V_495787_+	CDS
NEG_SPV_1277_D39V_1304353_-	CDS
NEG_SPV_0646_D39V_666668_-	CDS
TIGR4_NEG_SP_2044-1948430-r	CDS
TIGR4_NEG_SP_2026-1932915-r	CDS
NEG_SPV_0057_D39V_54084_+	CDS
NEG_SPV_0890_D39V_1059769_-	CDS
NEG_SPV_1104_D39V_1135773_-	CDS
TIGR4_NEG_SP_1201-1134796-r	CDS
NEG_SPV_1223_D39V_1255867_-	CDS
NEG_SPV_0129_D39V_133658_+	CDS
TIGR4_NEG_SP_1891-1796612-r	CDS
TIGR4_NEG_SP_0648-620612-f	CDS
NEG_SPV_1246_D39V_1274482_-	CDS
TIGR4_NEG_SP_2145-2058306-f	CDS
NEG_SPV_0890_D39V_1060889_-	CDS
NEG_SPV_1017_D39V_927455_-	CDS
TIGR4_NEG_SP_1343-1267478-r	CDS
TIGR4_NEG_SP_1762-1664932-r	CDS
NEG_SPV_2265_D39V_901037_+	CDS
TIGR4_NEG_SP_1142-1070828-f	CDS
TIGR4_NEG_SP_0499-482508-f	CDS
NEG_SPV_0225_D39V_215582_-	CDS
TIGR4_NEG_SP_0469-448388-r	CDS
NEG_SPV_1264_D39V_1293491_+	CDS
NEG_SPV_1849_D39V_1835227_-	CDS
NEG_SPV_0748_D39V_760783_+	CDS
NEG_SPV_0943_D39V_1012172_-	CDS
NEG_SPV_0833_D39V_850432_+	CDS
NEG_SPV_0608_D39V_632430_+	CDS
NEG_SPV_1587_D39V_1605696_-	CDS
NEG_SPV_0561_D39V_578920_+	CDS
NEG_SPV_1920_D39V_1890250_-	CDS
TIGR4_NEG_SP_1659-1561405-r	CDS
TIGR4_NEG_SP_1711-1615355-r	CDS
TIGR4_NEG_SP_1505-1414157-r	CDS
TIGR4_NEG_SP_1623-1524378-r	CDS
NEG_SPV_1015_D39V_932520_-	CDS
NEG_SPV_0165_D39V_169247_+	CDS
NEG_SPV_1619_D39V_1634563_-	CDS
NEG_SPV_0515_D39V_527720_+	CDS
NEG_SPV_0250_D39V_245740_-	CDS
TIGR4_NEG_SP_1290-1224675-f	CDS
TIGR4_NEG_SP_0346-320837-f	CDS
NEG_SPV_1240_D39V_1270237_-	CDS
TIGR4_NEG_SP_0338-312483-f	CDS
NEG_SPV_1656_D39V_1669534_-	CDS
TIGR4_NEG_SP_1145-1072971-f	CDS
NEG_SPV_1629_D39V_1644128_+	CDS
TIGR4_NEG_SP_0338-312723-f	CDS
TIGR4_NEG_SP_0050-53521-f	CDS
TIGR4_NEG_SP_0368-343243-f	CDS
TIGR4_NEG_SP_2201-2121920-r	CDS
TIGR4_NEG_SP_0768-727634-f	CDS
TIGR4_NEG_SP_1792-1707383-r	CDS
TIGR4_NEG_SP_2197-2119757-r	CDS
NEG_SPV_0006_D39V_5605_+	CDS
TIGR4_NEG_SP_1221-1152898-r	CDS
NEG_SPV_1039_D39V_1068064_-	CDS
TIGR4_NEG_SP_2059-1961160-f	CDS
NEG_SPV_0237_D39V_227062_+	CDS
NEG_SPV_0753_D39V_766479_+	CDS
TIGR4_NEG_SP_0618-586847-f	CDS
NEG_SPV_0291_D39V_291849_-	CDS
NEG_SPV_1799_D39V_1794021_-	CDS
TIGR4_NEG_SP_1523-1430282-r	CDS
NEG_SPV_1287_D39V_1310833_-	CDS
TIGR4_NEG_SP_0161-158499-r	CDS
NEG_SPV_1029_D39V_908462_+	CDS
NEG_SPV_0894_D39V_1055397_+	CDS
NEG_SPV_1507_D39V_1529329_-	CDS
NEG_SPV_1642_D39V_1658069_-	CDS
TIGR4_NEG_SP_1817-1729960-r	CDS
NEG_SPV_0528_D39V_540248_-	CDS
NEG_SPV_0626_D39V_649172_+	CDS
NEG_SPV_0424_D39V_426595_+	CDS
NEG_SPV_1104_D39V_1137003_-	CDS
NEG_SPV_1905_D39V_1877369_+	CDS
TIGR4_NEG_SP_1883-1786299-r	CDS
NEG_SPV_0383_D39V_387543_+	CDS
NEG_SPV_1596_D39V_1612939_-	CDS
TIGR4_NEG_SP_0873-820956-f	CDS
NEG_SPV_0980_D39V_971404_+	CDS
NEG_SPV_0950_D39V_1002603_-	CDS
TIGR4_NEG_SP_1722-1625303-r	CDS
NEG_SPV_0569_D39V_591807_+	CDS
NEG_SPV_1487_D39V_1504940_+	CDS
NEG_SPV_0008_D39V_8691_+	CDS
TIGR4_NEG_SP_0806-760968-f	CDS
TIGR4_NEG_SP_0912-864897-f	CDS
NEG_SPV_1177_D39V_1206856_-	CDS
NEG_SPV_1018_D39V_923815_-	CDS
NEG_SPV_1998_D39V_1976011_-	CDS
NEG_SPV_0428_D39V_431888_+	CDS
TIGR4_NEG_SP_0289-268051-f	CDS
NEG_SPV_1141_D39V_1176204_+	CDS
NEG_SPV_1739_D39V_1733586_-	CDS
NEG_SPV_0448_D39V_456787_+	CDS
TIGR4_NEG_SP_1124-1059025-f	CDS
TIGR4_NEG_SP_0665-640952-f	CDS
NEG_SPV_1908_D39V_1880308_+	CDS
NEG_SPV_0502_D39V_510335_+	CDS
TIGR4_NEG_SP_1087-1024395-f	CDS
TIGR4_NEG_SP_0556-525464-f	CDS
TIGR4_NEG_SP_0071-74941-f	CDS
NEG_SPV_1519_D39V_1542784_-	CDS
TIGR4_NEG_SP_0836-784953-r	CDS
NEG_SPV_1861_D39V_1841374_-	CDS
NEG_SPV_1564_D39V_1585100_+	CDS
TIGR4_NEG_SP_0583-553171-f	CDS
TIGR4_NEG_SP_1790-1706005-f	CDS
TIGR4_NEG_SP_1638-1537709-f	CDS
TIGR4_NEG_SP_1175-1111445-r	CDS
TIGR4_NEG_SP_0001-1067-f	CDS
TIGR4_NEG_SP_2221-2140091-r	CDS
NEG_SPV_0245_D39V_236708_+	CDS
NEG_SPV_0777_D39V_790151_+	CDS
TIGR4_NEG_SP_0057-61094-r	CDS
NEG_SPV_1170_D39V_1199516_-	CDS
NEG_SPV_0494_D39V_501617_+	CDS
NEG_SPV_0798_D39V_815130_-	CDS
NEG_SPV_0342_D39V_347138_+	CDS
TIGR4_NEG_SP_0969-916089-f	CDS
TIGR4_NEG_SP_1833-1743823-r	CDS
NEG_SPV_0558_D39V_575314_+	CDS
TIGR4_NEG_SP_0314-289280-f	CDS
TIGR4_NEG_SP_2146-2061050-r	CDS
TIGR4_NEG_SP_0002-1867-f	CDS
TIGR4_NEG_SP_0965-912365-f	CDS
TIGR4_NEG_SP_2220-2139277-r	CDS
NEG_SPV_0080_D39V_81355_+	CDS
TIGR4_NEG_SP_1634-1534948-f	CDS
NEG_SPV_0380_D39V_385539_+	CDS
TIGR4_NEG_SP_0032-33715-f	CDS
NEG_SPV_1827_D39V_1813121_+	CDS
TIGR4_NEG_SP_1695-1600308-r	CDS
NEG_SPV_1205_D39V_1234652_-	CDS
TIGR4_NEG_SP_2228-2146492-r	CDS
TIGR4_NEG_SP_1973-1879135-r	CDS
NEG_SPV_1494_D39V_1510861_-	CDS
NEG_SPV_0285_D39V_283087_+	CDS
TIGR4_NEG_SP_1287-1222810-r	CDS
TIGR4_NEG_SP_0723-688386-f	CDS
TIGR4_NEG_SP_1538-1447531-r	CDS
NEG_SPV_1332_D39V_1348154_-	CDS
TIGR4_NEG_SP_0845-791730-f	CDS
NEG_SPV_1061_D39V_1087519_-	CDS
NEG_SPV_0895_D39V_1054728_-	CDS
NEG_SPV_0405_D39V_407365_+	CDS
NEG_SPV_0001_D39V_1080_+	CDS
TIGR4_NEG_SP_1104-1036710-f	CDS
TIGR4_NEG_SP_0265-238648-f	CDS
TIGR4_NEG_SP_0758-717613-f	CDS
TIGR4_NEG_SP_0797-751167-f	CDS
TIGR4_NEG_SP_0581-550941-f	CDS
NEG_SPV_0360_D39V_362745_+	CDS
TIGR4_NEG_SP_1961-1868125-r	CDS
TIGR4_NEG_SP_1004-947903-f	CDS
TIGR4_NEG_SP_0648-615822-f	CDS
NEG_SPV_1680_D39V_1697423_+	CDS
NEG_SPV_1798_D39V_1793110_-	CDS
NEG_SPV_0636_D39V_658422_+	CDS
NEG_SPV_0446_D39V_455780_+	CDS
TIGR4_NEG_SP_0247-217551-f	CDS
TIGR4_NEG_SP_0892-842855-f	CDS
NEG_SPV_1376_D39V_1389342_-	CDS
NEG_SPV_0101_D39V_102248_-	CDS
TIGR4_NEG_SP_2056-1957299-r	CDS
NEG_SPV_0902_D39V_1049592_+	CDS
NEG_SPV_1490_D39V_1507499_-	CDS
NEG_SPV_1109_D39V_1143433_-	CDS
NEG_SPV_0488_D39V_496317_+	CDS
NEG_SPV_1839_D39V_1825359_-	CDS
NEG_SPV_0818_D39V_836882_+	CDS
TIGR4_NEG_SP_1668-1568580-r	CDS
TIGR4_NEG_SP_0574-540192-f	CDS
NEG_SPV_0452_D39V_460118_+	CDS
NEG_SPV_1876_D39V_1854605_-	CDS
NEG_SPV_0325_D39V_325794_+	CDS
NEG_SPV_1011_D39V_940382_-	CDS
NEG_SPV_0099_D39V_100312_+	CDS
TIGR4_NEG_SP_0394-373800-f	CDS
NEG_SPV_0540_D39V_554886_-	CDS
NEG_SPV_0465_D39V_476423_+	CDS
NEG_SPV_1445_D39V_1462478_-	CDS
TIGR4_NEG_SP_1014-958893-f	CDS
NEG_SPV_1023_D39V_916759_-	CDS
NEG_SPV_0388_D39V_391784_+	CDS
NEG_SPV_1918_D39V_1887976_+	CDS
NEG_SPV_1105_D39V_1138993_-	CDS
TIGR4_NEG_SP_RS01495-279447-f	CDS
TIGR4_NEG_SP_0182-173840-r	CDS
NEG_SPV_1413_D39V_1432975_-	CDS
TIGR4_NEG_SP_1848-1756418-f	CDS
NEG_SPV_0287_D39V_287691_+	CDS
TIGR4_NEG_SP_0184-175646-r	CDS
NEG_SPV_0469_D39V_478609_+	CDS
NEG_SPV_1988_D39V_1965687_-	CDS
NEG_SPV_0862_D39V_876901_+	CDS
NEG_SPV_0748_D39V_760653_+	CDS
TIGR4_NEG_SP_2112-2025621-f	CDS
NEG_SPV_0366_D39V_369600_-	CDS
NEG_SPV_0956_D39V_993909_-	CDS
NEG_SPV_0583_D39V_611052_+	CDS
TIGR4_NEG_SP_0681-654319-f	CDS
NEG_SPV_0420_D39V_420689_+	CDS
NEG_SPV_1079_D39V_1109265_-	CDS
NEG_SPV_0347_D39V_352229_+	CDS
TIGR4_NEG_SP_0159-156702-r	CDS
NEG_SPV_1018_D39V_925395_-	CDS
NEG_SPV_0820_D39V_838588_+	CDS
TIGR4_NEG_SP_0332-304699-r	CDS
TIGR4_NEG_SP_2057-1958203-r	CDS
NEG_SPV_0868_D39V_883630_+	CDS
TIGR4_NEG_SP_0410-390611-f	CDS
NEG_SPV_1995_D39V_1971065_-	CDS
NEG_SPV_0890_D39V_1059299_-	CDS
TIGR4_NEG_SP_2107-2020013-r	CDS
TIGR4_NEG_SP_0578-547182-f	CDS
NEG_SPV_1977_D39V_1952288_+	CDS
TIGR4_NEG_SP_2013-1920586-r	CDS
NEG_SPV_0577_D39V_603494_+	CDS
NEG_SPV_0894_D39V_1055487_+	CDS
NEG_SPV_0597_D39V_622993_+	CDS
NEG_SPV_0263_D39V_261830_-	CDS
TIGR4_NEG_SP_1449-1369486-r	CDS
NEG_SPV_0080_D39V_81745_+	CDS
NEG_SPV_1367_D39V_1381312_-	CDS
NEG_SPV_0835_D39V_852386_+	CDS
NEG_SPV_0670_D39V_690598_+	CDS
NEG_SPV_2004_D39V_1980183_-	CDS
NEG_SPV_0308_D39V_307097_+	CDS
NEG_SPV_0317_D39V_316597_+	CDS
NEG_SPV_1501_D39V_1519305_-	CDS
NEG_SPV_0287_D39V_287261_+	CDS
TIGR4_NEG_SP_0120-122965-f	CDS
NEG_SPV_0569_D39V_591427_+	CDS
NEG_SPV_1097_D39V_1126650_-	CDS
NEG_SPV_1079_D39V_1108425_-	CDS
NEG_SPV_1709_D39V_1710990_-	CDS
TIGR4_NEG_SP_1200-1133664-r	CDS
NEG_SPV_1549_D39V_1573853_-	CDS
NEG_SPV_1598_D39V_1614969_-	CDS
TIGR4_NEG_SP_0510-492406-r	CDS
TIGR4_NEG_SP_1359-1281023-r	CDS
TIGR4_NEG_SP_0156-153990-f	CDS
TIGR4_NEG_SP_RS00155-26027-f	CDS
TIGR4_NEG_SP_2152-2066918-f	CDS
NEG_SPV_1192_D39V_1220397_-	CDS
TIGR4_NEG_SP_0500-483080-f	CDS
NEG_SPV_1046_D39V_1075116_-	CDS
NEG_SPV_1557_D39V_1578723_-	CDS
NEG_SPV_1752_D39V_1746496_+	CDS
NEG_SPV_1216_D39V_1247055_-	CDS
NEG_SPV_1908_D39V_1880558_+	CDS
TIGR4_NEG_SP_1950-1853392-f	CDS
NEG_SPV_0062_D39V_59374_+	CDS
TIGR4_NEG_SP_1772-1687937-r	CDS
NEG_SPV_0006_D39V_7895_+	CDS
NEG_SPV_1070_D39V_1095464_-	CDS
TIGR4_NEG_SP_1154-1083961-f	CDS
NEG_SPV_1546_D39V_1570366_-	CDS
NEG_SPV_1764_D39V_1764038_-	CDS
NEG_SPV_0307_D39V_305810_+	CDS
TIGR4_NEG_SP_2092-2000238-f	CDS
NEG_SPV_0635_D39V_656862_+	CDS
NEG_SPV_0562_D39V_584580_+	CDS
NEG_SPV_0119_D39V_122209_+	CDS
NEG_SPV_0052_D39V_47735_+	CDS
NEG_SPV_1758_D39V_1755399_-	CDS
NEG_SPV_0568_D39V_590101_+	CDS
TIGR4_NEG_SP_1732-1635739-r	CDS
TIGR4_NEG_SP_0199-186341-f	CDS
NEG_SPV_1831_D39V_1817684_+	CDS
NEG_SPV_0130_D39V_135121_-	CDS
TIGR4_NEG_SP_0274-254128-f	CDS
NEG_SPV_2170_D39V_461768_-	CDS
TIGR4_NEG_SP_1251-1187200-r	CDS
NEG_SPV_1965_D39V_1935411_-	CDS
TIGR4_NEG_SP_1337-1260750-r	CDS
TIGR4_NEG_SP_2055-1955518-r	CDS
TIGR4_NEG_SP_1500-1408915-r	CDS
NEG_SPV_1495_D39V_1511559_-	CDS
NEG_SPV_1571_D39V_1590975_-	CDS
NEG_SPV_1542_D39V_1564881_-	CDS
NEG_SPV_0292_D39V_292829_-	CDS
NEG_SPV_1922_D39V_1891662_-	CDS
NEG_SPV_1609_D39V_1625827_-	CDS
TIGR4_NEG_SP_0043-44052-f	CDS
NEG_SPV_1216_D39V_1249205_-	CDS
TIGR4_NEG_SP_0523-504066-f	CDS
NEG_SPV_0218_D39V_209996_+	CDS
NEG_SPV_1279_D39V_1305897_-	CDS
TIGR4_NEG_SP_0852-799567-f	CDS
NEG_SPV_0013_D39V_12253_+	CDS
NEG_SPV_1385_D39V_1406950_-	CDS
NEG_SPV_1460_D39V_1475321_-	CDS
NEG_SPV_1120_D39V_1149855_-	CDS
NEG_SPV_0186_D39V_190545_+	CDS
NEG_SPV_1673_D39V_1690258_-	CDS
NEG_SPV_1079_D39V_1110015_-	CDS
NEG_SPV_1797_D39V_1791415_-	CDS
NEG_SPV_0686_D39V_701665_+	CDS
NEG_SPV_0264_D39V_262791_-	CDS
NEG_SPV_1839_D39V_1824509_-	CDS
NEG_SPV_2054_D39V_2031246_+	CDS
NEG_SPV_1330_D39V_1345698_-	CDS
NEG_SPV_1986_D39V_1960808_-	CDS
NEG_SPV_0726_D39V_741272_+	CDS
NEG_SPV_0390_D39V_393631_+	CDS
NEG_SPV_0176_D39V_181670_+	CDS
NEG_SPV_1472_D39V_1489482_-	CDS
TIGR4_NEG_SP_1959-1862181-r	CDS
NEG_SPV_1383_D39V_1401973_-	CDS
NEG_SPV_1065_D39V_1091065_-	CDS
TIGR4_NEG_SP_0384-364309-f	CDS
NEG_SPV_2297_D39V_1064368_-	CDS
TIGR4_NEG_SP_2057-1958553-r	CDS
TIGR4_NEG_SP_1221-1151488-r	CDS
NEG_SPV_1179_D39V_1210563_-	CDS
TIGR4_NEG_SP_1152-1079479-f	CDS
NEG_SPV_1608_D39V_1624764_-	CDS
TIGR4_NEG_SP_2185-2103369-r	CDS
TIGR4_NEG_SP_0436-409899-r	CDS
NEG_SPV_0886_D39V_897347_+	CDS
NEG_SPV_0787_D39V_802261_-	CDS
NEG_SPV_0109_D39V_109282_+	CDS
NEG_SPV_1049_D39V_1079395_-	CDS
TIGR4_NEG_SP_1917-1827520-r	CDS
NEG_SPV_1962_D39V_1932132_+	CDS
NEG_SPV_1671_D39V_1686471_-	CDS
TIGR4_NEG_SP_0626-593030-f	CDS
NEG_SPV_1499_D39V_1516331_-	CDS
TIGR4_NEG_SP_rrnaD23S-1813012-r	CDS
TIGR4_NEG_SP_0852-799147-f	CDS
NEG_SPV_1490_D39V_1507489_-	CDS
TIGR4_NEG_SP_0411-391205-r	CDS
TIGR4_NEG_SP_0509-491160-r	CDS
TIGR4_NEG_SP_0800-754014-r	CDS
NEG_SPV_1260_D39V_1289266_+	CDS
TIGR4_NEG_SP_1151-1075777-f	CDS
TIGR4_NEG_SP_2108-2021050-f	CDS
NEG_SPV_0287_D39V_286591_+	CDS
NEG_SPV_0782_D39V_795612_+	CDS
TIGR4_NEG_SP_1191-1128199-r	CDS
TIGR4_NEG_SP_0820-770528-r	CDS
TIGR4_NEG_SP_0413-393496-r	CDS
NEG_SPV_1580_D39V_1597180_+	CDS
TIGR4_NEG_SP_1544-1452392-r	CDS
NEG_SPV_0689_D39V_704684_+	CDS
TIGR4_NEG_SP_0820-770298-r	CDS
NEG_SPV_1166_D39V_1194194_-	CDS
TIGR4_NEG_SP_2225-2143324-r	CDS
TIGR4_NEG_SP_1363-1285821-r	CDS
TIGR4_NEG_SP_1375-1298746-r	CDS
NEG_SPV_1079_D39V_1110345_-	CDS
NEG_SPV_1827_D39V_1812911_+	CDS
NEG_SPV_1494_D39V_1510321_-	CDS
TIGR4_NEG_SP_RS11655-275488-f	CDS
NEG_SPV_1745_D39V_1738972_-	CDS
NEG_SPV_1016_D39V_931353_-	CDS
NEG_SPV_0119_D39V_121559_+	CDS
NEG_SPV_0887_D39V_898398_+	CDS
TIGR4_NEG_SP_0965-912165-f	CDS
TIGR4_NEG_SP_1767-1671147-r	CDS
NEG_SPV_1399_D39V_1419514_-	CDS
TIGR4_NEG_SP_2100-2010028-f	CDS
NEG_SPV_1831_D39V_1817454_+	CDS
TIGR4_NEG_SP_0886-836025-f	CDS
NEG_SPV_0980_D39V_971494_+	CDS
TIGR4_NEG_SP_2061-1962686-r	CDS
NEG_SPV_0130_D39V_135951_-	CDS
TIGR4_NEG_SP_1222-1155897-r	CDS
NEG_SPV_1263_D39V_1292063_+	CDS
TIGR4_NEG_SP_2055-1955588-r	CDS
TIGR4_NEG_SP_1648-1548427-f	CDS
TIGR4_NEG_SP_1200-1134074-r	CDS
TIGR4_NEG_SP_1163-1099597-r	CDS
TIGR4_NEG_SP_1963-1871330-r	CDS
NEG_SPV_1229_D39V_1261310_-	CDS
TIGR4_NEG_SP_1154-1084511-f	CDS
NEG_SPV_1648_D39V_1663051_+	CDS
NEG_SPV_1976_D39V_1951017_+	CDS
NEG_SPV_1928_D39V_1900070_-	CDS
NEG_SPV_1158_D39V_1188270_+	CDS
TIGR4_NEG_SP_1215-1146106-r	CDS
TIGR4_NEG_SP_1529-1440307-r	CDS
TIGR4_NEG_SP_2012-1919182-r	CDS
NEG_SPV_1328_D39V_1344200_-	CDS
TIGR4_NEG_SP_1361-1283547-r	CDS
NEG_SPV_1499_D39V_1517621_-	CDS
TIGR4_NEG_SP_0987-931495-r	CDS
NEG_SPV_0867_D39V_882630_+	CDS
TIGR4_NEG_SP_2186-2105657-r	CDS
NEG_SPV_1016_D39V_931533_-	CDS
TIGR4_NEG_SP_0368-341973-f	CDS
NEG_SPV_0581_D39V_609334_+	CDS
NEG_SPV_1677_D39V_1692745_-	CDS
TIGR4_NEG_SP_1094-1028412-r	CDS
NEG_SPV_0292_D39V_292339_-	CDS
NEG_SPV_1004_D39V_947994_-	CDS
NEG_SPV_1351_D39V_1364295_-	CDS
NEG_SPV_1029_D39V_908452_+	CDS
NEG_SPV_0685_D39V_699764_-	CDS
TIGR4_NEG_SP_1270-1203453-r	CDS
NEG_SPV_1062_D39V_1089449_-	CDS
NEG_SPV_0185_D39V_189535_+	CDS
NEG_SPV_0953_D39V_997476_-	CDS
NEG_SPV_0250_D39V_243880_-	CDS
TIGR4_NEG_SP_0445-417989-f	CDS
TIGR4_NEG_SP_0483-465325-f	CDS
NEG_SPV_1012_D39V_937561_-	CDS
NEG_SPV_1238_D39V_1268761_-	CDS
NEG_SPV_1240_D39V_1270427_-	CDS
TIGR4_NEG_SP_2192-2113155-r	CDS
TIGR4_NEG_SP_0496-475985-r	CDS
TIGR4_NEG_SP_0065-70670-f	CDS
NEG_SPV_1178_D39V_1208260_-	CDS
TIGR4_NEG_SP_1402-1325342-r	CDS
NEG_SPV_0961_D39V_988815_-	CDS
NEG_SPV_1758_D39V_1754969_-	CDS
TIGR4_NEG_SP_0777-733106-f	CDS
TIGR4_NEG_SP_0401-381612-r	CDS
NEG_SPV_1545_D39V_1568248_-	CDS
TIGR4_NEG_SP_1763-1666172-r	CDS
NEG_SPV_0330_D39V_330375_+	CDS
NEG_SPV_0335_D39V_340218_+	CDS
TIGR4_NEG_SP_1736-1640574-r	CDS
NEG_SPV_0099_D39V_101262_+	CDS
NEG_SPV_1834_D39V_1820405_-	CDS
TIGR4_NEG_SP_1244-1176498-r	CDS
TIGR4_NEG_SP_0696-665336-f	CDS
NEG_SPV_1060_D39V_1085727_-	CDS
NEG_SPV_1848_D39V_1834243_-	CDS
NEG_SPV_1001_D39V_953023_-	CDS
NEG_SPV_1966_D39V_1936528_+	CDS
TIGR4_NEG_SP_2144-2056964-r	CDS
TIGR4_NEG_SP_2101-2012162-r	CDS
TIGR4_NEG_SP_2030-1936538-r	CDS
NEG_SPV_0562_D39V_584010_+	CDS
TIGR4_NEG_SP_1360-1282796-r	CDS
TIGR4_NEG_SP_1237-1167850-r	CDS
NEG_SPV_2297_D39V_1064418_-	CDS
TIGR4_NEG_SP_0570-536082-f	CDS
NEG_SPV_0621_D39V_643892_+	CDS
NEG_SPV_1912_D39V_1884553_+	CDS
TIGR4_NEG_SP_2108-2021510-f	CDS
TIGR4_NEG_SP_0955-904566-f	CDS
NEG_SPV_0306_D39V_303166_+	CDS
TIGR4_NEG_SP_1726-1630947-r	CDS
TIGR4_NEG_SP_1981-1885878-r	CDS
TIGR4_NEG_SP_1372-1295298-r	CDS
NEG_SPV_0482_D39V_491529_+	CDS
NEG_SPV_1384_D39V_1405523_+	CDS
NEG_SPV_1900_D39V_1870736_-	CDS
NEG_SPV_0424_D39V_427595_+	CDS
NEG_SPV_0600_D39V_626252_+	CDS
NEG_SPV_1936_D39V_1910861_+	CDS
NEG_SPV_0880_D39V_894098_+	CDS
NEG_SPV_1582_D39V_1598968_-	CDS
NEG_SPV_0371_D39V_376186_+	CDS
TIGR4_NEG_SP_0784-737445-r	CDS
NEG_SPV_1979_D39V_1955527_+	CDS
TIGR4_NEG_SP_1114-1044000-f	CDS
TIGR4_NEG_SP_0290-269277-f	CDS
NEG_SPV_0038_D39V_33525_+	CDS
TIGR4_NEG_SP_1785-1702992-r	CDS
NEG_SPV_0984_D39V_967918_-	CDS
NEG_SPV_0812_D39V_830549_+	CDS
TIGR4_NEG_SP_0071-75411-f	CDS
TIGR4_NEG_SP_2093-2001505-f	CDS
NEG_SPV_0586_D39V_613188_+	CDS
NEG_SPV_1542_D39V_1565281_-	CDS
NEG_SPV_1582_D39V_1599558_-	CDS
NEG_SPV_1432_D39V_1449004_-	CDS
NEG_SPV_0958_D39V_990897_-	CDS
TIGR4_NEG_SP_0368-342383-f	CDS
NEG_SPV_1986_D39V_1960658_-	CDS
TIGR4_NEG_SP_0729-694062-f	CDS
TIGR4_NEG_SP_0975-920786-f	CDS
TIGR4_NEG_SP_1937-1841155-r	CDS
TIGR4_NEG_SP_2022-1928356-f	CDS
NEG_SPV_1863_D39V_1843136_-	CDS
NEG_SPV_0043_D39V_38423_+	CDS
NEG_SPV_0656_D39V_674493_+	CDS
TIGR4_NEG_SP_0159-156802-r	CDS
TIGR4_NEG_SP_0013-13880-f	CDS
NEG_SPV_1865_D39V_1844659_-	CDS
NEG_SPV_1896_D39V_1866655_-	CDS
TIGR4_NEG_SP_1811-1724582-r	CDS
TIGR4_NEG_SP_0336-307370-f	CDS
NEG_SPV_1213_D39V_1243519_-	CDS
NEG_SPV_0444_D39V_450489_+	CDS
NEG_SPV_1977_D39V_1952208_+	CDS
NEG_SPV_1680_D39V_1697163_+	CDS
NEG_SPV_1007_D39V_943410_-	CDS
TIGR4_NEG_SP_1772-1678927-r	CDS
TIGR4_NEG_SP_0965-911435-f	CDS
TIGR4_NEG_SP_1615-1515819-r	CDS
NEG_SPV_0983_D39V_969131_-	CDS
TIGR4_NEG_SP_1662-1563882-r	CDS
TIGR4_NEG_SP_1299-1231130-f	CDS
NEG_SPV_0254_D39V_253670_+	CDS
TIGR4_NEG_SP_1094-1028182-r	CDS
TIGR4_NEG_SP_1817-1730420-r	CDS
TIGR4_NEG_SP_0689-661419-f	CDS
NEG_SPV_0308_D39V_307937_+	CDS
TIGR4_NEG_SP_2022-1928096-f	CDS
TIGR4_NEG_SP_1343-1266678-r	CDS
NEG_SPV_0469_D39V_479589_+	CDS
NEG_SPV_1752_D39V_1746536_+	CDS
NEG_SPV_0325_D39V_324924_+	CDS
NEG_SPV_1125_D39V_1156795_-	CDS
NEG_SPV_1215_D39V_1246601_+	CDS
NEG_SPV_0702_D39V_716403_+	CDS
NEG_SPV_0657_D39V_675907_+	CDS
NEG_SPV_1218_D39V_1250995_-	CDS
NEG_SPV_2311_D39V_1145497_-	CDS
NEG_SPV_0225_D39V_216132_-	CDS
NEG_SPV_0247_D39V_239713_+	CDS
NEG_SPV_1399_D39V_1419574_-	CDS
NEG_SPV_1077_D39V_1104281_-	CDS
TIGR4_NEG_SP_1568-1475837-r	CDS
NEG_SPV_1590_D39V_1607804_+	CDS
NEG_SPV_1018_D39V_921955_-	CDS
TIGR4_NEG_SP_0006-7412-f	CDS
TIGR4_NEG_SP_1180-1118787-f	CDS
NEG_SPV_1071_D39V_1097123_-	CDS
TIGR4_NEG_SP_1176-1114128-r	CDS
NEG_SPV_0822_D39V_841722_+	CDS
NEG_SPV_1458_D39V_1471572_-	CDS
NEG_SPV_1594_D39V_1610870_-	CDS
TIGR4_NEG_SP_1221-1152698-r	CDS
NEG_SPV_0863_D39V_878558_+	CDS
NEG_SPV_0890_D39V_1058919_-	CDS
TIGR4_NEG_SP_0664-638931-f	CDS
TIGR4_NEG_SP_2231-2152377-f	CDS
NEG_SPV_0631_D39V_652337_+	CDS
NEG_SPV_1077_D39V_1103801_-	CDS
TIGR4_NEG_SP_1116-1046627-f	CDS
TIGR4_NEG_SP_1850-1758098-r	CDS
NEG_SPV_1504_D39V_1523861_-	CDS
NEG_SPV_0414_D39V_415688_+	CDS
NEG_SPV_2022_D39V_2001317_-	CDS
TIGR4_NEG_SP_RS02290-444356-f	CDS
TIGR4_NEG_SP_0568-534175-f	CDS
NEG_SPV_1742_D39V_1737032_-	CDS
TIGR4_NEG_SP_0120-124325-f	CDS
NEG_SPV_0685_D39V_700414_-	CDS
NEG_SPV_1084_D39V_1114540_-	CDS
NEG_SPV_0618_D39V_639838_-	CDS
NEG_SPV_1927_D39V_1898745_-	CDS
NEG_SPV_1136_D39V_1169808_-	CDS
TIGR4_NEG_SP_1225-1157662-r	CDS
NEG_SPV_0969_D39V_981045_-	CDS
NEG_SPV_0367_D39V_372340_-	CDS
NEG_SPV_1210_D39V_1239971_-	CDS
TIGR4_NEG_SP_0648-621032-f	CDS
TIGR4_NEG_SP_0229-202887-f	CDS
NEG_SPV_1182_D39V_1214236_-	CDS
NEG_SPV_2141_D39V_298367_+	CDS
NEG_SPV_1038_D39V_1065429_-	CDS
TIGR4_NEG_SP_0788-742685-f	CDS
NEG_SPV_2047_D39V_2024709_-	CDS
NEG_SPV_1005_D39V_945701_-	CDS
NEG_SPV_2085_D39V_40593_-	CDS
NEG_SPV_0148_D39V_153899_+	CDS
NEG_SPV_0577_D39V_603884_+	CDS
NEG_SPV_1819_D39V_1804015_-	CDS
TIGR4_NEG_SP_0045-48910-f	CDS
TIGR4_NEG_SP_2235-2156155-r	CDS
TIGR4_NEG_SP_1083-1019108-f	CDS
TIGR4_NEG_SP_1960-1865965-r	CDS
NEG_SPV_1877_D39V_1855936_-	CDS
NEG_SPV_0274_D39V_273084_+	CDS
NEG_SPV_0632_D39V_653728_-	CDS
NEG_SPV_2058_D39V_2036869_+	CDS
NEG_SPV_1046_D39V_1076266_-	CDS
TIGR4_NEG_SP_1243-1175225-f	CDS
TIGR4_NEG_SP_0463-441962-f	CDS
TIGR4_NEG_SP_RS07460-1423081-r	CDS
TIGR4_NEG_SP_0058-64310-r	CDS
NEG_SPV_0254_D39V_252770_+	CDS
TIGR4_NEG_SP_2021-1926707-f	CDS
TIGR4_NEG_SP_0479-460248-r	CDS
TIGR4_NEG_SP_1739-1644081-r	CDS
TIGR4_NEG_SP_0965-912145-f	CDS
NEG_SPV_0898_D39V_1052474_-	CDS
TIGR4_NEG_SP_1219-1148090-r	CDS
TIGR4_NEG_SP_0314-289790-f	CDS
NEG_SPV_0053_D39V_51423_+	CDS
NEG_SPV_0782_D39V_795842_+	CDS
NEG_SPV_0453_D39V_459198_+	CDS
NEG_SPV_0239_D39V_230570_+	CDS
TIGR4_NEG_SP_1841-1752298-r	CDS
TIGR4_NEG_SP_1152-1079369-f	CDS
NEG_SPV_0178_D39V_183847_+	CDS
NEG_SPV_0945_D39V_1008369_-	CDS
TIGR4_NEG_SP_0274-251978-f	CDS
NEG_SPV_1029_D39V_909542_+	CDS
NEG_SPV_0411_D39V_412435_-	CDS
NEG_SPV_0080_D39V_81595_+	CDS
TIGR4_NEG_SP_0847-794164-f	CDS
TIGR4_NEG_SP_1534-1445022-r	CDS
TIGR4_NEG_SP_1631-1530666-f	CDS
NEG_SPV_0308_D39V_307567_+	CDS
NEG_SPV_1663_D39V_1675187_-	CDS
NEG_SPV_1210_D39V_1240161_-	CDS
NEG_SPV_0248_D39V_240864_+	CDS
TIGR4_NEG_SP_0955-903746-f	CDS
TIGR4_NEG_SP_1542-1450582-r	CDS
NEG_SPV_1607_D39V_1622551_-	CDS
TIGR4_NEG_SP_0259-231820-f	CDS
NEG_SPV_1347_D39V_1361240_-	CDS
TIGR4_NEG_SP_1721-1624657-r	CDS
NEG_SPV_0080_D39V_83965_+	CDS
TIGR4_NEG_SP_2065-1965886-r	CDS
NEG_SPV_1076_D39V_1103088_-	CDS
TIGR4_NEG_SP_1898-1805935-r	CDS
TIGR4_NEG_SP_0406-386404-f	CDS
TIGR4_NEG_SP_1551-1459245-r	CDS
TIGR4_NEG_SP_2107-2019883-r	CDS
TIGR4_NEG_SP_1244-1177098-r	CDS
NEG_SPV_0542_D39V_556975_+	CDS
TIGR4_NEG_SP_1016-960938-r	CDS
NEG_SPV_1109_D39V_1143133_-	CDS
NEG_SPV_0231_D39V_220444_+	CDS
TIGR4_NEG_SP_1961-1869395-r	CDS
NEG_SPV_1612_D39V_1627828_-	CDS
NEG_SPV_0782_D39V_795042_+	CDS
TIGR4_NEG_SP_1399-1322653-r	CDS
NEG_SPV_1655_D39V_1669286_-	CDS
NEG_SPV_0107_D39V_106980_+	CDS
TIGR4_NEG_SP_0019-23062-f	CDS
TIGR4_NEG_SP_0746-707232-f	CDS
TIGR4_NEG_SP_RS12150-1130880-r	CDS
TIGR4_NEG_SP_1777-1695481-f	CDS
TIGR4_NEG_SP_0266-239900-f	CDS
NEG_SPV_1016_D39V_930553_-	CDS
TIGR4_NEG_SP_0787-740762-f	CDS
TIGR4_NEG_SP_0498-478649-f	CDS
TIGR4_NEG_SP_0282-260559-r	CDS
TIGR4_NEG_SP_RS12110-1022271-f	CDS
NEG_SPV_1561_D39V_1581501_-	CDS
TIGR4_NEG_SP_1960-1865885-r	CDS
NEG_SPV_1267_D39V_1296730_+	CDS
TIGR4_NEG_SP_0754-713409-f	CDS
TIGR4_NEG_SP_1014-958393-f	CDS
TIGR4_NEG_SP_0875-822897-f	CDS
NEG_SPV_1747_D39V_1740110_+	CDS
NEG_SPV_1254_D39V_1283277_-	CDS
NEG_SPV_0458_D39V_468179_+	CDS
TIGR4_NEG_SP_1767-1671497-r	CDS
TIGR4_NEG_SP_1152-1081059-f	CDS
NEG_SPV_1829_D39V_1815061_-	CDS
NEG_SPV_1098_D39V_1129656_+	CDS
NEG_SPV_0746_D39V_759614_+	CDS
TIGR4_NEG_SP_0618-586907-f	CDS
NEG_SPV_0193_D39V_196941_+	CDS
NEG_SPV_1644_D39V_1659615_-	CDS
NEG_SPV_2050_D39V_2026573_-	CDS
NEG_SPV_1969_D39V_1938158_-	CDS
NEG_SPV_1582_D39V_1599338_-	CDS
NEG_SPV_1572_D39V_1591392_-	CDS
NEG_SPV_1940_D39V_1914444_-	CDS
TIGR4_NEG_SP_1601-1505114-r	CDS
TIGR4_NEG_SP_0045-47710-f	CDS
NEG_SPV_0973_D39V_976514_-	CDS
TIGR4_NEG_SP_0200-188301-f	CDS
NEG_SPV_1338_D39V_1354458_-	CDS
TIGR4_NEG_SP_1518-1425961-r	CDS
TIGR4_NEG_SP_1057-994204-f	CDS
NEG_SPV_0955_D39V_994734_-	CDS
TIGR4_NEG_SP_1673-1573836-r	CDS
NEG_SPV_1677_D39V_1692895_-	CDS
NEG_SPV_1788_D39V_1784509_-	CDS
NEG_SPV_0234_D39V_222380_+	CDS
NEG_SPV_0123_D39V_126015_+	CDS
TIGR4_NEG_SP_0200-187831-f	CDS
NEG_SPV_0895_D39V_1054748_-	CDS
TIGR4_NEG_SP_0523-503506-f	CDS
NEG_SPV_0555_D39V_567589_+	CDS
NEG_SPV_1001_D39V_951693_-	CDS
NEG_SPV_1108_D39V_1141820_-	CDS
NEG_SPV_1061_D39V_1087789_-	CDS
NEG_SPV_0874_D39V_889584_+	CDS
NEG_SPV_0396_D39V_398034_-	CDS
TIGR4_NEG_SP_0797-751547-f	CDS
NEG_SPV_0698_D39V_711497_+	CDS
TIGR4_NEG_SP_1772-1683857-r	CDS
TIGR4_NEG_SP_1154-1088121-f	CDS
TIGR4_NEG_SP_1891-1797302-r	CDS
TIGR4_NEG_SP_1213-1143699-r	CDS
NEG_SPV_0388_D39V_391854_+	CDS
TIGR4_NEG_SP_0137-136333-f	CDS
NEG_SPV_0404_D39V_406272_+	CDS
NEG_SPV_1853_D39V_1837321_-	CDS
TIGR4_NEG_SP_1290-1225165-f	CDS
NEG_SPV_1764_D39V_1762958_-	CDS
NEG_SPV_1669_D39V_1682932_-	CDS
TIGR4_NEG_SP_1151-1076747-f	CDS
NEG_SPV_0266_D39V_265701_-	CDS
TIGR4_NEG_SP_0056-58671-f	CDS
NEG_SPV_1643_D39V_1658712_-	CDS
NEG_SPV_1758_D39V_1753829_-	CDS
NEG_SPV_0596_D39V_622400_+	CDS
TIGR4_NEG_SP_1940-1844273-r	CDS
TIGR4_NEG_SP_2114-2027948-r	CDS
TIGR4_NEG_SP_0278-256460-f	CDS
TIGR4_NEG_SP_0045-46690-f	CDS
NEG_SPV_0913_D39V_1040183_-	CDS
NEG_SPV_0397_D39V_399526_-	CDS
TIGR4_NEG_SP_1052-989397-f	CDS
NEG_SPV_1102_D39V_1133604_-	CDS
TIGR4_NEG_SP_1960-1864915-r	CDS
NEG_SPV_0706_D39V_721444_+	CDS
NEG_SPV_1295_D39V_1315185_+	CDS
TIGR4_NEG_SP_0101-103145-r	CDS
TIGR4_NEG_SP_2075-1983666-r	CDS
NEG_SPV_0862_D39V_876401_+	CDS
NEG_SPV_1597_D39V_1614078_-	CDS
NEG_SPV_0427_D39V_430907_+	CDS
NEG_SPV_1136_D39V_1169728_-	CDS
NEG_SPV_1297_D39V_1316605_-	CDS
NEG_SPV_0953_D39V_998216_-	CDS
NEG_SPV_1752_D39V_1746716_+	CDS
NEG_SPV_0950_D39V_1003143_-	CDS
TIGR4_NEG_SP_0764-723441-f	CDS
NEG_SPV_0361_D39V_365348_+	CDS
NEG_SPV_0382_D39V_386746_+	CDS
TIGR4_NEG_SP_2056-1956629-r	CDS
NEG_SPV_0265_D39V_264533_-	CDS
TIGR4_NEG_SP_0892-840315-f	CDS
NEG_SPV_0575_D39V_597692_+	CDS
TIGR4_NEG_SP_0517-498495-f	CDS
NEG_SPV_1504_D39V_1523671_-	CDS
NEG_SPV_0495_D39V_502808_+	CDS
NEG_SPV_1749_D39V_1741355_+	CDS
NEG_SPV_0541_D39V_555787_+	CDS
NEG_SPV_0469_D39V_479409_+	CDS
NEG_SPV_1335_D39V_1351222_-	CDS
TIGR4_NEG_SP_0556-524254-f	CDS
NEG_SPV_0153_D39V_158359_+	CDS
TIGR4_NEG_SP_0593-563693-f	CDS
NEG_SPV_0360_D39V_362945_+	CDS
TIGR4_NEG_SP_0347-321834-f	CDS
NEG_SPV_0097_D39V_97419_-	CDS
TIGR4_NEG_SP_1762-1664872-r	CDS
NEG_SPV_0824_D39V_843747_+	CDS
NEG_SPV_1025_D39V_913580_+	CDS
NEG_SPV_0774_D39V_787316_+	CDS
TIGR4_NEG_SP_0686-657017-f	CDS
TIGR4_NEG_SP_0409-389483-f	CDS
NEG_SPV_0939_D39V_1016097_+	CDS
NEG_SPV_1080_D39V_1112114_-	CDS
NEG_SPV_1413_D39V_1432025_-	CDS
NEG_SPV_2052_D39V_2028886_-	CDS
NEG_SPV_1047_D39V_1076941_-	CDS
TIGR4_NEG_SP_0011-11311-f	CDS
NEG_SPV_1622_D39V_1639678_-	CDS
NEG_SPV_0577_D39V_603484_+	CDS
TIGR4_NEG_SP_0648-618032-f	CDS
TIGR4_NEG_SP_1336-1259105-r	CDS
NEG_SPV_1599_D39V_1615655_-	CDS
TIGR4_NEG_SP_1933-1837652-r	CDS
TIGR4_NEG_SP_1812-1726061-r	CDS
NEG_SPV_1201_D39V_1230643_-	CDS
NEG_SPV_1668_D39V_1681846_-	CDS
TIGR4_NEG_SP_1772-1679067-r	CDS
TIGR4_NEG_SP_0498-476659-f	CDS
TIGR4_NEG_SP_2208-2128814-r	CDS
NEG_SPV_0063_D39V_63937_-	CDS
TIGR4_NEG_SP_0742-704407-r	CDS
NEG_SPV_0336_D39V_342638_-	CDS
NEG_SPV_0887_D39V_898108_+	CDS
NEG_SPV_1877_D39V_1856666_-	CDS
NEG_SPV_0532_D39V_543995_+	CDS
NEG_SPV_0950_D39V_1002933_-	CDS
TIGR4_NEG_SP_1667-1567288-r	CDS
NEG_SPV_1079_D39V_1108695_-	CDS
TIGR4_NEG_SP_0839-787210-r	CDS
NEG_SPV_0752_D39V_765571_+	CDS
NEG_SPV_0964_D39V_986561_-	CDS
TIGR4_NEG_SP_0648-621572-f	CDS
NEG_SPV_0784_D39V_797298_+	CDS
NEG_SPV_1300_D39V_1319725_+	CDS
NEG_SPV_1654_D39V_1668357_-	CDS
TIGR4_NEG_SP_0585-555319-f	CDS
NEG_SPV_1876_D39V_1855595_-	CDS
TIGR4_NEG_SP_1812-1726321-r	CDS
TIGR4_NEG_SP_0581-549961-f	CDS
NEG_SPV_1165_D39V_1193221_-	CDS
TIGR4_NEG_SP_1179-1117020-f	CDS
TIGR4_NEG_SP_1398-1321599-r	CDS
NEG_SPV_1131_D39V_1163397_-	CDS
TIGR4_NEG_SP_0825-775461-f	CDS
TIGR4_NEG_SP_0459-433198-f	CDS
NEG_SPV_0626_D39V_648212_+	CDS
NEG_SPV_0558_D39V_570664_+	CDS
TIGR4_NEG_SP_1152-1079289-f	CDS
NEG_SPV_1004_D39V_947854_-	CDS
TIGR4_NEG_SP_0820-771118-r	CDS
NEG_SPV_0444_D39V_453349_+	CDS
TIGR4_NEG_SP_1749-1650907-r	CDS
TIGR4_NEG_SP_0835-784173-f	CDS
TIGR4_NEG_SP_1961-1867495-r	CDS
NEG_SPV_1486_D39V_1502253_-	CDS
NEG_SPV_1974_D39V_1948106_-	CDS
TIGR4_NEG_SP_2063-1963974-r	CDS
TIGR4_NEG_SP_0686-657427-f	CDS
NEG_SPV_0822_D39V_841832_+	CDS
NEG_SPV_0270_D39V_269833_+	CDS
TIGR4_NEG_SP_1344-1268721-r	CDS
TIGR4_NEG_SP_RS10215-1924930-r	CDS
NEG_SPV_1562_D39V_1582574_-	CDS
TIGR4_NEG_SP_0620-588956-r	CDS
NEG_SPV_0285_D39V_283337_+	CDS
TIGR4_NEG_SP_0498-477049-f	CDS
NEG_SPV_0448_D39V_457577_+	CDS
NEG_SPV_0786_D39V_801204_-	CDS
NEG_SPV_1171_D39V_1200756_-	CDS
TIGR4_NEG_SP_1902-1817038-f	CDS
NEG_SPV_1970_D39V_1940402_-	CDS
TIGR4_NEG_SP_0274-253928-f	CDS
NEG_SPV_0985_D39V_967410_-	CDS
NEG_SPV_0622_D39V_644963_+	CDS
TIGR4_NEG_SP_0932-886301-f	CDS
NEG_SPV_0308_D39V_307717_+	CDS
TIGR4_NEG_SP_1702-1607652-r	CDS
NEG_SPV_1479_D39V_1495529_-	CDS
NEG_SPV_0254_D39V_251770_+	CDS
NEG_SPV_1862_D39V_1842272_-	CDS
NEG_SPV_1038_D39V_1065219_-	CDS
TIGR4_NEG_SP_1374-1297090-r	CDS
NEG_SPV_2009_D39V_1986782_+	CDS
NEG_SPV_0994_D39V_961018_-	CDS
TIGR4_NEG_SP_1898-1805295-r	CDS
NEG_SPV_1979_D39V_1954757_+	CDS
TIGR4_NEG_SP_1631-1531386-f	CDS
TIGR4_NEG_SP_1201-1135046-r	CDS
NEG_SPV_0579_D39V_607523_+	CDS
TIGR4_NEG_SP_1772-1680477-r	CDS
NEG_SPV_0253_D39V_249815_+	CDS
NEG_SPV_0858_D39V_873482_+	CDS
TIGR4_NEG_SP_1247-1180680-r	CDS
NEG_SPV_1761_D39V_1760464_-	CDS
NEG_SPV_0321_D39V_320840_+	CDS
NEG_SPV_0454_D39V_463959_-	CDS
NEG_SPV_1272_D39V_1299843_-	CDS
NEG_SPV_0187_D39V_192783_+	CDS
NEG_SPV_1250_D39V_1279898_-	CDS
NEG_SPV_0558_D39V_574034_+	CDS
NEG_SPV_1331_D39V_1346505_-	CDS
NEG_SPV_0336_D39V_341508_-	CDS
NEG_SPV_1017_D39V_927815_-	CDS
NEG_SPV_1840_D39V_1826129_-	CDS
TIGR4_NEG_SP_1645-1543381-r	CDS
TIGR4_NEG_SP_1580-1485915-r	CDS
NEG_SPV_1446_D39V_1463095_-	CDS
NEG_SPV_1109_D39V_1142943_-	CDS
NEG_SPV_0577_D39V_603394_+	CDS
NEG_SPV_0442_D39V_445089_+	CDS
TIGR4_NEG_SP_1898-1805225-r	CDS
NEG_SPV_0280_D39V_278619_+	CDS
TIGR4_NEG_SP_0400-379211-f	CDS
NEG_SPV_1128_D39V_1160031_+	CDS
NEG_SPV_1179_D39V_1211063_-	CDS
NEG_SPV_0778_D39V_791890_+	CDS
NEG_SPV_1629_D39V_1644838_+	CDS
NEG_SPV_0976_D39V_973986_+	CDS
NEG_SPV_0083_D39V_86605_+	CDS
NEG_SPV_1878_D39V_1857766_-	CDS
NEG_SPV_0169_D39V_173214_-	CDS
NEG_SPV_1376_D39V_1394872_-	CDS
NEG_SPV_1514_D39V_1537417_-	CDS
TIGR4_NEG_SP_0261-233552-f	CDS
NEG_SPV_2037_D39V_2016786_+	CDS
NEG_SPV_0110_D39V_110545_+	CDS
NEG_SPV_1376_D39V_1390142_-	CDS
NEG_SPV_1542_D39V_1565341_-	CDS
NEG_SPV_0428_D39V_431738_+	CDS
NEG_SPV_1588_D39V_1607397_+	CDS
NEG_SPV_1961_D39V_1930961_-	CDS
TIGR4_NEG_SP_0614-582109-f	CDS
NEG_SPV_1767_D39V_1766192_-	CDS
TIGR4_NEG_SP_0071-77781-f	CDS
NEG_SPV_1158_D39V_1187680_+	CDS
NEG_SPV_0063_D39V_60787_-	CDS
TIGR4_NEG_SP_1244-1176938-r	CDS
TIGR4_NEG_SP_0498-477099-f	CDS
NEG_SPV_1447_D39V_1464438_+	CDS
NEG_SPV_0162_D39V_167416_-	CDS
NEG_SPV_0330_D39V_330575_+	CDS
NEG_SPV_1677_D39V_1693365_-	CDS
TIGR4_NEG_SP_0496-475635-r	CDS
TIGR4_NEG_SP_1262-1194574-f	CDS
NEG_SPV_0927_D39V_1023950_-	CDS
TIGR4_NEG_SP_0212-195305-f	CDS
NEG_SPV_0112_D39V_112750_-	CDS
NEG_SPV_1762_D39V_1762314_-	CDS
NEG_SPV_2419_D39V_1729555_-	CDS
NEG_SPV_0006_D39V_6825_+	CDS
NEG_SPV_0371_D39V_374536_+	CDS
NEG_SPV_0510_D39V_521842_+	CDS
NEG_SPV_0119_D39V_122409_+	CDS
TIGR4_NEG_SP_1087-1024275-f	CDS
TIGR4_NEG_SP_0032-32225-f	CDS
NEG_SPV_1969_D39V_1938458_-	CDS
NEG_SPV_1167_D39V_1195973_-	CDS
NEG_SPV_0396_D39V_397324_-	CDS
NEG_SPV_0532_D39V_544705_+	CDS
NEG_SPV_1553_D39V_1576354_-	CDS
TIGR4_NEG_SP_1703-1609361-r	CDS
TIGR4_NEG_SP_2027-1933786-r	CDS
NEG_SPV_0361_D39V_364478_+	CDS
TIGR4_NEG_SP_0865-812694-f	CDS
NEG_SPV_1302_D39V_1320681_+	CDS
TIGR4_NEG_SP_1767-1672087-r	CDS
TIGR4_NEG_SP_1645-1543441-r	CDS
NEG_SPV_2171_D39V_471919_+	CDS
TIGR4_NEG_SP_1623-1524958-r	CDS
TIGR4_NEG_SP_1383-1306717-r	CDS
NEG_SPV_1678_D39V_1694146_-	CDS
TIGR4_NEG_SP_0186-177857-f	CDS
NEG_SPV_1877_D39V_1856366_-	CDS
NEG_SPV_0514_D39V_527144_+	CDS
NEG_SPV_1029_D39V_908742_+	CDS
NEG_SPV_0908_D39V_1044768_-	CDS
TIGR4_NEG_SP_0144-142342-f	CDS
TIGR4_NEG_SP_1371-1294793-r	CDS
NEG_SPV_1357_D39V_1371807_-	CDS
TIGR4_NEG_SP_0987-931765-r	CDS
NEG_SPV_1958_D39V_1927023_-	CDS
NEG_SPV_1100_D39V_1131620_+	CDS
TIGR4_NEG_SP_0950-898969-f	CDS
TIGR4_NEG_SP_0908-861109-f	CDS
NEG_SPV_1080_D39V_1111604_-	CDS
NEG_SPV_1925_D39V_1894344_-	CDS
NEG_SPV_0437_D39V_442290_+	CDS
TIGR4_NEG_SP_0445-418439-f	CDS
NEG_SPV_0741_D39V_754135_+	CDS
NEG_SPV_1132_D39V_1166606_-	CDS
TIGR4_NEG_SP_0557-526271-f	CDS
NEG_SPV_1376_D39V_1393262_-	CDS
TIGR4_NEG_SP_1671-1571640-r	CDS
NEG_SPV_1487_D39V_1505160_+	CDS
TIGR4_NEG_SP_1489-1400256-r	CDS
NEG_SPV_1216_D39V_1248695_-	CDS
TIGR4_NEG_SP_1124-1059005-f	CDS
NEG_SPV_0749_D39V_763618_+	CDS
TIGR4_NEG_SP_1505-1414397-r	CDS
NEG_SPV_0444_D39V_452129_+	CDS
NEG_SPV_0176_D39V_182180_+	CDS
NEG_SPV_0760_D39V_771389_+	CDS
TIGR4_NEG_SP_0103-104868-f	CDS
NEG_SPV_0367_D39V_371930_-	CDS
TIGR4_NEG_SP_2108-2021590-f	CDS
TIGR4_NEG_SP_0741-703413-r	CDS
TIGR4_NEG_SP_1615-1515879-r	CDS
NEG_SPV_0634_D39V_654661_+	CDS
NEG_SPV_1707_D39V_1708736_-	CDS
NEG_SPV_1911_D39V_1883947_+	CDS
NEG_SPV_0821_D39V_838988_+	CDS
TIGR4_NEG_SP_0394-372520-f	CDS
TIGR4_NEG_SP_0250-219383-f	CDS
NEG_SPV_0980_D39V_971614_+	CDS
TIGR4_NEG_SP_0737-700254-r	CDS
TIGR4_NEG_SP_1004-949143-f	CDS
NEG_SPV_1326_D39V_1341865_+	CDS
TIGR4_NEG_SP_1478-1391605-r	CDS
TIGR4_NEG_SP_1565-1473620-r	CDS
TIGR4_NEG_SP_1854-1762471-f	CDS
TIGR4_NEG_SP_0768-727514-f	CDS
TIGR4_NEG_SP_0153-150882-r	CDS
NEG_SPV_0558_D39V_571314_+	CDS
TIGR4_NEG_SP_1263-1195705-r	CDS
NEG_SPV_1096_D39V_1125925_-	CDS
NEG_SPV_0678_D39V_696736_+	CDS
TIGR4_NEG_SP_1874-1778744-r	CDS
NEG_SPV_1103_D39V_1134412_-	CDS
NEG_SPV_0829_D39V_847411_+	CDS
TIGR4_NEG_SP_0616-583745-f	CDS
TIGR4_NEG_SP_1772-1686767-r	CDS
TIGR4_NEG_SP_1182-1120187-f	CDS
TIGR4_NEG_SP_1517-1424978-r	CDS
NEG_SPV_2370_D39V_1469395_-	CDS
NEG_SPV_0964_D39V_987021_-	CDS
TIGR4_NEG_SP_1478-1391385-r	CDS
NEG_SPV_1038_D39V_1066139_-	CDS
TIGR4_NEG_SP_1893-1798516-r	CDS
NEG_SPV_0294_D39V_294041_+	CDS
NEG_SPV_1985_D39V_1958781_-	CDS
TIGR4_NEG_SP_2097-2005037-r	CDS
TIGR4_NEG_SP_1451-1370722-r	CDS
NEG_SPV_0306_D39V_303746_+	CDS
NEG_SPV_1335_D39V_1350442_-	CDS
NEG_SPV_1649_D39V_1664545_+	CDS
NEG_SPV_0324_D39V_323970_+	CDS
NEG_SPV_0969_D39V_980935_-	CDS
TIGR4_NEG_SP_2090-1998408-r	CDS
NEG_SPV_1286_D39V_1309736_+	CDS
NEG_SPV_0569_D39V_591257_+	CDS
NEG_SPV_1263_D39V_1291733_+	CDS
NEG_SPV_1761_D39V_1760774_-	CDS
NEG_SPV_0917_D39V_1033940_-	CDS
NEG_SPV_1536_D39V_1560196_-	CDS
NEG_SPV_2014_D39V_1992189_-	CDS
NEG_SPV_0511_D39V_522535_+	CDS
NEG_SPV_1833_D39V_1818499_+	CDS
TIGR4_NEG_SP_2190-2111555-r	CDS
TIGR4_NEG_SP_2156-2070226-r	CDS
NEG_SPV_0111_D39V_111040_+	CDS
NEG_SPV_0494_D39V_501527_+	CDS
NEG_SPV_1631_D39V_1646159_-	CDS
NEG_SPV_1738_D39V_1732489_-	CDS
NEG_SPV_0399_D39V_401427_+	CDS
NEG_SPV_2022_D39V_2002617_-	CDS
NEG_SPV_0911_D39V_1041865_-	CDS
NEG_SPV_0700_D39V_714074_+	CDS
TIGR4_NEG_SP_1382-1305233-f	CDS
NEG_SPV_0172_D39V_176071_+	CDS
TIGR4_NEG_SP_1374-1297270-r	CDS
TIGR4_NEG_SP_0498-477949-f	CDS
NEG_SPV_1755_D39V_1750487_+	CDS
NEG_SPV_1590_D39V_1607774_+	CDS
TIGR4_NEG_SP_1438-1357978-f	CDS
NEG_SPV_1502_D39V_1520528_-	CDS
NEG_SPV_1752_D39V_1745596_+	CDS
TIGR4_NEG_SP_2057-1958013-r	CDS
NEG_SPV_1761_D39V_1760954_-	CDS
NEG_SPV_1021_D39V_918673_-	CDS
NEG_SPV_0973_D39V_977594_-	CDS
NEG_SPV_2141_D39V_297617_+	CDS
NEG_SPV_1131_D39V_1163897_-	CDS
NEG_SPV_0909_D39V_1044115_-	CDS
TIGR4_NEG_SP_0463-441632-f	CDS
TIGR4_NEG_SP_0619-587921-f	CDS
TIGR4_NEG_SP_1151-1078007-f	CDS
NEG_SPV_1567_D39V_1586334_+	CDS
TIGR4_NEG_SP_0413-393186-r	CDS
NEG_SPV_1759_D39V_1759129_-	CDS
TIGR4_NEG_SP_1429-1347667-r	CDS
TIGR4_NEG_SP_1747-1649231-r	CDS
TIGR4_NEG_SP_RS05970-1146717-r	CDS
TIGR4_NEG_SP_0498-479689-f	CDS
NEG_SPV_1158_D39V_1188500_+	CDS
TIGR4_NEG_SP_0462-439948-f	CDS
NEG_SPV_1759_D39V_1758849_-	CDS
TIGR4_NEG_SP_1767-1670907-r	CDS
NEG_SPV_0783_D39V_796348_+	CDS
NEG_SPV_2037_D39V_2016586_+	CDS
NEG_SPV_1798_D39V_1793140_-	CDS
NEG_SPV_0343_D39V_348258_+	CDS
NEG_SPV_0862_D39V_876131_+	CDS
NEG_SPV_0285_D39V_284227_+	CDS
TIGR4_NEG_SP_1534-1444932-r	CDS
TIGR4_NEG_SP_0999-940506-f	CDS
TIGR4_NEG_SP_2145-2059486-f	CDS
NEG_SPV_0953_D39V_998246_-	CDS
TIGR4_NEG_SP_1840-1750887-r	CDS
TIGR4_NEG_SP_1754-1655439-f	CDS
TIGR4_NEG_SP_0082-87458-f	CDS
NEG_SPV_0494_D39V_501467_+	CDS
TIGR4_NEG_SP_0994-936757-f	CDS
NEG_SPV_0368_D39V_372926_-	CDS
NEG_SPV_1909_D39V_1881776_+	CDS
NEG_SPV_1995_D39V_1971255_-	CDS
TIGR4_NEG_SP_0781-735403-r	CDS
NEG_SPV_1742_D39V_1736802_-	CDS
NEG_SPV_0310_D39V_310355_-	CDS
TIGR4_NEG_SP_2171-2089571-r	CDS
TIGR4_NEG_SP_1837-1746442-r	CDS
NEG_SPV_1520_D39V_1544048_-	CDS
NEG_SPV_0596_D39V_620980_+	CDS
TIGR4_NEG_SP_2131-2042873-r	CDS
NEG_SPV_0596_D39V_621800_+	CDS
NEG_SPV_1956_D39V_1925158_-	CDS
NEG_SPV_1786_D39V_1783058_-	CDS
TIGR4_NEG_SP_0469-448098-r	CDS
NEG_SPV_0781_D39V_794118_+	CDS
TIGR4_NEG_SP_1994-1897509-r	CDS
TIGR4_NEG_SP_0825-775061-f	CDS
NEG_SPV_0987_D39V_964700_+	CDS
TIGR4_NEG_SP_0408-388213-f	CDS
TIGR4_NEG_SP_1650-1550056-f	CDS
TIGR4_NEG_SP_1780-1698178-r	CDS
NEG_SPV_1042_D39V_1070756_+	CDS
NEG_SPV_1233_D39V_1265987_-	CDS
NEG_SPV_1515_D39V_1538081_-	CDS
TIGR4_NEG_SP_1227-1159525-r	CDS
NEG_SPV_0445_D39V_454338_+	CDS
NEG_SPV_0285_D39V_283797_+	CDS
TIGR4_NEG_SP_1176-1114448-r	CDS
TIGR4_NEG_SP_0096-98551-f	CDS
NEG_SPV_0423_D39V_426014_-	CDS
TIGR4_NEG_SP_0391-369981-f	CDS
NEG_SPV_1465_D39V_1481942_-	CDS
NEG_SPV_0385_D39V_390100_+	CDS
TIGR4_NEG_SP_0508-489452-r	CDS
TIGR4_NEG_SP_0890-838556-f	CDS
NEG_SPV_1426_D39V_1445242_-	CDS
NEG_SPV_1792_D39V_1787735_-	CDS
NEG_SPV_1204_D39V_1233913_-	CDS
TIGR4_NEG_SP_1182-1120237-f	CDS
NEG_SPV_1759_D39V_1756479_-	CDS
NEG_SPV_0070_D39V_70979_+	CDS
TIGR4_NEG_SP_1095-1029027-r	CDS
NEG_SPV_0890_D39V_1059759_-	CDS
TIGR4_NEG_SP_1960-1863055-r	CDS
TIGR4_NEG_SP_2021-1926777-f	CDS
NEG_SPV_0038_D39V_31945_+	CDS
NEG_SPV_0765_D39V_776420_+	CDS
NEG_SPV_1200_D39V_1229670_-	CDS
NEG_SPV_0128_D39V_132533_+	CDS
NEG_SPV_0700_D39V_714284_+	CDS
TIGR4_NEG_SP_0266-240710-f	CDS
TIGR4_NEG_SP_0517-497965-f	CDS
TIGR4_NEG_SP_1901-1816065-r	CDS
TIGR4_NEG_SP_1154-1085301-f	CDS
NEG_SPV_1546_D39V_1570546_-	CDS
NEG_SPV_1280_D39V_1306614_-	CDS
TIGR4_NEG_SP_0873-821066-f	CDS
NEG_SPV_1847_D39V_1832495_-	CDS
TIGR4_NEG_SP_0704-670857-f	CDS
TIGR4_NEG_SP_0605-571914-f	CDS
NEG_SPV_1902_D39V_1872669_-	CDS
TIGR4_NEG_SP_0568-533805-f	CDS
NEG_SPV_0461_D39V_473307_+	CDS
NEG_SPV_1353_D39V_1368410_-	CDS
NEG_SPV_0258_D39V_257882_+	CDS
NEG_SPV_0287_D39V_285691_+	CDS
TIGR4_NEG_SP_0711-675871-r	CDS
NEG_SPV_0494_D39V_500257_+	CDS
NEG_SPV_1423_D39V_1442586_-	CDS
NEG_SPV_1025_D39V_913300_+	CDS
TIGR4_NEG_SP_0113-114969-f	CDS
NEG_SPV_2017_D39V_1996730_-	CDS
NEG_SPV_0957_D39V_991889_-	CDS
TIGR4_NEG_SP_0338-311923-f	CDS
TIGR4_NEG_SP_0060-65815-f	CDS
NEG_SPV_1265_D39V_1295323_+	CDS
TIGR4_NEG_SP_0627-594458-f	CDS
NEG_SPV_1495_D39V_1512229_-	CDS
NEG_SPV_0698_D39V_711717_+	CDS
NEG_SPV_0397_D39V_399576_-	CDS
TIGR4_NEG_SP_1505-1414567-r	CDS
TIGR4_NEG_SP_0406-385754-f	CDS
TIGR4_NEG_SP_0605-572094-f	CDS
NEG_SPV_0423_D39V_425544_-	CDS
NEG_SPV_0521_D39V_531916_+	CDS
NEG_IGR_D39V_0139	IGR
NEG_IGR_TIGR4_0051	IGR
NEG_IGR_TIGR4_0939	IGR
NEG_IGR_D39V_1041	IGR
NEG_IGR_D39V_0379	IGR
NEG_IGR_TIGR4_0450	IGR
NEG_IGR_D39V_1048	IGR
NEG_IGR_TIGR4_1142	IGR
NEG_IGR_TIGR4_1338	IGR
NEG_IGR_TIGR4_0475	IGR
NEG_IGR_TIGR4_1276	IGR
NEG_IGR_TIGR4_0134	IGR
NEG_IGR_TIGR4_0425	IGR
NEG_IGR_D39V_1028	IGR
NEG_IGR_D39V_0442	IGR
NEG_IGR_TIGR4_1186	IGR
NEG_IGR_D39V_0218	IGR
NEG_IGR_TIGR4_0232	IGR
NEG_IGR_D39V_0743	IGR
NEG_IGR_TIGR4_0716	IGR
NEG_IGR_D39V_0148	IGR
NEG_IGR_TIGR4_0872	IGR
NEG_IGR_D39V_0189	IGR
NEG_IGR_D39V_0418	IGR
NEG_IGR_TIGR4_0318	IGR
NEG_IGR_TIGR4_0518	IGR
NEG_IGR_D39V_0159	IGR
NEG_IGR_D39V_0233	IGR
NEG_IGR_TIGR4_0040	IGR
NEG_IGR_D39V_0320	IGR
NEG_IGR_D39V_0362	IGR
NEG_IGR_TIGR4_1390	IGR
NEG_IGR_D39V_0930	IGR
NEG_IGR_TIGR4_1622	IGR
NEG_IGR_TIGR4_0215	IGR
NEG_IGR_TIGR4_0673	IGR
NEG_IGR_TIGR4_0599	IGR
NEG_IGR_TIGR4_0557	IGR
NEG_IGR_TIGR4_0493	IGR
NEG_IGR_TIGR4_0578	IGR
NEG_IGR_TIGR4_0591	IGR
NEG_IGR_D39V_0274	IGR
NEG_IGR_D39V_0231	IGR
NEG_IGR_TIGR4_0461	IGR
NEG_IGR_TIGR4_0005	IGR
NEG_IGR_TIGR4_1278	IGR
NEG_IGR_D39V_0696	IGR
NEG_IGR_TIGR4_0439	IGR
NEG_IGR_D39V_0101	IGR
NEG_IGR_TIGR4_0272	IGR
NEG_IGR_D39V_0791	IGR
NEG_IGR_D39V_1092	IGR
NEG_IGR_D39V_0113	IGR
NEG_IGR_D39V_0705	IGR
NEG_IGR_TIGR4_0336	IGR
NEG_IGR_D39V_0030	IGR
NEG_IGR_TIGR4_0878	IGR
NEG_IGR_TIGR4_0198	IGR
NEG_IGR_D39V_0999	IGR
NEG_IGR_D39V_0775	IGR
NEG_IGR_TIGR4_0625	IGR
NEG_IGR_TIGR4_1091	IGR
NEG_IGR_TIGR4_1427	IGR
NEG_IGR_TIGR4_1525	IGR
NEG_IGR_D39V_0495	IGR
NEG_IGR_TIGR4_0901	IGR
NEG_IGR_D39V_0544	IGR
NEG_IGR_TIGR4_0167	IGR
NEG_IGR_TIGR4_1610	IGR
NEG_IGR_D39V_0043	IGR
NEG_IGR_D39V_0971	IGR
NEG_IGR_D39V_0372	IGR
NEG_IGR_D39V_0918	IGR
NEG_IGR_D39V_0625	IGR
NEG_IGR_D39V_0264	IGR
NEG_IGR_TIGR4_1254	IGR
NEG_IGR_TIGR4_0266	IGR
NEG_IGR_D39V_0257	IGR
NEG_IGR_TIGR4_0355	IGR
NEG_IGR_D39V_0380	IGR
NEG_IGR_D39V_0572	IGR
NEG_IGR_D39V_0984	IGR
NEG_IGR_D39V_1018	IGR
NEG_IGR_D39V_0969	IGR
NEG_IGR_D39V_1022	IGR
NEG_IGR_D39V_0527	IGR
NEG_IGR_TIGR4_0799	IGR
NEG_IGR_TIGR4_0299	IGR
NEG_IGR_D39V_0807	IGR
NEG_IGR_TIGR4_1214	IGR
NEG_IGR_TIGR4_0610	IGR
NEG_IGR_D39V_0005	IGR
NEG_IGR_D39V_0881	IGR
NEG_IGR_D39V_0808	IGR
NEG_IGR_TIGR4_1204	IGR
NEG_IGR_D39V_0689	IGR
NEG_IGR_D39V_0432	IGR
NEG_IGR_TIGR4_1267	IGR
NEG_IGR_D39V_0429	IGR
NEG_IGR_D39V_0004	IGR
NEG_IGR_D39V_0466	IGR
NEG_IGR_TIGR4_1447	IGR
NEG_IGR_TIGR4_1478	IGR
NEG_IGR_D39V_0755	IGR
NEG_IGR_D39V_1061	IGR
NEG_IGR_TIGR4_0678	IGR
NEG_IGR_TIGR4_1432	IGR
NEG_IGR_D39V_0350	IGR
NEG_IGR_TIGR4_0836	IGR
NEG_IGR_TIGR4_0112	IGR
NEG_IGR_TIGR4_1081	IGR
NEG_IGR_D39V_0840	IGR
NEG_IGR_D39V_0587	IGR
NEG_IGR_D39V_0407	IGR
NEG_IGR_TIGR4_0260	IGR
NEG_IGR_TIGR4_1583	IGR
NEG_IGR_TIGR4_1666	IGR
NEG_IGR_TIGR4_0211	IGR
NEG_IGR_TIGR4_1393	IGR
NEG_IGR_TIGR4_1557	IGR
NEG_IGR_TIGR4_0933	IGR
NEG_IGR_TIGR4_1117	IGR
NEG_IGR_TIGR4_1408	IGR
NEG_IGR_D39V_0620	IGR
NEG_IGR_D39V_0111	IGR
NEG_IGR_TIGR4_0479	IGR
NEG_IGR_D39V_0082	IGR
NEG_IGR_TIGR4_1134	IGR
NEG_IGR_D39V_0887	IGR
NEG_IGR_D39V_0459	IGR
NEG_IGR_D39V_0697	IGR
NEG_IGR_TIGR4_1124	IGR
NEG_IGR_TIGR4_0999	IGR
NEG_IGR_TIGR4_0955	IGR
NEG_IGR_TIGR4_1689	IGR
NEG_IGR_TIGR4_0338	IGR
NEG_IGR_D39V_0754	IGR
NEG_IGR_D39V_0590	IGR
NEG_IGR_TIGR4_0662	IGR
NEG_IGR_D39V_0439	IGR
NEG_IGR_TIGR4_0896	IGR
NEG_IGR_D39V_0120	IGR
NEG_IGR_TIGR4_0009	IGR
NEG_IGR_D39V_0250	IGR
NEG_IGR_D39V_0118	IGR
NEG_IGR_D39V_0338	IGR
NEG_IGR_TIGR4_0368	IGR
NEG_IGR_D39V_0414	IGR
NEG_IGR_D39V_0893	IGR
NEG_IGR_TIGR4_1675	IGR
NEG_IGR_TIGR4_1418	IGR
NEG_IGR_D39V_0301	IGR
NEG_IGR_TIGR4_0645	IGR
NEG_IGR_TIGR4_0693	IGR
NEG_IGR_TIGR4_0895	IGR
NEG_IGR_D39V_0842	IGR
NEG_IGR_TIGR4_1503	IGR
NEG_IGR_TIGR4_1122	IGR
NEG_IGR_D39V_0479	IGR
NEG_IGR_D39V_0385	IGR
NEG_IGR_D39V_0658	IGR
NEG_IGR_D39V_0870	IGR
NEG_IGR_D39V_0053	IGR
NEG_IGR_TIGR4_1135	IGR
NEG_IGR_TIGR4_0598	IGR
NEG_IGR_D39V_0561	IGR
NEG_IGR_TIGR4_1625	IGR
NEG_IGR_TIGR4_0392	IGR
NEG_IGR_TIGR4_0059	IGR
NEG_IGR_D39V_0873	IGR
NEG_IGR_D39V_0237	IGR
NEG_IGR_TIGR4_0399	IGR
NEG_IGR_D39V_0024	IGR
NEG_IGR_TIGR4_0252	IGR
NEG_IGR_D39V_0371	IGR
NEG_IGR_TIGR4_0629	IGR
NEG_IGR_TIGR4_1213	IGR
NEG_IGR_TIGR4_0100	IGR
NEG_IGR_D39V_0534	IGR
NEG_IGR_D39V_0263	IGR
NEG_IGR_D39V_0488	IGR
NEG_IGR_TIGR4_0639	IGR
NEG_IGR_TIGR4_0623	IGR
NEG_IGR_TIGR4_0984	IGR
NEG_IGR_D39V_0222	IGR
NEG_IGR_TIGR4_1157	IGR
NEG_IGR_D39V_0945	IGR
NEG_IGR_TIGR4_1119	IGR
NEG_IGR_TIGR4_0452	IGR
NEG_IGR_TIGR4_0390	IGR
NEG_IGR_D39V_0102	IGR
NEG_IGR_TIGR4_0150	IGR
NEG_IGR_TIGR4_0496	IGR
NEG_IGR_TIGR4_0191	IGR
NEG_IGR_TIGR4_0606	IGR
NEG_IGR_D39V_0995	IGR
NEG_IGR_TIGR4_1312	IGR
NEG_IGR_TIGR4_0965	IGR
NEG_IGR_TIGR4_1035	IGR
NEG_IGR_D39V_0416	IGR
NEG_IGR_TIGR4_1459	IGR
NEG_IGR_D39V_0906	IGR
NEG_IGR_TIGR4_1082	IGR
NEG_IGR_D39V_0458	IGR
NEG_IGR_TIGR4_1544	IGR
NEG_IGR_TIGR4_0944	IGR
NEG_IGR_TIGR4_0816	IGR
NEG_IGR_TIGR4_1468	IGR
NEG_IGR_TIGR4_1078	IGR
NEG_IGR_TIGR4_0205	IGR
NEG_IGR_TIGR4_0768	IGR
NEG_IGR_TIGR4_1637	IGR
NEG_IGR_D39V_0866	IGR
NEG_IGR_TIGR4_0046	IGR
NEG_IGR_D39V_0525	IGR
NEG_IGR_D39V_1055	IGR
NEG_IGR_TIGR4_1051	IGR
NEG_IGR_TIGR4_0535	IGR
NEG_IGR_D39V_0508	IGR
NEG_IGR_TIGR4_1655	IGR
NEG_IGR_TIGR4_1661	IGR
NEG_IGR_TIGR4_0145	IGR
NEG_IGR_D39V_0577	IGR
NEG_IGR_TIGR4_0658	IGR
NEG_IGR_D39V_1064	IGR
NEG_IGR_TIGR4_0349	IGR
NEG_IGR_D39V_0833	IGR
NEG_IGR_TIGR4_0831	IGR
NEG_IGR_TIGR4_0522	IGR
NEG_IGR_TIGR4_0677	IGR
NEG_IGR_D39V_0917	IGR
NEG_IGR_D39V_0049	IGR
NEG_IGR_D39V_0895	IGR
NEG_IGR_TIGR4_1464	IGR
NEG_IGR_TIGR4_0229	IGR
NEG_IGR_TIGR4_0835	IGR
NEG_IGR_D39V_1065	IGR
NEG_IGR_TIGR4_0779	IGR
NEG_IGR_TIGR4_1231	IGR
NEG_IGR_D39V_1034	IGR
NEG_IGR_D39V_0298	IGR
NEG_IGR_TIGR4_1282	IGR
NEG_IGR_TIGR4_1440	IGR
NEG_IGR_D39V_0297	IGR
NEG_IGR_TIGR4_0031	IGR
NEG_IGR_D39V_0059	IGR
NEG_IGR_TIGR4_0469	IGR
NEG_IGR_TIGR4_0715	IGR
NEG_IGR_D39V_0958	IGR
NEG_IGR_TIGR4_1136	IGR
NEG_IGR_TIGR4_0995	IGR
NEG_IGR_D39V_0640	IGR
NEG_IGR_TIGR4_1037	IGR
NEG_IGR_D39V_0072	IGR
NEG_IGR_TIGR4_0151	IGR
NEG_IGR_TIGR4_1151	IGR
NEG_IGR_D39V_0636	IGR
NEG_IGR_D39V_0436	IGR
NEG_IGR_TIGR4_0861	IGR
NEG_IGR_TIGR4_1672	IGR
NEG_IGR_TIGR4_0562	IGR
NEG_IGR_TIGR4_0628	IGR
NEG_IGR_TIGR4_0206	IGR
NEG_IGR_D39V_0409	IGR
NEG_IGR_TIGR4_1108	IGR
NEG_IGR_D39V_0799	IGR
NEG_IGR_TIGR4_0608	IGR
NEG_IGR_D39V_0074	IGR
NEG_IGR_D39V_0546	IGR
NEG_IGR_D39V_0559	IGR
NEG_IGR_TIGR4_0603	IGR
NEG_IGR_D39V_0603	IGR
NEG_IGR_TIGR4_0850	IGR
NEG_IGR_D39V_0776	IGR
NEG_IGR_D39V_0197	IGR
NEG_IGR_TIGR4_0916	IGR
NEG_IGR_TIGR4_0789	IGR
NEG_IGR_TIGR4_0549	IGR
NEG_IGR_TIGR4_0644	IGR
NEG_IGR_D39V_0147	IGR
NEG_IGR_D39V_0295	IGR
NEG_IGR_D39V_0055	IGR
NEG_IGR_TIGR4_1230	IGR
NEG_IGR_D39V_0685	IGR
NEG_IGR_TIGR4_1232	IGR
NEG_IGR_D39V_0694	IGR
NEG_IGR_D39V_0554	IGR
NEG_IGR_D39V_0594	IGR
NEG_IGR_TIGR4_0405	IGR
NEG_IGR_TIGR4_0975	IGR
NEG_IGR_TIGR4_1380	IGR
NEG_IGR_D39V_0673	IGR
NEG_IGR_TIGR4_0284	IGR
NEG_IGR_D39V_0167	IGR
NEG_IGR_TIGR4_1128	IGR
NEG_IGR_D39V_0724	IGR
NEG_IGR_TIGR4_0613	IGR
NEG_IGR_D39V_0542	IGR
NEG_IGR_TIGR4_0174	IGR
NEG_IGR_TIGR4_1272	IGR
NEG_IGR_TIGR4_1216	IGR
NEG_IGR_TIGR4_1363	IGR
NEG_IGR_TIGR4_1252	IGR
NEG_IGR_TIGR4_1302	IGR
NEG_IGR_D39V_0413	IGR
NEG_IGR_D39V_0903	IGR
NEG_IGR_TIGR4_0501	IGR
NEG_IGR_TIGR4_0240	IGR
NEG_IGR_TIGR4_0498	IGR
NEG_IGR_D39V_0099	IGR
NEG_IGR_TIGR4_0196	IGR
NEG_IGR_TIGR4_0705	IGR
NEG_IGR_TIGR4_0665	IGR
NEG_IGR_TIGR4_0164	IGR
NEG_IGR_D39V_1042	IGR
NEG_IGR_TIGR4_0261	IGR
NEG_IGR_D39V_0951	IGR
NEG_IGR_D39V_0265	IGR
NEG_IGR_D39V_0948	IGR
NEG_IGR_TIGR4_1493	IGR
NEG_IGR_D39V_1062	IGR
NEG_IGR_TIGR4_0977	IGR
NEG_IGR_D39V_0943	IGR
NEG_IGR_TIGR4_1200	IGR
NEG_IGR_D39V_0584	IGR
NEG_IGR_TIGR4_0844	IGR
NEG_IGR_TIGR4_0146	IGR
NEG_IGR_D39V_0901	IGR
NEG_IGR_TIGR4_0672	IGR
NEG_IGR_D39V_0693	IGR
NEG_IGR_D39V_0717	IGR
NEG_IGR_TIGR4_0731	IGR
NEG_IGR_TIGR4_1293	IGR
NEG_IGR_D39V_0450	IGR
NEG_IGR_TIGR4_1250	IGR
NEG_IGR_TIGR4_1152	IGR
NEG_IGR_D39V_0460	IGR
NEG_IGR_TIGR4_0503	IGR
NEG_IGR_D39V_0628	IGR
NEG_IGR_TIGR4_0213	IGR
NEG_IGR_D39V_0839	IGR
NEG_IGR_TIGR4_0832	IGR
NEG_IGR_TIGR4_1100	IGR
NEG_IGR_TIGR4_0359	IGR
NEG_IGR_D39V_0289	IGR
NEG_IGR_TIGR4_0398	IGR
NEG_IGR_D39V_0634	IGR
NEG_IGR_TIGR4_1588	IGR
NEG_IGR_TIGR4_0796	IGR
NEG_IGR_D39V_0226	IGR
NEG_IGR_D39V_0135	IGR
NEG_IGR_TIGR4_0778	IGR
NEG_IGR_TIGR4_0193	IGR
NEG_IGR_TIGR4_0510	IGR
NEG_IGR_D39V_0633	IGR
NEG_IGR_TIGR4_1222	IGR
NEG_IGR_TIGR4_0681	IGR
NEG_IGR_D39V_1043	IGR
NEG_IGR_D39V_0199	IGR
NEG_IGR_D39V_0814	IGR
NEG_IGR_D39V_0329	IGR
NEG_IGR_TIGR4_0197	IGR
NEG_IGR_TIGR4_0107	IGR
NEG_IGR_TIGR4_1682	IGR
NEG_IGR_TIGR4_0769	IGR
NEG_IGR_TIGR4_0967	IGR
NEG_IGR_TIGR4_0540	IGR
NEG_IGR_TIGR4_0941	IGR
NEG_IGR_TIGR4_1373	IGR
NEG_IGR_TIGR4_0457	IGR
NEG_IGR_D39V_0684	IGR
NEG_IGR_TIGR4_0669	IGR
NEG_IGR_TIGR4_1225	IGR
NEG_IGR_D39V_0608	IGR
NEG_IGR_D39V_0940	IGR
NEG_IGR_TIGR4_0647	IGR
NEG_IGR_D39V_0395	IGR
NEG_IGR_D39V_0579	IGR
NEG_IGR_TIGR4_1102	IGR
NEG_IGR_TIGR4_1560	IGR
NEG_IGR_D39V_0321	IGR
NEG_IGR_D39V_0399	IGR
NEG_IGR_TIGR4_1362	IGR
NEG_IGR_TIGR4_0339	IGR
NEG_IGR_TIGR4_0819	IGR
NEG_IGR_TIGR4_0821	IGR
NEG_IGR_TIGR4_1068	IGR
NEG_IGR_TIGR4_1092	IGR
NEG_IGR_TIGR4_0364	IGR
NEG_IGR_TIGR4_0517	IGR
NEG_IGR_TIGR4_0345	IGR
NEG_IGR_D39V_1037	IGR
NEG_IGR_TIGR4_0239	IGR
NEG_IGR_TIGR4_0366	IGR
NEG_IGR_D39V_0050	IGR
NEG_IGR_TIGR4_0520	IGR
NEG_IGR_TIGR4_0663	IGR
NEG_IGR_D39V_0145	IGR
NEG_IGR_D39V_1071	IGR
NEG_IGR_TIGR4_0627	IGR
NEG_IGR_TIGR4_1065	IGR
NEG_IGR_TIGR4_1019	IGR
NEG_IGR_TIGR4_1531	IGR
NEG_IGR_D39V_1011	IGR
NEG_IGR_D39V_0357	IGR
NEG_IGR_D39V_1045	IGR
NEG_IGR_D39V_0731	IGR
NEG_IGR_D39V_0835	IGR
NEG_IGR_TIGR4_1693	IGR
NEG_IGR_D39V_0701	IGR
NEG_IGR_D39V_0998	IGR
NEG_IGR_TIGR4_0649	IGR
NEG_IGR_D39V_0223	IGR
NEG_IGR_D39V_1030	IGR
NEG_IGR_TIGR4_0888	IGR
NEG_IGR_TIGR4_0062	IGR
NEG_IGR_D39V_0888	IGR
NEG_IGR_D39V_0016	IGR
NEG_IGR_TIGR4_1219	IGR
NEG_IGR_D39V_0248	IGR
NEG_IGR_TIGR4_0885	IGR
NEG_IGR_TIGR4_0521	IGR
NEG_IGR_TIGR4_0437	IGR
NEG_IGR_D39V_0794	IGR
NEG_IGR_D39V_1040	IGR
NEG_IGR_TIGR4_1564	IGR
NEG_IGR_TIGR4_0938	IGR
NEG_IGR_D39V_0083	IGR
NEG_IGR_D39V_0482	IGR
NEG_IGR_TIGR4_0478	IGR
NEG_IGR_TIGR4_0571	IGR
NEG_IGR_TIGR4_1553	IGR
NEG_IGR_D39V_0501	IGR
NEG_IGR_D39V_0545	IGR
NEG_IGR_TIGR4_1472	IGR
NEG_IGR_TIGR4_1377	IGR
NEG_IGR_TIGR4_0404	IGR
NEG_IGR_TIGR4_0245	IGR
NEG_IGR_TIGR4_0076	IGR
NEG_IGR_TIGR4_0294	IGR
NEG_IGR_TIGR4_1008	IGR
NEG_IGR_TIGR4_0269	IGR
NEG_IGR_TIGR4_1465	IGR
NEG_IGR_TIGR4_0762	IGR
NEG_IGR_D39V_0352	IGR
NEG_IGR_D39V_0389	IGR
NEG_IGR_TIGR4_1638	IGR
NEG_IGR_TIGR4_0499	IGR
NEG_IGR_D39V_0443	IGR
NEG_IGR_D39V_0727	IGR
NEG_IGR_TIGR4_0576	IGR
NEG_IGR_TIGR4_1106	IGR
NEG_IGR_D39V_0637	IGR
NEG_IGR_TIGR4_0923	IGR
NEG_IGR_TIGR4_0226	IGR
NEG_IGR_TIGR4_0495	IGR
NEG_IGR_TIGR4_1495	IGR
NEG_IGR_TIGR4_0093	IGR
NEG_IGR_D39V_0253	IGR
NEG_IGR_D39V_1044	IGR
NEG_IGR_TIGR4_0634	IGR
NEG_IGR_TIGR4_1343	IGR
NEG_IGR_TIGR4_0786	IGR
NEG_IGR_TIGR4_1541	IGR
NEG_IGR_D39V_0552	IGR
NEG_IGR_TIGR4_0523	IGR
NEG_IGR_TIGR4_1195	IGR
NEG_IGR_TIGR4_0727	IGR
NEG_IGR_TIGR4_1652	IGR
NEG_IGR_D39V_0983	IGR
NEG_IGR_D39V_0715	IGR
NEG_IGR_TIGR4_0912	IGR
NEG_IGR_D39V_0520	IGR
NEG_IGR_TIGR4_1221	IGR
NEG_IGR_D39V_0761	IGR
NEG_IGR_TIGR4_1374	IGR
NEG_IGR_TIGR4_1309	IGR
NEG_IGR_D39V_0963	IGR
NEG_IGR_TIGR4_0012	IGR
NEG_IGR_D39V_0521	IGR
NEG_IGR_TIGR4_1433	IGR
NEG_IGR_TIGR4_0313	IGR
NEG_IGR_TIGR4_0186	IGR
NEG_IGR_D39V_1021	IGR
NEG_IGR_TIGR4_1691	IGR
NEG_IGR_D39V_0892	IGR
NEG_IGR_TIGR4_0898	IGR
NEG_IGR_TIGR4_0019	IGR
NEG_IGR_TIGR4_1551	IGR
NEG_IGR_TIGR4_0552	IGR
NEG_IGR_TIGR4_0064	IGR
NEG_IGR_D39V_0596	IGR
NEG_IGR_TIGR4_0161	IGR
NEG_IGR_TIGR4_1116	IGR
NEG_IGR_D39V_0040	IGR
NEG_IGR_D39V_0972	IGR
NEG_IGR_TIGR4_1483	IGR
NEG_IGR_TIGR4_0708	IGR
NEG_IGR_TIGR4_0147	IGR
NEG_IGR_TIGR4_1339	IGR
NEG_IGR_TIGR4_0098	IGR
NEG_IGR_D39V_0960	IGR
NEG_IGR_D39V_0806	IGR
NEG_IGR_TIGR4_0797	IGR
NEG_IGR_TIGR4_0948	IGR
NEG_IGR_TIGR4_1581	IGR
NEG_IGR_D39V_0670	IGR
NEG_IGR_TIGR4_0913	IGR
NEG_IGR_D39V_0163	IGR
NEG_IGR_TIGR4_0109	IGR
NEG_IGR_TIGR4_1095	IGR
NEG_IGR_TIGR4_1112	IGR
NEG_IGR_TIGR4_0230	IGR
NEG_IGR_TIGR4_1420	IGR
NEG_IGR_TIGR4_1577	IGR
NEG_IGR_TIGR4_1085	IGR
NEG_IGR_TIGR4_1283	IGR
NEG_IGR_TIGR4_1024	IGR
NEG_IGR_TIGR4_1647	IGR
NEG_IGR_TIGR4_0724	IGR
NEG_IGR_TIGR4_1320	IGR
NEG_IGR_TIGR4_1516	IGR
NEG_IGR_TIGR4_0949	IGR
NEG_IGR_TIGR4_0014	IGR
NEG_IGR_TIGR4_0507	IGR
NEG_IGR_TIGR4_1643	IGR
NEG_IGR_D39V_0687	IGR
NEG_IGR_TIGR4_0483	IGR
NEG_IGR_D39V_0331	IGR
NEG_IGR_TIGR4_0556	IGR
NEG_IGR_TIGR4_1086	IGR
NEG_IGR_D39V_0104	IGR
NEG_IGR_TIGR4_0687	IGR
NEG_IGR_TIGR4_1115	IGR
NEG_IGR_D39V_0950	IGR
NEG_IGR_D39V_0374	IGR
NEG_IGR_TIGR4_0889	IGR
NEG_IGR_TIGR4_0090	IGR
NEG_IGR_TIGR4_0325	IGR
NEG_IGR_TIGR4_1407	IGR
NEG_IGR_TIGR4_0424	IGR
NEG_IGR_D39V_0332	IGR
NEG_IGR_TIGR4_1449	IGR
NEG_IGR_D39V_0349	IGR
NEG_IGR_TIGR4_0441	IGR
NEG_IGR_TIGR4_1518	IGR
NEG_IGR_TIGR4_1097	IGR
NEG_IGR_D39V_0001	IGR
NEG_IGR_D39V_0490	IGR
NEG_IGR_D39V_0540	IGR
NEG_IGR_D39V_0021	IGR
NEG_IGR_TIGR4_1133	IGR
NEG_IGR_D39V_0841	IGR
NEG_IGR_D39V_0574	IGR
NEG_IGR_D39V_0688	IGR
NEG_IGR_D39V_0039	IGR
NEG_IGR_TIGR4_1333	IGR
NEG_IGR_TIGR4_1509	IGR
NEG_IGR_TIGR4_1530	IGR
NEG_IGR_TIGR4_0472	IGR
NEG_IGR_TIGR4_1353	IGR
NEG_IGR_D39V_0193	IGR
NEG_IGR_D39V_0744	IGR
NEG_IGR_D39V_0361	IGR
NEG_IGR_D39V_0029	IGR
NEG_IGR_TIGR4_0963	IGR
NEG_IGR_TIGR4_1274	IGR
NEG_IGR_TIGR4_1337	IGR
NEG_IGR_D39V_0181	IGR
NEG_IGR_TIGR4_1528	IGR
NEG_IGR_TIGR4_1673	IGR
NEG_IGR_TIGR4_0042	IGR
NEG_IGR_TIGR4_1604	IGR
NEG_IGR_TIGR4_1125	IGR
NEG_IGR_TIGR4_1450	IGR
NEG_IGR_TIGR4_1451	IGR
NEG_IGR_TIGR4_0473	IGR
NEG_IGR_D39V_1012	IGR
NEG_IGR_D39V_0103	IGR
NEG_IGR_D39V_0164	IGR
NEG_IGR_TIGR4_0991	IGR
NEG_IGR_D39V_0695	IGR
NEG_IGR_D39V_0749	IGR
NEG_IGR_D39V_0822	IGR
NEG_IGR_TIGR4_0204	IGR
NEG_IGR_TIGR4_0116	IGR
NEG_IGR_TIGR4_1039	IGR
NEG_IGR_D39V_0225	IGR
NEG_IGR_D39V_0327	IGR
NEG_IGR_D39V_0027	IGR
NEG_IGR_D39V_0185	IGR
NEG_IGR_TIGR4_1456	IGR
NEG_IGR_D39V_0398	IGR
NEG_IGR_D39V_0810	IGR
NEG_IGR_TIGR4_1246	IGR
NEG_IGR_TIGR4_0638	IGR
NEG_IGR_D39V_0353	IGR
NEG_IGR_TIGR4_1609	IGR
NEG_IGR_D39V_0558	IGR
NEG_IGR_D39V_0492	IGR
NEG_IGR_TIGR4_0931	IGR
NEG_IGR_D39V_0630	IGR
NEG_IGR_TIGR4_0960	IGR
NEG_IGR_D39V_0557	IGR
NEG_IGR_D39V_0908	IGR
NEG_IGR_TIGR4_0449	IGR
NEG_IGR_D39V_0205	IGR
NEG_IGR_TIGR4_1442	IGR
NEG_IGR_TIGR4_0902	IGR
NEG_IGR_TIGR4_1334	IGR
NEG_IGR_TIGR4_1191	IGR
NEG_IGR_D39V_0090	IGR
NEG_IGR_D39V_0063	IGR
NEG_IGR_TIGR4_0706	IGR
NEG_IGR_D39V_0667	IGR
NEG_IGR_TIGR4_0970	IGR
NEG_IGR_TIGR4_1550	IGR
NEG_IGR_D39V_0985	IGR
NEG_IGR_TIGR4_1076	IGR
NEG_IGR_TIGR4_0530	IGR
NEG_IGR_TIGR4_0795	IGR
NEG_IGR_TIGR4_0818	IGR
NEG_IGR_D39V_0742	IGR
NEG_IGR_TIGR4_0561	IGR
NEG_IGR_D39V_1076	IGR
NEG_IGR_TIGR4_0506	IGR
NEG_IGR_D39V_0363	IGR
NEG_IGR_TIGR4_1038	IGR
NEG_IGR_D39V_1031	IGR
NEG_IGR_D39V_0392	IGR
NEG_IGR_TIGR4_0790	IGR
NEG_IGR_TIGR4_0739	IGR
NEG_IGR_TIGR4_1678	IGR
NEG_IGR_D39V_0444	IGR
NEG_IGR_D39V_0834	IGR
NEG_IGR_TIGR4_1084	IGR
NEG_IGR_D39V_0052	IGR
NEG_IGR_D39V_0473	IGR
NEG_IGR_D39V_0044	IGR
NEG_IGR_D39V_0126	IGR
NEG_IGR_TIGR4_1210	IGR
NEG_IGR_TIGR4_0361	IGR
NEG_IGR_D39V_0132	IGR
NEG_IGR_TIGR4_0237	IGR
NEG_IGR_TIGR4_1606	IGR
NEG_IGR_TIGR4_0065	IGR
NEG_IGR_D39V_0023	IGR
NEG_IGR_TIGR4_0436	IGR
NEG_IGR_TIGR4_0927	IGR
NEG_IGR_TIGR4_0192	IGR
NEG_IGR_TIGR4_1356	IGR
NEG_IGR_D39V_0733	IGR
NEG_IGR_TIGR4_1319	IGR
NEG_IGR_D39V_0735	IGR
NEG_IGR_D39V_0793	IGR
NEG_IGR_D39V_0203	IGR
NEG_IGR_TIGR4_0759	IGR
NEG_IGR_D39V_0228	IGR
NEG_IGR_D39V_0723	IGR
NEG_IGR_D39V_0825	IGR
NEG_IGR_TIGR4_0736	IGR
NEG_IGR_D39V_1013	IGR
NEG_IGR_D39V_0105	IGR
NEG_IGR_TIGR4_0890	IGR
NEG_IGR_TIGR4_0725	IGR
NEG_IGR_TIGR4_1576	IGR
NEG_IGR_TIGR4_0737	IGR
NEG_IGR_TIGR4_0017	IGR
NEG_IGR_D39V_0712	IGR
NEG_IGR_TIGR4_0155	IGR
NEG_IGR_TIGR4_0656	IGR
NEG_IGR_TIGR4_0084	IGR
NEG_IGR_D39V_0267	IGR
NEG_IGR_TIGR4_0906	IGR
NEG_IGR_TIGR4_0222	IGR
NEG_IGR_TIGR4_1284	IGR
NEG_IGR_TIGR4_1524	IGR
NEG_IGR_D39V_0365	IGR
NEG_IGR_TIGR4_0509	IGR
NEG_IGR_TIGR4_0616	IGR
NEG_IGR_TIGR4_1237	IGR
NEG_IGR_TIGR4_1075	IGR
NEG_IGR_TIGR4_1093	IGR
NEG_IGR_D39V_0042	IGR
NEG_IGR_TIGR4_1677	IGR
NEG_IGR_TIGR4_0323	IGR
NEG_IGR_TIGR4_0412	IGR
NEG_IGR_TIGR4_0866	IGR
NEG_IGR_D39V_0801	IGR
NEG_IGR_D39V_1059	IGR
NEG_IGR_TIGR4_0184	IGR
NEG_IGR_TIGR4_0274	IGR
NEG_IGR_TIGR4_0505	IGR
NEG_IGR_D39V_0213	IGR
NEG_IGR_TIGR4_1020	IGR
NEG_IGR_TIGR4_0077	IGR
NEG_IGR_TIGR4_0667	IGR
NEG_IGR_TIGR4_0620	IGR
NEG_IGR_D39V_0322	IGR
NEG_IGR_D39V_0478	IGR
NEG_IGR_TIGR4_0607	IGR
NEG_IGR_TIGR4_1628	IGR
NEG_IGR_D39V_0109	IGR
NEG_IGR_D39V_0916	IGR
NEG_IGR_D39V_0112	IGR
NEG_IGR_TIGR4_1296	IGR
NEG_IGR_TIGR4_0558	IGR
NEG_IGR_TIGR4_1040	IGR
NEG_IGR_TIGR4_0925	IGR
NEG_IGR_TIGR4_1500	IGR
NEG_IGR_D39V_0909	IGR
NEG_IGR_D39V_1058	IGR
NEG_IGR_D39V_1078	IGR
NEG_IGR_D39V_0914	IGR
NEG_IGR_D39V_0403	IGR
NEG_IGR_TIGR4_1502	IGR
NEG_IGR_TIGR4_1178	IGR
NEG_IGR_TIGR4_1358	IGR
NEG_IGR_TIGR4_0825	IGR
NEG_IGR_D39V_0134	IGR
NEG_IGR_TIGR4_0482	IGR
NEG_IGR_D39V_0446	IGR
NEG_IGR_TIGR4_0094	IGR
NEG_IGR_D39V_0582	IGR
NEG_IGR_D39V_0607	IGR
NEG_IGR_D39V_0077	IGR
NEG_IGR_TIGR4_0177	IGR
NEG_IGR_TIGR4_0718	IGR
NEG_IGR_D39V_0137	IGR
NEG_IGR_TIGR4_1523	IGR
NEG_IGR_D39V_0098	IGR
NEG_IGR_D39V_0595	IGR
NEG_IGR_D39V_1009	IGR
NEG_IGR_D39V_0470	IGR
NEG_IGR_D39V_0872	IGR
NEG_IGR_TIGR4_1017	IGR
NEG_IGR_TIGR4_0783	IGR
NEG_IGR_D39V_0533	IGR
NEG_IGR_TIGR4_0847	IGR
NEG_IGR_TIGR4_0875	IGR
NEG_IGR_TIGR4_0788	IGR
NEG_IGR_TIGR4_1539	IGR
NEG_IGR_TIGR4_0418	IGR
NEG_IGR_TIGR4_1510	IGR
NEG_IGR_D39V_1089	IGR
NEG_IGR_TIGR4_0597	IGR
NEG_IGR_TIGR4_1187	IGR
NEG_IGR_D39V_0244	IGR
NEG_IGR_D39V_0543	IGR
NEG_IGR_TIGR4_0341	IGR
NEG_IGR_D39V_1070	IGR
NEG_IGR_TIGR4_1357	IGR
NEG_IGR_D39V_0745	IGR
NEG_IGR_TIGR4_1687	IGR
NEG_IGR_TIGR4_0180	IGR
NEG_IGR_TIGR4_1077	IGR
NEG_IGR_D39V_0858	IGR
NEG_IGR_TIGR4_1626	IGR
NEG_IGR_D39V_0711	IGR
NEG_IGR_D39V_0652	IGR
NEG_IGR_TIGR4_1236	IGR
NEG_IGR_D39V_0555	IGR
NEG_IGR_TIGR4_0900	IGR
NEG_IGR_TIGR4_0537	IGR
NEG_IGR_D39V_0420	IGR
NEG_IGR_TIGR4_1555	IGR
NEG_IGR_TIGR4_0071	IGR
NEG_IGR_D39V_0252	IGR
NEG_IGR_D39V_0956	IGR
NEG_IGR_D39V_0862	IGR
NEG_IGR_TIGR4_0946	IGR
NEG_IGR_TIGR4_1297	IGR
NEG_IGR_TIGR4_1681	IGR
NEG_IGR_TIGR4_1424	IGR
NEG_IGR_TIGR4_0651	IGR
NEG_IGR_D39V_0249	IGR
NEG_IGR_D39V_0638	IGR
NEG_IGR_D39V_0758	IGR
NEG_IGR_D39V_0312	IGR
NEG_IGR_TIGR4_1208	IGR
NEG_IGR_TIGR4_1183	IGR
NEG_IGR_TIGR4_0845	IGR
NEG_IGR_TIGR4_0182	IGR
NEG_IGR_D39V_0009	IGR
NEG_IGR_TIGR4_0771	IGR
NEG_IGR_TIGR4_0308	IGR
NEG_IGR_TIGR4_0433	IGR
NEG_IGR_D39V_0336	IGR
NEG_IGR_D39V_0319	IGR
NEG_IGR_TIGR4_0133	IGR
NEG_IGR_D39V_0477	IGR
NEG_IGR_D39V_0071	IGR
NEG_IGR_TIGR4_1036	IGR
NEG_IGR_D39V_0823	IGR
NEG_IGR_TIGR4_1281	IGR
NEG_IGR_D39V_0229	IGR
NEG_IGR_TIGR4_1595	IGR
NEG_IGR_TIGR4_0810	IGR
NEG_IGR_D39V_0690	IGR
NEG_IGR_D39V_0515	IGR
NEG_IGR_TIGR4_1429	IGR
NEG_IGR_TIGR4_0181	IGR
NEG_IGR_D39V_0586	IGR
NEG_IGR_D39V_0080	IGR
NEG_IGR_TIGR4_0372	IGR
NEG_IGR_TIGR4_0189	IGR
NEG_IGR_TIGR4_1613	IGR
NEG_IGR_D39V_0427	IGR
NEG_IGR_TIGR4_0101	IGR
NEG_IGR_D39V_0330	IGR
NEG_IGR_TIGR4_0915	IGR
NEG_IGR_TIGR4_1698	IGR
NEG_IGR_TIGR4_0904	IGR
NEG_IGR_D39V_0829	IGR
NEG_IGR_D39V_0732	IGR
NEG_IGR_D39V_1007	IGR
NEG_IGR_D39V_0037	IGR
NEG_IGR_TIGR4_0374	IGR
NEG_IGR_TIGR4_1009	IGR
NEG_IGR_D39V_0393	IGR
NEG_IGR_D39V_0373	IGR
NEG_IGR_D39V_0484	IGR
NEG_IGR_D39V_0048	IGR
NEG_IGR_TIGR4_1671	IGR
NEG_IGR_D39V_0961	IGR
NEG_IGR_D39V_0046	IGR
NEG_IGR_TIGR4_0235	IGR
NEG_IGR_TIGR4_0221	IGR
NEG_IGR_TIGR4_0415	IGR
NEG_IGR_TIGR4_1519	IGR
NEG_IGR_D39V_0894	IGR
NEG_IGR_TIGR4_0919	IGR
NEG_IGR_TIGR4_1256	IGR
NEG_IGR_TIGR4_1294	IGR
NEG_IGR_TIGR4_0676	IGR
NEG_IGR_TIGR4_0987	IGR
NEG_IGR_D39V_0262	IGR
NEG_IGR_TIGR4_0720	IGR
NEG_IGR_TIGR4_0756	IGR
NEG_IGR_D39V_0996	IGR
NEG_IGR_TIGR4_0680	IGR
NEG_IGR_TIGR4_1582	IGR
NEG_IGR_D39V_0890	IGR
NEG_IGR_TIGR4_1507	IGR
NEG_IGR_TIGR4_0840	IGR
NEG_IGR_D39V_0467	IGR
NEG_IGR_D39V_0876	IGR
NEG_IGR_D39V_0079	IGR
NEG_IGR_D39V_0643	IGR
NEG_IGR_TIGR4_1148	IGR
NEG_IGR_TIGR4_0884	IGR
NEG_IGR_TIGR4_1300	IGR
NEG_IGR_TIGR4_0793	IGR
NEG_IGR_TIGR4_1594	IGR
NEG_IGR_TIGR4_1058	IGR
NEG_IGR_TIGR4_1634	IGR
NEG_IGR_D39V_0827	IGR
NEG_IGR_TIGR4_1548	IGR
NEG_IGR_D39V_0031	IGR
NEG_IGR_TIGR4_0997	IGR
NEG_IGR_TIGR4_0570	IGR
NEG_IGR_D39V_0751	IGR
NEG_IGR_TIGR4_1369	IGR
NEG_IGR_D39V_0800	IGR
NEG_IGR_TIGR4_1475	IGR
NEG_IGR_TIGR4_0766	IGR
NEG_IGR_TIGR4_0129	IGR
NEG_IGR_D39V_0171	IGR
NEG_IGR_TIGR4_1324	IGR
NEG_IGR_TIGR4_1238	IGR
NEG_IGR_TIGR4_0037	IGR
NEG_IGR_TIGR4_0465	IGR
NEG_IGR_TIGR4_0238	IGR
NEG_IGR_TIGR4_0631	IGR
NEG_IGR_TIGR4_1467	IGR
NEG_IGR_TIGR4_0254	IGR
NEG_IGR_TIGR4_0924	IGR
NEG_IGR_D39V_0012	IGR
NEG_IGR_D39V_0931	IGR
NEG_IGR_TIGR4_1437	IGR
NEG_IGR_TIGR4_0373	IGR
NEG_IGR_TIGR4_0855	IGR
NEG_IGR_D39V_0123	IGR
NEG_IGR_TIGR4_1435	IGR
NEG_IGR_D39V_0759	IGR
NEG_IGR_D39V_0674	IGR
NEG_IGR_TIGR4_0619	IGR
NEG_IGR_TIGR4_1388	IGR
NEG_IGR_TIGR4_1603	IGR
NEG_IGR_D39V_0057	IGR
NEG_IGR_TIGR4_0328	IGR
NEG_IGR_TIGR4_1275	IGR
NEG_IGR_TIGR4_1348	IGR
NEG_IGR_TIGR4_0698	IGR
NEG_IGR_TIGR4_1265	IGR
NEG_IGR_D39V_0089	IGR
NEG_IGR_D39V_0251	IGR
NEG_IGR_TIGR4_0178	IGR
NEG_IGR_D39V_0245	IGR
NEG_IGR_TIGR4_0153	IGR
NEG_IGR_D39V_1020	IGR
NEG_IGR_TIGR4_1618	IGR
NEG_IGR_D39V_0716	IGR
NEG_IGR_TIGR4_0175	IGR
NEG_IGR_TIGR4_0464	IGR
NEG_IGR_TIGR4_0640	IGR
NEG_IGR_TIGR4_1109	IGR
NEG_IGR_TIGR4_0994	IGR
NEG_IGR_D39V_0855	IGR
NEG_IGR_D39V_0953	IGR
NEG_IGR_D39V_0650	IGR
NEG_IGR_D39V_0601	IGR
NEG_IGR_TIGR4_0528	IGR
NEG_IGR_TIGR4_1556	IGR
NEG_IGR_TIGR4_0203	IGR
NEG_IGR_D39V_1060	IGR
NEG_IGR_TIGR4_1473	IGR
NEG_IGR_TIGR4_0333	IGR
NEG_IGR_TIGR4_1636	IGR
NEG_IGR_TIGR4_0670	IGR
NEG_IGR_TIGR4_0800	IGR
NEG_IGR_TIGR4_1177	IGR
NEG_IGR_TIGR4_0353	IGR
NEG_IGR_TIGR4_1520	IGR
NEG_IGR_D39V_0631	IGR
NEG_IGR_TIGR4_0025	IGR
NEG_IGR_TIGR4_0001	IGR
NEG_IGR_TIGR4_0621	IGR
NEG_IGR_D39V_0085	IGR
NEG_IGR_TIGR4_0312	IGR
NEG_IGR_TIGR4_1489	IGR
NEG_IGR_TIGR4_0427	IGR
NEG_IGR_D39V_0426	IGR
NEG_IGR_TIGR4_0126	IGR
NEG_IGR_TIGR4_1291	IGR
NEG_IGR_D39V_0730	IGR
NEG_IGR_TIGR4_0310	IGR
NEG_IGR_TIGR4_0893	IGR
NEG_IGR_D39V_0519	IGR
NEG_IGR_D39V_0408	IGR
NEG_IGR_D39V_0809	IGR
NEG_IGR_D39V_0062	IGR
NEG_IGR_D39V_0041	IGR
NEG_IGR_D39V_0221	IGR
NEG_IGR_D39V_0269	IGR
NEG_IGR_D39V_0015	IGR
NEG_IGR_TIGR4_0568	IGR
NEG_IGR_D39V_0602	IGR
NEG_IGR_D39V_1035	IGR
NEG_IGR_TIGR4_1614	IGR
NEG_IGR_TIGR4_0367	IGR
NEG_IGR_TIGR4_1341	IGR
NEG_IGR_TIGR4_1176	IGR
NEG_IGR_D39V_0177	IGR
NEG_IGR_D39V_0700	IGR
NEG_IGR_TIGR4_1360	IGR
NEG_IGR_TIGR4_0135	IGR
NEG_IGR_D39V_0431	IGR
NEG_IGR_D39V_0583	IGR
NEG_IGR_D39V_0860	IGR
NEG_IGR_TIGR4_0242	IGR
NEG_IGR_TIGR4_1153	IGR
NEG_IGR_D39V_0136	IGR
NEG_IGR_TIGR4_1512	IGR
NEG_IGR_D39V_0957	IGR
NEG_IGR_TIGR4_1694	IGR
NEG_IGR_D39V_0013	IGR
NEG_IGR_TIGR4_0389	IGR
NEG_IGR_D39V_0541	IGR
NEG_IGR_D39V_0073	IGR
NEG_IGR_D39V_0609	IGR
NEG_IGR_TIGR4_0202	IGR
NEG_IGR_TIGR4_0539	IGR
NEG_IGR_D39V_1053	IGR
NEG_IGR_TIGR4_0761	IGR
NEG_IGR_D39V_0396	IGR
NEG_IGR_TIGR4_0290	IGR
NEG_IGR_TIGR4_1233	IGR
NEG_IGR_D39V_0978	IGR
NEG_IGR_TIGR4_1359	IGR
NEG_IGR_TIGR4_0270	IGR
NEG_IGR_D39V_0803	IGR
NEG_IGR_TIGR4_0650	IGR
NEG_IGR_TIGR4_0532	IGR
NEG_IGR_TIGR4_1292	IGR
NEG_IGR_TIGR4_1536	IGR
NEG_IGR_TIGR4_1196	IGR
NEG_IGR_D39V_0194	IGR
NEG_IGR_TIGR4_0873	IGR
NEG_IGR_D39V_0622	IGR
NEG_IGR_D39V_0531	IGR
NEG_IGR_TIGR4_1110	IGR
NEG_IGR_TIGR4_0983	IGR
NEG_IGR_D39V_0897	IGR
NEG_IGR_TIGR4_0322	IGR
NEG_IGR_TIGR4_1664	IGR
NEG_IGR_TIGR4_0808	IGR
NEG_IGR_TIGR4_0974	IGR
NEG_IGR_TIGR4_1329	IGR
NEG_IGR_D39V_0964	IGR
NEG_IGR_TIGR4_1599	IGR
NEG_IGR_TIGR4_0026	IGR
NEG_IGR_D39V_0623	IGR
NEG_IGR_TIGR4_0719	IGR
NEG_IGR_TIGR4_0776	IGR
NEG_IGR_TIGR4_1455	IGR
NEG_IGR_TIGR4_1559	IGR
NEG_IGR_D39V_1087	IGR
NEG_IGR_D39V_0087	IGR
NEG_IGR_D39V_0661	IGR
NEG_IGR_D39V_0284	IGR
NEG_IGR_TIGR4_1676	IGR
NEG_IGR_D39V_0144	IGR
NEG_IGR_TIGR4_0179	IGR
NEG_IGR_D39V_0323	IGR
NEG_IGR_TIGR4_1574	IGR
NEG_IGR_TIGR4_1185	IGR
NEG_IGR_TIGR4_1327	IGR
NEG_IGR_TIGR4_1598	IGR
NEG_IGR_TIGR4_0297	IGR
NEG_IGR_TIGR4_1695	IGR
NEG_IGR_TIGR4_1335	IGR
NEG_IGR_TIGR4_0300	IGR
NEG_IGR_TIGR4_0442	IGR
NEG_IGR_D39V_0206	IGR
NEG_IGR_D39V_0178	IGR
NEG_IGR_TIGR4_1482	IGR
NEG_IGR_D39V_0907	IGR
NEG_IGR_D39V_0844	IGR
NEG_IGR_D39V_0311	IGR
NEG_IGR_D39V_0437	IGR
NEG_IGR_D39V_0720	IGR
NEG_IGR_TIGR4_1052	IGR
NEG_IGR_TIGR4_0792	IGR
NEG_IGR_D39V_0018	IGR
NEG_IGR_D39V_0141	IGR
NEG_IGR_D39V_0293	IGR
NEG_IGR_TIGR4_0829	IGR
NEG_IGR_TIGR4_0841	IGR
NEG_IGR_D39V_0281	IGR
NEG_IGR_TIGR4_0453	IGR
NEG_IGR_D39V_0753	IGR
NEG_IGR_TIGR4_0646	IGR
NEG_IGR_TIGR4_0376	IGR
NEG_IGR_TIGR4_1376	IGR
NEG_IGR_D39V_0183	IGR
NEG_IGR_D39V_0785	IGR
NEG_IGR_D39V_0469	IGR
NEG_IGR_D39V_0146	IGR
NEG_IGR_D39V_0979	IGR
NEG_IGR_D39V_1080	IGR
NEG_IGR_D39V_0865	IGR
NEG_IGR_D39V_0247	IGR
NEG_IGR_TIGR4_0635	IGR
NEG_IGR_D39V_0017	IGR
NEG_IGR_TIGR4_0110	IGR
NEG_IGR_D39V_0912	IGR
NEG_IGR_D39V_0464	IGR
NEG_IGR_TIGR4_1654	IGR
NEG_IGR_TIGR4_0918	IGR
NEG_IGR_TIGR4_1497	IGR
NEG_IGR_D39V_0438	IGR
NEG_IGR_D39V_0003	IGR
NEG_IGR_D39V_0195	IGR
NEG_IGR_TIGR4_1608	IGR
NEG_IGR_TIGR4_1010	IGR
NEG_IGR_TIGR4_0757	IGR
NEG_IGR_TIGR4_0763	IGR
NEG_IGR_D39V_0812	IGR
NEG_IGR_TIGR4_1490	IGR
NEG_IGR_TIGR4_1405	IGR
NEG_IGR_D39V_0762	IGR
NEG_IGR_TIGR4_0581	IGR
NEG_IGR_TIGR4_1261	IGR
NEG_IGR_TIGR4_0394	IGR
NEG_IGR_TIGR4_0497	IGR
NEG_IGR_TIGR4_1140	IGR
NEG_IGR_D39V_0326	IGR
NEG_IGR_TIGR4_1361	IGR
NEG_IGR_TIGR4_0887	IGR
NEG_IGR_TIGR4_1322	IGR
NEG_IGR_TIGR4_1217	IGR
NEG_IGR_D39V_0002	IGR
NEG_IGR_D39V_0935	IGR
NEG_IGR_TIGR4_1452	IGR
NEG_IGR_TIGR4_1053	IGR
NEG_IGR_TIGR4_1279	IGR
NEG_IGR_TIGR4_0611	IGR
NEG_IGR_D39V_0942	IGR
NEG_IGR_D39V_0204	IGR
NEG_IGR_TIGR4_1190	IGR
NEG_IGR_TIGR4_0565	IGR
NEG_IGR_D39V_0704	IGR
NEG_IGR_TIGR4_1041	IGR
NEG_IGR_D39V_0268	IGR
NEG_IGR_TIGR4_0592	IGR
NEG_IGR_D39V_0581	IGR
NEG_IGR_D39V_0662	IGR
NEG_IGR_TIGR4_0350	IGR
NEG_IGR_TIGR4_0103	IGR
NEG_IGR_TIGR4_0655	IGR
NEG_IGR_TIGR4_0324	IGR
NEG_IGR_TIGR4_0869	IGR
NEG_IGR_D39V_0815	IGR
NEG_IGR_TIGR4_0265	IGR
NEG_IGR_TIGR4_1383	IGR
NEG_IGR_D39V_0734	IGR
NEG_IGR_D39V_0939	IGR
NEG_IGR_TIGR4_0292	IGR
NEG_IGR_D39V_0006	IGR
NEG_IGR_D39V_0671	IGR
NEG_IGR_TIGR4_1166	IGR
NEG_IGR_TIGR4_1345	IGR
NEG_IGR_D39V_0756	IGR
NEG_IGR_D39V_0570	IGR
NEG_IGR_D39V_1056	IGR
NEG_IGR_TIGR4_1436	IGR
NEG_IGR_TIGR4_0897	IGR
NEG_IGR_TIGR4_1597	IGR
NEG_IGR_D39V_0926	IGR
NEG_IGR_TIGR4_0416	IGR
NEG_IGR_D39V_0849	IGR
NEG_IGR_TIGR4_1665	IGR
NEG_IGR_D39V_0292	IGR
NEG_IGR_TIGR4_0118	IGR
NEG_IGR_TIGR4_0298	IGR
NEG_IGR_TIGR4_0067	IGR
NEG_IGR_D39V_0660	IGR
NEG_IGR_D39V_0300	IGR
NEG_IGR_D39V_0512	IGR
NEG_IGR_TIGR4_1631	IGR
NEG_IGR_D39V_0260	IGR
NEG_IGR_D39V_0568	IGR
NEG_IGR_TIGR4_0050	IGR
NEG_IGR_TIGR4_0538	IGR
NEG_IGR_TIGR4_0717	IGR
NEG_IGR_TIGR4_0480	IGR
NEG_IGR_TIGR4_0992	IGR
NEG_IGR_TIGR4_0514	IGR
NEG_IGR_TIGR4_0758	IGR
NEG_IGR_TIGR4_1470	IGR
NEG_IGR_D39V_0663	IGR
NEG_IGR_TIGR4_1069	IGR
NEG_IGR_TIGR4_0006	IGR
NEG_IGR_TIGR4_0978	IGR
NEG_IGR_D39V_1091	IGR
NEG_IGR_TIGR4_0247	IGR
NEG_IGR_D39V_0122	IGR
NEG_IGR_TIGR4_0052	IGR
NEG_IGR_TIGR4_1215	IGR
NEG_IGR_TIGR4_0749	IGR
NEG_IGR_D39V_0340	IGR
NEG_IGR_TIGR4_1048	IGR
NEG_IGR_TIGR4_1316	IGR
NEG_IGR_TIGR4_0287	IGR
NEG_IGR_TIGR4_1288	IGR
NEG_IGR_TIGR4_0903	IGR
NEG_IGR_D39V_0900	IGR
NEG_IGR_TIGR4_0587	IGR
NEG_IGR_TIGR4_0490	IGR
NEG_IGR_D39V_0539	IGR
NEG_IGR_TIGR4_1382	IGR
NEG_IGR_TIGR4_0500	IGR
NEG_IGR_TIGR4_0144	IGR
NEG_IGR_TIGR4_0803	IGR
NEG_IGR_TIGR4_0440	IGR
NEG_IGR_D39V_0871	IGR
NEG_IGR_TIGR4_1169	IGR
NEG_IGR_TIGR4_0021	IGR
NEG_IGR_D39V_0904	IGR
NEG_IGR_D39V_0086	IGR
NEG_IGR_TIGR4_0572	IGR
NEG_IGR_D39V_0752	IGR
NEG_IGR_TIGR4_1566	IGR
NEG_IGR_TIGR4_0402	IGR
NEG_IGR_TIGR4_0149	IGR
NEG_IGR_TIGR4_0908	IGR
NEG_IGR_TIGR4_1568	IGR
NEG_IGR_TIGR4_0132	IGR
NEG_IGR_TIGR4_0028	IGR
NEG_IGR_TIGR4_1667	IGR
NEG_IGR_TIGR4_0481	IGR
NEG_IGR_D39V_0937	IGR
NEG_IGR_TIGR4_0582	IGR
NEG_IGR_TIGR4_0117	IGR
NEG_IGR_TIGR4_1099	IGR
NEG_IGR_D39V_0461	IGR
NEG_IGR_TIGR4_1298	IGR
NEG_IGR_TIGR4_1458	IGR
NEG_IGR_TIGR4_1522	IGR
NEG_IGR_D39V_0452	IGR
NEG_IGR_D39V_0064	IGR
NEG_IGR_TIGR4_1630	IGR
NEG_IGR_TIGR4_1413	IGR
NEG_IGR_TIGR4_1448	IGR
NEG_IGR_TIGR4_0574	IGR
NEG_IGR_TIGR4_1540	IGR
NEG_IGR_TIGR4_1344	IGR
NEG_IGR_D39V_1008	IGR
NEG_IGR_TIGR4_0527	IGR
NEG_IGR_D39V_1014	IGR
NEG_IGR_TIGR4_0700	IGR
NEG_IGR_TIGR4_0053	IGR
NEG_IGR_TIGR4_0444	IGR
NEG_IGR_D39V_0400	IGR
NEG_IGR_D39V_0280	IGR
NEG_IGR_TIGR4_1104	IGR
NEG_IGR_TIGR4_1657	IGR
NEG_IGR_TIGR4_0633	IGR
NEG_IGR_TIGR4_0435	IGR
NEG_IGR_TIGR4_1270	IGR
NEG_IGR_TIGR4_1496	IGR
NEG_IGR_TIGR4_1317	IGR
NEG_IGR_D39V_0288	IGR
NEG_IGR_D39V_0592	IGR
NEG_IGR_TIGR4_0156	IGR
NEG_IGR_D39V_0342	IGR
NEG_IGR_TIGR4_0379	IGR
NEG_IGR_D39V_0355	IGR
NEG_IGR_TIGR4_0823	IGR
NEG_IGR_D39V_0997	IGR
NEG_IGR_TIGR4_1305	IGR
NEG_IGR_TIGR4_1650	IGR
NEG_IGR_D39V_0786	IGR
NEG_IGR_TIGR4_0080	IGR
NEG_IGR_D39V_0283	IGR
NEG_IGR_TIGR4_0124	IGR
NEG_IGR_TIGR4_0934	IGR
NEG_IGR_TIGR4_0152	IGR
NEG_IGR_D39V_1047	IGR
NEG_IGR_D39V_0290	IGR
NEG_IGR_TIGR4_0511	IGR
NEG_IGR_D39V_0375	IGR
NEG_IGR_D39V_0240	IGR
NEG_IGR_D39V_0626	IGR
NEG_IGR_D39V_0489	IGR
NEG_IGR_D39V_0242	IGR
NEG_IGR_TIGR4_0154	IGR
NEG_IGR_TIGR4_1416	IGR
NEG_IGR_TIGR4_0456	IGR
NEG_IGR_TIGR4_0954	IGR
NEG_IGR_D39V_0610	IGR
NEG_IGR_TIGR4_1301	IGR
NEG_IGR_TIGR4_1533	IGR
NEG_IGR_TIGR4_1015	IGR
NEG_IGR_TIGR4_0826	IGR
NEG_IGR_TIGR4_1392	IGR
NEG_IGR_TIGR4_0459	IGR
NEG_IGR_D39V_0804	IGR
NEG_IGR_TIGR4_1002	IGR
NEG_IGR_TIGR4_0370	IGR
NEG_IGR_D39V_0642	IGR
NEG_IGR_D39V_1081	IGR
NEG_IGR_D39V_1003	IGR
NEG_IGR_D39V_0538	IGR
NEG_IGR_TIGR4_0899	IGR
NEG_IGR_TIGR4_1505	IGR
NEG_IGR_D39V_0404	IGR
NEG_IGR_TIGR4_0833	IGR
NEG_IGR_D39V_0750	IGR
NEG_IGR_TIGR4_1486	IGR
NEG_IGR_TIGR4_1118	IGR
NEG_IGR_D39V_0209	IGR
NEG_IGR_TIGR4_0911	IGR
NEG_IGR_D39V_0129	IGR
NEG_IGR_D39V_0571	IGR
NEG_IGR_D39V_0422	IGR
NEG_IGR_TIGR4_1006	IGR
NEG_IGR_D39V_0010	IGR
NEG_IGR_TIGR4_0710	IGR
NEG_IGR_D39V_0880	IGR
NEG_IGR_TIGR4_1391	IGR
NEG_IGR_D39V_0921	IGR
NEG_IGR_D39V_0405	IGR
NEG_IGR_TIGR4_0428	IGR
NEG_IGR_D39V_0060	IGR
NEG_IGR_TIGR4_1325	IGR
NEG_IGR_D39V_0886	IGR
NEG_IGR_D39V_0382	IGR
NEG_IGR_D39V_0378	IGR
NEG_IGR_D39V_0830	IGR
NEG_IGR_D39V_0475	IGR
NEG_IGR_TIGR4_0880	IGR
NEG_IGR_D39V_0874	IGR
NEG_IGR_TIGR4_0049	IGR
NEG_IGR_D39V_0678	IGR
NEG_IGR_TIGR4_1395	IGR
NEG_IGR_TIGR4_1404	IGR
NEG_IGR_D39V_0358	IGR
NEG_IGR_D39V_1057	IGR
NEG_IGR_TIGR4_1061	IGR
NEG_IGR_TIGR4_1067	IGR
NEG_IGR_TIGR4_0742	IGR
NEG_IGR_TIGR4_1326	IGR
NEG_IGR_TIGR4_0814	IGR
NEG_IGR_D39V_0236	IGR
NEG_IGR_D39V_0092	IGR
NEG_IGR_TIGR4_0504	IGR
NEG_IGR_TIGR4_0993	IGR
NEG_IGR_TIGR4_0307	IGR
NEG_IGR_D39V_0927	IGR
NEG_IGR_TIGR4_0286	IGR
NEG_IGR_TIGR4_1182	IGR
NEG_IGR_D39V_0976	IGR
NEG_IGR_TIGR4_0214	IGR
NEG_IGR_TIGR4_1410	IGR
NEG_IGR_TIGR4_0358	IGR
NEG_IGR_TIGR4_1674	IGR
NEG_IGR_TIGR4_1111	IGR
NEG_IGR_D39V_0703	IGR
NEG_IGR_D39V_0639	IGR
NEG_IGR_TIGR4_1318	IGR
NEG_IGR_D39V_0291	IGR
NEG_IGR_D39V_0238	IGR
NEG_IGR_TIGR4_1571	IGR
NEG_IGR_TIGR4_1243	IGR
NEG_IGR_TIGR4_1105	IGR
NEG_IGR_TIGR4_1653	IGR
NEG_IGR_D39V_0989	IGR
NEG_IGR_D39V_0051	IGR
NEG_IGR_TIGR4_1669	IGR
NEG_IGR_D39V_0309	IGR
NEG_IGR_TIGR4_1558	IGR
NEG_IGR_TIGR4_0108	IGR
NEG_IGR_TIGR4_0699	IGR
NEG_IGR_D39V_0802	IGR
NEG_IGR_TIGR4_1138	IGR
NEG_IGR_TIGR4_0891	IGR
NEG_IGR_TIGR4_1515	IGR
NEG_IGR_TIGR4_1054	IGR
NEG_IGR_TIGR4_1205	IGR
NEG_IGR_TIGR4_1073	IGR
NEG_IGR_D39V_1063	IGR
NEG_IGR_TIGR4_0892	IGR
NEG_IGR_TIGR4_1492	IGR
NEG_IGR_D39V_0530	IGR
NEG_IGR_TIGR4_0626	IGR
NEG_IGR_TIGR4_1242	IGR
NEG_IGR_D39V_0217	IGR
NEG_IGR_TIGR4_0319	IGR
NEG_IGR_TIGR4_1624	IGR
NEG_IGR_D39V_0819	IGR
NEG_IGR_TIGR4_0686	IGR
NEG_IGR_TIGR4_1271	IGR
NEG_IGR_TIGR4_0056	IGR
NEG_IGR_TIGR4_0770	IGR
NEG_IGR_TIGR4_0157	IGR
NEG_IGR_TIGR4_0976	IGR
NEG_IGR_D39V_0341	IGR
NEG_IGR_D39V_0728	IGR
NEG_IGR_TIGR4_0249	IGR
NEG_IGR_TIGR4_1277	IGR
NEG_IGR_D39V_0224	IGR
NEG_IGR_D39V_0175	IGR
NEG_IGR_TIGR4_0548	IGR
NEG_IGR_TIGR4_1623	IGR
NEG_IGR_TIGR4_0907	IGR
NEG_IGR_TIGR4_0630	IGR
NEG_IGR_D39V_0076	IGR
NEG_IGR_TIGR4_0016	IGR
NEG_IGR_D39V_0857	IGR
NEG_IGR_TIGR4_1426	IGR
NEG_IGR_D39V_1095	IGR
NEG_IGR_D39V_0821	IGR
NEG_IGR_TIGR4_0095	IGR
NEG_IGR_TIGR4_0311	IGR
NEG_IGR_TIGR4_0369	IGR
NEG_IGR_TIGR4_1308	IGR
NEG_IGR_TIGR4_1438	IGR
NEG_IGR_TIGR4_0494	IGR
NEG_IGR_D39V_0867	IGR
NEG_IGR_TIGR4_0397	IGR
NEG_IGR_TIGR4_0251	IGR
NEG_IGR_TIGR4_1401	IGR
NEG_IGR_D39V_0496	IGR
NEG_IGR_TIGR4_0657	IGR
NEG_IGR_TIGR4_0200	IGR
NEG_IGR_D39V_0286	IGR
NEG_IGR_TIGR4_0596	IGR
NEG_IGR_TIGR4_0281	IGR
NEG_IGR_TIGR4_0852	IGR
NEG_IGR_TIGR4_0857	IGR
NEG_IGR_TIGR4_0356	IGR
NEG_IGR_TIGR4_1144	IGR
NEG_IGR_D39V_0430	IGR
NEG_IGR_D39V_0946	IGR
NEG_IGR_D39V_0056	IGR
NEG_IGR_TIGR4_0029	IGR
NEG_IGR_TIGR4_1259	IGR
NEG_IGR_TIGR4_0998	IGR
NEG_IGR_TIGR4_0115	IGR
NEG_IGR_D39V_0410	IGR
NEG_IGR_TIGR4_0856	IGR
NEG_IGR_TIGR4_1699	IGR
NEG_IGR_D39V_0748	IGR
NEG_IGR_TIGR4_0822	IGR
NEG_IGR_TIGR4_0564	IGR
NEG_IGR_TIGR4_0787	IGR
NEG_IGR_D39V_0668	IGR
