Sequence_ID	Slager_2018_Regulatory_Class	Sigma_Factor_Assignment	Has_Minus35_Signal	Has_Extended_Minus10_Signal	Has_Standard_Minus10_Signal	Has_ComX_CINbox_Signal
TSS_1_D39V_2971_+	RpoD_Complete_Bipartite_With_Extended_Minus10	SigA	True	True	True	False
TSS_2_D39V_8311_+	RpoD_Extended_Minus10_Only	SigA	False	True	True	False
TSS_3_D39V_9760_-	RpoD_Standard_Minus10_Only	SigA	False	False	True	False
TSS_4_D39V_11583_+	RpoD_Complete_Bipartite_With_Extended_Minus10	SigA	True	True	True	False
TSS_5_D39V_14240_+	Orphan_Unassigned	Unassigned	False	False	False	False
TSS_6_D39V_14809_+	RpoD_Complete_Bipartite_Standard	SigA	True	False	True	False
TSS_7_D39V_15002_+	ComX_SigmaX_Site	SigX	False	True	True	True
TSS_8_D39V_15042_+	Orphan_Unassigned	Unassigned	False	False	False	False
TSS_9_D39V_16855_+	Orphan_Unassigned	Unassigned	False	False	False	False
TSS_10_D39V_16877_+	Orphan_Unassigned	Unassigned	False	False	False	False
TSS_11_D39V_19903_+	Orphan_Unassigned	Unassigned	False	False	False	False
TSS_12_D39V_20225_+	RpoD_Extended_Minus10_Only	SigA	False	True	True	False
TSS_13_D39V_22142_+	RpoD_Extended_Minus10_Only	SigA	False	True	True	False
TSS_14_D39V_22562_+	RpoD_Complete_Bipartite_With_Extended_Minus10	SigA	True	True	True	False
TSS_15_D39V_23967_+	Orphan_Unassigned	Unassigned	False	False	False	False
TSS_16_D39V_24095_+	RpoD_Extended_Minus10_Only	SigA	False	True	True	False
TSS_17_D39V_24632_+	RpoD_Complete_Bipartite_With_Extended_Minus10	SigA	True	True	True	False
TSS_18_D39V_24736_+	ComX_SigmaX_Site	SigX	False	False	False	True
TSS_19_D39V_24747_+	Orphan_Unassigned	Unassigned	False	False	False	False
TSS_20_D39V_27149_+	Orphan_Unassigned	Unassigned	False	False	False	False
TSS_21_D39V_28585_+	RpoD_Complete_Bipartite_Standard	SigA	True	False	True	False
TSS_22_D39V_29658_+	ComX_SigmaX_Site	SigX	False	False	False	True
TSS_23_D39V_29885_-	Orphan_Unassigned	Unassigned	False	False	False	False
TSS_24_D39V_31168_-	RpoD_Extended_Minus10_Only	SigA	False	True	True	False
TSS_25_D39V_31219_-	ComX_SigmaX_Site	SigX	False	False	False	True
TSS_26_D39V_31306_+	RpoD_Standard_Minus10_Only	SigA	False	False	True	False
TSS_27_D39V_34008_+	RpoD_Extended_Minus10_Only	SigA	False	True	True	False
TSS_28_D39V_35683_-	RpoD_Complete_Bipartite_Standard	SigA	True	False	True	False
TSS_29_D39V_35787_+	RpoD_Extended_Minus10_Only	SigA	False	True	True	False
TSS_30_D39V_39464_+	RpoD_Complete_Bipartite_Standard	SigA	True	False	True	False
TSS_31_D39V_41369_-	Orphan_Unassigned	Unassigned	False	False	False	False
TSS_32_D39V_41719_+	Orphan_Unassigned	Unassigned	False	False	False	False
TSS_33_D39V_45561_+	RpoD_Extended_Minus10_Only	SigA	False	True	True	False
TSS_34_D39V_55618_+	RpoD_Extended_Minus10_Only	SigA	False	True	True	False
TSS_35_D39V_58788_+	RpoD_Extended_Minus10_Only	SigA	False	True	True	False
TSS_36_D39V_65524_-	RpoD_Extended_Minus10_Only	SigA	False	True	True	False
TSS_37_D39V_65800_+	RpoD_Complete_Bipartite_Standard	SigA	True	False	True	False
TSS_38_D39V_73040_+	RpoD_Complete_Bipartite_Standard	SigA	True	False	True	False
TSS_39_D39V_74057_+	RpoD_Complete_Bipartite_Standard	SigA	True	False	True	False
TSS_40_D39V_75292_+	RpoD_Complete_Bipartite_With_Extended_Minus10	SigA	True	True	True	False
TSS_41_D39V_76686_+	RpoD_Extended_Minus10_Only	SigA	False	True	True	False
TSS_42_D39V_78854_+	RpoD_Extended_Minus10_Only	SigA	False	True	True	False
TSS_43_D39V_79885_+	Orphan_Unassigned	Unassigned	False	False	False	False
TSS_44_D39V_80154_+	Orphan_Unassigned	Unassigned	False	False	False	False
TSS_45_D39V_84261_+	RpoD_Extended_Minus10_Only	SigA	False	True	True	False
TSS_46_D39V_86080_+	RpoD_Complete_Bipartite_With_Extended_Minus10	SigA	True	True	True	False
TSS_47_D39V_86084_+	RpoD_Complete_Bipartite_With_Extended_Minus10	SigA	True	True	True	False
TSS_48_D39V_87033_+	RpoD_Extended_Minus10_Only	SigA	False	True	True	False
TSS_49_D39V_88197_+	ComX_SigmaX_Site	SigX	False	False	False	True
TSS_50_D39V_92084_+	Orphan_Unassigned	Unassigned	False	False	False	False
TSS_51_D39V_93218_+	RpoD_Extended_Minus10_Only	SigA	False	True	True	False
TSS_52_D39V_95269_-	RpoD_Complete_Bipartite_Standard	SigA	True	False	True	False
TSS_53_D39V_97161_-	RpoD_Complete_Bipartite_Standard	SigA	True	False	True	False
TSS_54_D39V_98446_-	RpoD_Complete_Bipartite_Standard	SigA	True	False	True	False
TSS_55_D39V_98483_+	RpoD_Standard_Minus10_Only	SigA	False	False	True	False
TSS_56_D39V_98544_+	RpoD_Extended_Minus10_Only	SigA	False	True	True	False
TSS_57_D39V_99639_+	RpoD_Extended_Minus10_Only	SigA	False	True	True	False
TSS_58_D39V_104149_-	RpoD_Extended_Minus10_Only	SigA	False	True	True	False
TSS_59_D39V_104342_+	Orphan_Unassigned	Unassigned	False	False	False	False
TSS_60_D39V_105394_+	RpoD_Complete_Bipartite_Standard	SigA	True	False	True	False
TSS_61_D39V_105722_+	RpoD_Extended_Minus10_Only	SigA	False	True	True	False
TSS_62_D39V_106080_+	Orphan_Unassigned	Unassigned	False	False	False	False
TSS_63_D39V_106298_-	RpoD_Extended_Minus10_Only	SigA	False	True	True	False
TSS_64_D39V_108919_+	RpoD_Complete_Bipartite_Standard	SigA	True	False	True	False
TSS_65_D39V_113592_-	RpoD_Extended_Minus10_Only	SigA	False	True	True	False
TSS_66_D39V_121347_+	RpoD_Extended_Minus10_Only	SigA	False	True	True	False
TSS_67_D39V_125709_+	RpoD_Standard_Minus10_Only	SigA	False	False	True	False
TSS_68_D39V_127630_+	Orphan_Unassigned	Unassigned	False	False	False	False
TSS_69_D39V_127681_+	RpoD_Complete_Bipartite_With_Extended_Minus10	SigA	True	True	True	False
TSS_70_D39V_128769_+	RpoD_Complete_Bipartite_Standard	SigA	True	False	True	False
TSS_71_D39V_130999_+	RpoD_Complete_Bipartite_With_Extended_Minus10	SigA	True	True	True	False
TSS_72_D39V_132229_+	RpoD_Complete_Bipartite_With_Extended_Minus10	SigA	True	True	True	False
TSS_73_D39V_137110_-	RpoD_Complete_Bipartite_With_Extended_Minus10	SigA	True	True	True	False
TSS_74_D39V_137994_-	Orphan_Unassigned	Unassigned	False	False	False	False
TSS_75_D39V_138189_-	ComX_SigmaX_Site	SigX	False	False	False	True
TSS_76_D39V_138318_+	RpoD_Complete_Bipartite_With_Extended_Minus10	SigA	True	True	True	False
TSS_77_D39V_149645_+	Orphan_Unassigned	Unassigned	False	False	False	False
TSS_78_D39V_149935_+	RpoD_Complete_Bipartite_With_Extended_Minus10	SigA	True	True	True	False
TSS_79_D39V_150914_-	RpoD_Complete_Bipartite_With_Extended_Minus10	SigA	True	True	True	False
TSS_80_D39V_151037_+	RpoD_Extended_Minus10_Only	SigA	False	True	True	False
TSS_81_D39V_151192_+	Orphan_Unassigned	Unassigned	False	False	False	False
TSS_82_D39V_151757_+	Orphan_Unassigned	Unassigned	False	False	False	False
TSS_83_D39V_154902_+	Orphan_Unassigned	Unassigned	False	False	False	False
TSS_84_D39V_155885_+	RpoD_Extended_Minus10_Only	SigA	False	True	True	False
TSS_85_D39V_157954_+	RpoD_Extended_Minus10_Only	SigA	False	True	True	False
TSS_86_D39V_160610_-	RpoD_Complete_Bipartite_With_Extended_Minus10	SigA	True	True	True	False
TSS_87_D39V_160696_+	RpoD_Complete_Bipartite_With_Extended_Minus10	SigA	True	True	True	False
TSS_88_D39V_164318_+	RpoD_Extended_Minus10_Only	SigA	False	True	True	False
TSS_89_D39V_164903_+	RpoD_Complete_Bipartite_Standard	SigA	True	False	True	False
TSS_90_D39V_167010_-	Orphan_Unassigned	Unassigned	False	False	False	False
TSS_91_D39V_168371_-	RpoD_Complete_Bipartite_With_Extended_Minus10	SigA	True	True	True	False
TSS_92_D39V_168487_+	RpoD_Extended_Minus10_Only	SigA	False	True	True	False
TSS_93_D39V_174470_-	RpoD_Complete_Bipartite_Standard	SigA	True	False	True	False
TSS_94_D39V_174595_+	RpoD_Extended_Minus10_Only	SigA	False	True	True	False
TSS_95_D39V_177669_-	RpoD_Extended_Minus10_Only	SigA	False	True	True	False
TSS_96_D39V_179577_-	RpoD_Extended_Minus10_Only	SigA	False	True	True	False
TSS_97_D39V_179647_+	RpoD_Extended_Minus10_Only	SigA	False	True	True	False
TSS_98_D39V_183652_+	RpoD_Extended_Minus10_Only	SigA	False	True	True	False
TSS_99_D39V_183663_+	Orphan_Unassigned	Unassigned	False	False	False	False
TSS_100_D39V_184784_+	RpoD_Extended_Minus10_Only	SigA	False	True	True	False
TSS_101_D39V_185086_+	Orphan_Unassigned	Unassigned	False	False	False	False
TSS_102_D39V_187557_+	RpoD_Complete_Bipartite_Standard	SigA	True	False	True	False
TSS_103_D39V_188146_+	RpoD_Extended_Minus10_Only	SigA	False	True	True	False
TSS_104_D39V_189781_+	ComX_SigmaX_Site	SigX	False	False	False	True
TSS_105_D39V_189952_+	RpoD_Complete_Bipartite_With_Extended_Minus10	SigA	True	True	True	False
TSS_106_D39V_191604_+	RpoD_Complete_Bipartite_With_Extended_Minus10	SigA	True	True	True	False
TSS_107_D39V_194983_+	RpoD_Complete_Bipartite_Standard	SigA	True	False	True	False
TSS_108_D39V_195877_+	RpoD_Extended_Minus10_Only	SigA	False	True	True	False
TSS_109_D39V_196175_-	Orphan_Unassigned	Unassigned	False	False	False	False
TSS_110_D39V_196465_+	Orphan_Unassigned	Unassigned	False	False	False	False
TSS_111_D39V_200569_+	Orphan_Unassigned	Unassigned	False	False	False	False
TSS_112_D39V_208214_+	RpoD_Extended_Minus10_Only	SigA	False	True	True	False
TSS_113_D39V_210479_+	Orphan_Unassigned	Unassigned	False	False	False	False
TSS_114_D39V_210542_+	Orphan_Unassigned	Unassigned	False	False	False	False
TSS_115_D39V_210554_+	Orphan_Unassigned	Unassigned	False	False	False	False
TSS_116_D39V_211008_+	RpoD_Extended_Minus10_Only	SigA	False	True	True	False
TSS_117_D39V_212734_+	Orphan_Unassigned	Unassigned	False	False	False	False
TSS_118_D39V_212907_+	RpoD_Extended_Minus10_Only	SigA	False	True	True	False
TSS_119_D39V_218863_-	RpoD_Extended_Minus10_Only	SigA	False	True	True	False
TSS_120_D39V_220835_+	RpoD_Complete_Bipartite_Standard	SigA	True	False	True	False
TSS_121_D39V_223001_+	RpoD_Complete_Bipartite_Standard	SigA	True	False	True	False
TSS_122_D39V_227704_+	RpoD_Complete_Bipartite_With_Extended_Minus10	SigA	True	True	True	False
TSS_123_D39V_230384_+	RpoD_Extended_Minus10_Only	SigA	False	True	True	False
TSS_124_D39V_231599_+	Orphan_Unassigned	Unassigned	False	False	False	False
TSS_125_D39V_231787_+	RpoD_Standard_Minus10_Only	SigA	False	False	True	False
TSS_126_D39V_232279_+	RpoD_Complete_Bipartite_With_Extended_Minus10	SigA	True	True	True	False
TSS_127_D39V_232491_-	RpoD_Extended_Minus10_Only	SigA	False	True	True	False
TSS_128_D39V_232585_+	RpoD_Extended_Minus10_Only	SigA	False	True	True	False
TSS_129_D39V_234171_+	Orphan_Unassigned	Unassigned	False	False	False	False
TSS_130_D39V_234340_+	RpoD_Extended_Minus10_Only	SigA	False	True	True	False
TSS_131_D39V_239157_+	RpoD_Standard_Minus10_Only	SigA	False	False	True	False
TSS_132_D39V_240680_+	RpoD_Complete_Bipartite_Standard	SigA	True	False	True	False
TSS_133_D39V_242645_+	RpoD_Extended_Minus10_Only	SigA	False	True	True	False
TSS_134_D39V_243294_+	RpoD_Extended_Minus10_Only	SigA	False	True	True	False
TSS_135_D39V_247626_-	RpoD_Extended_Minus10_Only	SigA	False	True	True	False
TSS_136_D39V_247889_+	RpoD_Complete_Bipartite_With_Extended_Minus10	SigA	True	True	True	False
TSS_137_D39V_249314_+	RpoD_Extended_Minus10_Only	SigA	False	True	True	False
TSS_138_D39V_251510_+	RpoD_Extended_Minus10_Only	SigA	False	True	True	False
TSS_139_D39V_256007_+	RpoD_Complete_Bipartite_With_Extended_Minus10	SigA	True	True	True	False
TSS_140_D39V_258547_+	RpoD_Extended_Minus10_Only	SigA	False	True	True	False
TSS_141_D39V_259467_+	RpoD_Standard_Minus10_Only	SigA	False	False	True	False
TSS_142_D39V_263684_-	Orphan_Unassigned	Unassigned	False	False	False	False
TSS_143_D39V_264979_-	RpoD_Extended_Minus10_Only	SigA	False	True	True	False
TSS_144_D39V_265161_-	Orphan_Unassigned	Unassigned	False	False	False	False
TSS_145_D39V_265212_-	Orphan_Unassigned	Unassigned	False	False	False	False
TSS_146_D39V_266066_-	RpoD_Extended_Minus10_Only	SigA	False	True	True	False
TSS_147_D39V_266193_+	RpoD_Complete_Bipartite_With_Extended_Minus10	SigA	True	True	True	False
TSS_148_D39V_268493_+	RpoD_Extended_Minus10_Only	SigA	False	True	True	False
TSS_149_D39V_272569_-	Orphan_Unassigned	Unassigned	False	False	False	False
TSS_150_D39V_272798_+	RpoD_Complete_Bipartite_With_Extended_Minus10	SigA	True	True	True	False
TSS_151_D39V_274983_+	RpoD_Complete_Bipartite_Standard	SigA	True	False	True	False
TSS_152_D39V_276801_+	RpoD_Complete_Bipartite_With_Extended_Minus10	SigA	True	True	True	False
TSS_153_D39V_277264_+	RpoD_Complete_Bipartite_Standard	SigA	True	False	True	False
TSS_154_D39V_281916_+	RpoD_Complete_Bipartite_With_Extended_Minus10	SigA	True	True	True	False
TSS_155_D39V_285438_-	Orphan_Unassigned	Unassigned	False	False	False	False
TSS_156_D39V_289191_+	Orphan_Unassigned	Unassigned	False	False	False	False
TSS_157_D39V_290431_-	Orphan_Unassigned	Unassigned	False	False	False	False
TSS_158_D39V_293172_-	RpoD_Complete_Bipartite_Standard	SigA	True	False	True	False
TSS_159_D39V_299335_+	RpoD_Extended_Minus10_Only	SigA	False	True	True	False
TSS_160_D39V_299401_+	RpoD_Complete_Bipartite_With_Extended_Minus10	SigA	True	True	True	False
TSS_161_D39V_301352_-	RpoD_Complete_Bipartite_Standard	SigA	True	False	True	False
TSS_162_D39V_301481_+	RpoD_Extended_Minus10_Only	SigA	False	True	True	False
TSS_163_D39V_302760_+	RpoD_Complete_Bipartite_Standard	SigA	True	False	True	False
TSS_164_D39V_306329_+	RpoD_Complete_Bipartite_With_Extended_Minus10	SigA	True	True	True	False
TSS_165_D39V_309462_-	RpoD_Extended_Minus10_Only	SigA	False	True	True	False
TSS_166_D39V_311032_-	RpoD_Complete_Bipartite_With_Extended_Minus10	SigA	True	True	True	False
TSS_167_D39V_311146_+	RpoD_Extended_Minus10_Only	SigA	False	True	True	False
TSS_168_D39V_313950_-	RpoD_Extended_Minus10_Only	SigA	False	True	True	False
TSS_169_D39V_314177_+	RpoD_Complete_Bipartite_With_Extended_Minus10	SigA	True	True	True	False
TSS_170_D39V_320310_+	Orphan_Unassigned	Unassigned	False	False	False	False
TSS_171_D39V_333076_+	RpoD_Complete_Bipartite_Standard	SigA	True	False	True	False
TSS_172_D39V_335271_+	RpoD_Extended_Minus10_Only	SigA	False	True	True	False
TSS_173_D39V_343628_-	RpoD_Complete_Bipartite_With_Extended_Minus10	SigA	True	True	True	False
TSS_174_D39V_343629_+	RpoD_Complete_Bipartite_Standard	SigA	True	False	True	False
TSS_175_D39V_344241_+	RpoD_Complete_Bipartite_With_Extended_Minus10	SigA	True	True	True	False
TSS_176_D39V_344596_+	Orphan_Unassigned	Unassigned	False	False	False	False
TSS_177_D39V_347696_+	RpoD_Extended_Minus10_Only	SigA	False	True	True	False
TSS_178_D39V_349928_+	RpoD_Complete_Bipartite_With_Extended_Minus10	SigA	True	True	True	False
TSS_179_D39V_351022_+	RpoD_Extended_Minus10_Only	SigA	False	True	True	False
TSS_180_D39V_354945_+	RpoD_Extended_Minus10_Only	SigA	False	True	True	False
TSS_181_D39V_358127_+	RpoD_Complete_Bipartite_With_Extended_Minus10	SigA	True	True	True	False
TSS_182_D39V_358201_+	RpoD_Complete_Bipartite_With_Extended_Minus10	SigA	True	True	True	False
TSS_183_D39V_361216_-	Orphan_Unassigned	Unassigned	False	False	False	False
TSS_184_D39V_367898_+	RpoD_Extended_Minus10_Only	SigA	False	True	True	False
TSS_185_D39V_373359_-	RpoD_Complete_Bipartite_With_Extended_Minus10	SigA	True	True	True	False
TSS_186_D39V_373434_+	RpoD_Complete_Bipartite_With_Extended_Minus10	SigA	True	True	True	False
TSS_187_D39V_376828_+	RpoD_Complete_Bipartite_Standard	SigA	True	False	True	False
TSS_188_D39V_378503_+	RpoD_Extended_Minus10_Only	SigA	False	True	True	False
TSS_189_D39V_379251_+	RpoD_Extended_Minus10_Only	SigA	False	True	True	False
TSS_190_D39V_381662_-	RpoD_Complete_Bipartite_With_Extended_Minus10	SigA	True	True	True	False
TSS_191_D39V_383446_-	RpoD_Complete_Bipartite_With_Extended_Minus10	SigA	True	True	True	False
TSS_192_D39V_383590_+	Orphan_Unassigned	Unassigned	False	False	False	False
TSS_193_D39V_384576_+	RpoD_Complete_Bipartite_With_Extended_Minus10	SigA	True	True	True	False
TSS_194_D39V_386370_+	Orphan_Unassigned	Unassigned	False	False	False	False
TSS_195_D39V_386413_+	Orphan_Unassigned	Unassigned	False	False	False	False
TSS_196_D39V_386446_+	Orphan_Unassigned	Unassigned	False	False	False	False
TSS_197_D39V_388771_+	RpoD_Extended_Minus10_Only	SigA	False	True	True	False
TSS_198_D39V_394420_+	Orphan_Unassigned	Unassigned	False	False	False	False
TSS_199_D39V_396825_-	RpoD_Extended_Minus10_Only	SigA	False	True	True	False
TSS_200_D39V_400169_-	RpoD_Extended_Minus10_Only	SigA	False	True	True	False
TSS_201_D39V_400264_+	RpoD_Complete_Bipartite_With_Extended_Minus10	SigA	True	True	True	False
TSS_202_D39V_402710_+	RpoD_Extended_Minus10_Only	SigA	False	True	True	False
TSS_203_D39V_402734_+	Orphan_Unassigned	Unassigned	False	False	False	False
TSS_204_D39V_402777_+	Orphan_Unassigned	Unassigned	False	False	False	False
TSS_205_D39V_403084_+	RpoD_Complete_Bipartite_With_Extended_Minus10	SigA	True	True	True	False
TSS_206_D39V_405311_+	RpoD_Complete_Bipartite_With_Extended_Minus10	SigA	True	True	True	False
TSS_207_D39V_409434_+	RpoD_Extended_Minus10_Only	SigA	False	True	True	False
TSS_208_D39V_411544_+	RpoD_Complete_Bipartite_Standard	SigA	True	False	True	False
TSS_209_D39V_414235_-	RpoD_Complete_Bipartite_Standard	SigA	True	False	True	False
TSS_210_D39V_414315_+	RpoD_Extended_Minus10_Only	SigA	False	True	True	False
TSS_211_D39V_416272_+	RpoD_Complete_Bipartite_With_Extended_Minus10	SigA	True	True	True	False
TSS_212_D39V_417560_+	Orphan_Unassigned	Unassigned	False	False	False	False
TSS_213_D39V_419892_-	RpoD_Complete_Bipartite_Standard	SigA	True	False	True	False
TSS_214_D39V_420055_+	RpoD_Complete_Bipartite_With_Extended_Minus10	SigA	True	True	True	False
TSS_215_D39V_424325_-	RpoD_Complete_Bipartite_With_Extended_Minus10	SigA	True	True	True	False
TSS_216_D39V_426292_-	RpoD_Complete_Bipartite_Standard	SigA	True	False	True	False
TSS_217_D39V_436281_-	Orphan_Unassigned	Unassigned	False	False	False	False
TSS_218_D39V_436430_+	RpoD_Extended_Minus10_Only	SigA	False	True	True	False
TSS_219_D39V_438154_+	RpoD_Extended_Minus10_Only	SigA	False	True	True	False
TSS_220_D39V_440744_+	RpoD_Complete_Bipartite_Standard	SigA	True	False	True	False
TSS_221_D39V_441436_+	RpoD_Extended_Minus10_Only	SigA	False	True	True	False
TSS_222_D39V_443966_+	RpoD_Complete_Bipartite_With_Extended_Minus10	SigA	True	True	True	False
TSS_223_D39V_443986_+	RpoD_Extended_Minus10_Only	SigA	False	True	True	False
TSS_224_D39V_444667_+	RpoD_Complete_Bipartite_Standard	SigA	True	False	True	False
TSS_225_D39V_448844_-	RpoD_Complete_Bipartite_Standard	SigA	True	False	True	False
TSS_226_D39V_449009_+	Orphan_Unassigned	Unassigned	False	False	False	False
TSS_227_D39V_454139_+	RpoD_Extended_Minus10_Only	SigA	False	True	True	False
TSS_228_D39V_455487_+	RpoD_Extended_Minus10_Only	SigA	False	True	True	False
TSS_229_D39V_456088_+	RpoD_Complete_Bipartite_Standard	SigA	True	False	True	False
TSS_230_D39V_458000_+	RpoD_Complete_Bipartite_Standard	SigA	True	False	True	False
TSS_231_D39V_459935_+	RpoD_Extended_Minus10_Only	SigA	False	True	True	False
TSS_232_D39V_464802_+	RpoD_Extended_Minus10_Only	SigA	False	True	True	False
TSS_233_D39V_466761_-	RpoD_Extended_Minus10_Only	SigA	False	True	True	False
TSS_234_D39V_467922_+	RpoD_Complete_Bipartite_Standard	SigA	True	False	True	False
TSS_235_D39V_474826_-	RpoD_Complete_Bipartite_With_Extended_Minus10	SigA	True	True	True	False
TSS_236_D39V_474831_+	RpoD_Extended_Minus10_Only	SigA	False	True	True	False
TSS_237_D39V_477186_-	Orphan_Unassigned	Unassigned	False	False	False	False
TSS_238_D39V_477290_+	RpoD_Extended_Minus10_Only	SigA	False	True	True	False
TSS_239_D39V_477392_+	Orphan_Unassigned	Unassigned	False	False	False	False
TSS_240_D39V_483648_-	RpoD_Extended_Minus10_Only	SigA	False	True	True	False
TSS_241_D39V_483870_+	RpoD_Complete_Bipartite_With_Extended_Minus10	SigA	True	True	True	False
TSS_242_D39V_486042_+	RpoD_Complete_Bipartite_Standard	SigA	True	False	True	False
TSS_243_D39V_487564_+	RpoD_Complete_Bipartite_With_Extended_Minus10	SigA	True	True	True	False
TSS_244_D39V_494753_+	RpoD_Extended_Minus10_Only	SigA	False	True	True	False
TSS_245_D39V_496865_+	Orphan_Unassigned	Unassigned	False	False	False	False
TSS_246_D39V_497356_+	Orphan_Unassigned	Unassigned	False	False	False	False
TSS_247_D39V_502386_+	RpoD_Extended_Minus10_Only	SigA	False	True	True	False
TSS_248_D39V_505295_-	Orphan_Unassigned	Unassigned	False	False	False	False
TSS_249_D39V_505839_+	RpoD_Complete_Bipartite_With_Extended_Minus10	SigA	True	True	True	False
TSS_250_D39V_508697_+	RpoD_Complete_Bipartite_With_Extended_Minus10	SigA	True	True	True	False
TSS_251_D39V_513346_+	Orphan_Unassigned	Unassigned	False	False	False	False
TSS_252_D39V_518836_-	RpoD_Complete_Bipartite_With_Extended_Minus10	SigA	True	True	True	False
TSS_253_D39V_519908_+	Orphan_Unassigned	Unassigned	False	False	False	False
TSS_254_D39V_523206_+	RpoD_Extended_Minus10_Only	SigA	False	True	True	False
TSS_255_D39V_523752_+	Orphan_Unassigned	Unassigned	False	False	False	False
TSS_256_D39V_531618_+	RpoD_Complete_Bipartite_Standard	SigA	True	False	True	False
TSS_257_D39V_535176_+	Orphan_Unassigned	Unassigned	False	False	False	False
TSS_258_D39V_535267_+	RpoD_Standard_Minus10_Only	SigA	False	False	True	False
TSS_259_D39V_537396_+	RpoD_Extended_Minus10_Only	SigA	False	True	True	False
TSS_260_D39V_539877_-	RpoD_Complete_Bipartite_With_Extended_Minus10	SigA	True	True	True	False
TSS_261_D39V_543039_-	RpoD_Complete_Bipartite_Standard	SigA	True	False	True	False
TSS_262_D39V_543257_+	RpoD_Extended_Minus10_Only	SigA	False	True	True	False
TSS_263_D39V_545597_+	RpoD_Complete_Bipartite_With_Extended_Minus10	SigA	True	True	True	False
TSS_264_D39V_548279_+	Orphan_Unassigned	Unassigned	False	False	False	False
TSS_265_D39V_550294_+	Orphan_Unassigned	Unassigned	False	False	False	False
TSS_266_D39V_550817_+	Orphan_Unassigned	Unassigned	False	False	False	False
TSS_267_D39V_551578_+	RpoD_Extended_Minus10_Only	SigA	False	True	True	False
TSS_268_D39V_555251_-	Orphan_Unassigned	Unassigned	False	False	False	False
TSS_269_D39V_555372_+	RpoD_Extended_Minus10_Only	SigA	False	True	True	False
TSS_270_D39V_558642_+	RpoD_Extended_Minus10_Only	SigA	False	True	True	False
TSS_271_D39V_560184_+	RpoD_Extended_Minus10_Only	SigA	False	True	True	False
TSS_272_D39V_562666_+	RpoD_Complete_Bipartite_Standard	SigA	True	False	True	False
TSS_273_D39V_563657_+	Orphan_Unassigned	Unassigned	False	False	False	False
TSS_274_D39V_565153_-	RpoD_Extended_Minus10_Only	SigA	False	True	True	False
TSS_275_D39V_565724_+	RpoD_Complete_Bipartite_With_Extended_Minus10	SigA	True	True	True	False
TSS_276_D39V_566467_+	RpoD_Complete_Bipartite_With_Extended_Minus10	SigA	True	True	True	False
TSS_277_D39V_569714_+	RpoD_Complete_Bipartite_Standard	SigA	True	False	True	False
TSS_278_D39V_570269_+	RpoD_Complete_Bipartite_With_Extended_Minus10	SigA	True	True	True	False
TSS_279_D39V_577435_+	RpoD_Complete_Bipartite_With_Extended_Minus10	SigA	True	True	True	False
TSS_280_D39V_588464_-	RpoD_Complete_Bipartite_With_Extended_Minus10	SigA	True	True	True	False
TSS_281_D39V_588571_+	RpoD_Complete_Bipartite_With_Extended_Minus10	SigA	True	True	True	False
TSS_282_D39V_593596_+	RpoD_Standard_Minus10_Only	SigA	False	False	True	False
TSS_283_D39V_596286_+	RpoD_Extended_Minus10_Only	SigA	False	True	True	False
TSS_284_D39V_598829_+	Orphan_Unassigned	Unassigned	False	False	False	False
TSS_285_D39V_605135_+	RpoD_Extended_Minus10_Only	SigA	False	True	True	False
TSS_286_D39V_605401_+	Orphan_Unassigned	Unassigned	False	False	False	False
TSS_287_D39V_606983_+	RpoD_Extended_Minus10_Only	SigA	False	True	True	False
TSS_288_D39V_608097_+	RpoD_Extended_Minus10_Only	SigA	False	True	True	False
TSS_289_D39V_609172_+	RpoD_Extended_Minus10_Only	SigA	False	True	True	False
TSS_290_D39V_610328_-	Orphan_Unassigned	Unassigned	False	False	False	False
TSS_291_D39V_610340_+	RpoD_Extended_Minus10_Only	SigA	False	True	True	False
TSS_292_D39V_615786_-	RpoD_Extended_Minus10_Only	SigA	False	True	True	False
TSS_293_D39V_615898_+	RpoD_Complete_Bipartite_With_Extended_Minus10	SigA	True	True	True	False
TSS_294_D39V_617583_-	RpoD_Extended_Minus10_Only	SigA	False	True	True	False
TSS_295_D39V_617706_+	RpoD_Complete_Bipartite_With_Extended_Minus10	SigA	True	True	True	False
TSS_296_D39V_620133_+	RpoD_Complete_Bipartite_Standard	SigA	True	False	True	False
TSS_297_D39V_623338_+	RpoD_Extended_Minus10_Only	SigA	False	True	True	False
TSS_298_D39V_632244_+	RpoD_Complete_Bipartite_Standard	SigA	True	False	True	False
TSS_299_D39V_633886_+	RpoD_Complete_Bipartite_With_Extended_Minus10	SigA	True	True	True	False
TSS_300_D39V_640376_-	RpoD_Extended_Minus10_Only	SigA	False	True	True	False
TSS_301_D39V_640521_+	RpoD_Complete_Bipartite_Standard	SigA	True	False	True	False
TSS_302_D39V_640785_+	RpoD_Extended_Minus10_Only	SigA	False	True	True	False
TSS_303_D39V_642491_-	RpoD_Complete_Bipartite_With_Extended_Minus10	SigA	True	True	True	False
TSS_304_D39V_642911_+	RpoD_Complete_Bipartite_Standard	SigA	True	False	True	False
TSS_305_D39V_644329_+	RpoD_Extended_Minus10_Only	SigA	False	True	True	False
TSS_306_D39V_647211_+	RpoD_Complete_Bipartite_With_Extended_Minus10	SigA	True	True	True	False
TSS_307_D39V_649686_-	RpoD_Extended_Minus10_Only	SigA	False	True	True	False
TSS_308_D39V_654021_-	RpoD_Extended_Minus10_Only	SigA	False	True	True	False
TSS_309_D39V_654162_+	RpoD_Complete_Bipartite_Standard	SigA	True	False	True	False
TSS_310_D39V_657355_+	RpoD_Extended_Minus10_Only	SigA	False	True	True	False
TSS_311_D39V_661497_+	RpoD_Complete_Bipartite_With_Extended_Minus10	SigA	True	True	True	False
TSS_312_D39V_663366_+	RpoD_Extended_Minus10_Only	SigA	False	True	True	False
TSS_313_D39V_664022_+	Orphan_Unassigned	Unassigned	False	False	False	False
TSS_314_D39V_666460_-	RpoD_Extended_Minus10_Only	SigA	False	True	True	False
TSS_315_D39V_667417_-	RpoD_Extended_Minus10_Only	SigA	False	True	True	False
TSS_316_D39V_667429_+	RpoD_Complete_Bipartite_Standard	SigA	True	False	True	False
TSS_317_D39V_668593_+	RpoD_Extended_Minus10_Only	SigA	False	True	True	False
TSS_318_D39V_669376_+	RpoD_Complete_Bipartite_Standard	SigA	True	False	True	False
TSS_319_D39V_670066_+	RpoD_Complete_Bipartite_With_Extended_Minus10	SigA	True	True	True	False
TSS_320_D39V_670412_+	RpoD_Complete_Bipartite_Standard	SigA	True	False	True	False
TSS_321_D39V_675565_+	RpoD_Complete_Bipartite_Standard	SigA	True	False	True	False
TSS_322_D39V_676333_+	RpoD_Complete_Bipartite_With_Extended_Minus10	SigA	True	True	True	False
TSS_323_D39V_679303_+	RpoD_Complete_Bipartite_With_Extended_Minus10	SigA	True	True	True	False
TSS_324_D39V_682527_+	RpoD_Complete_Bipartite_With_Extended_Minus10	SigA	True	True	True	False
TSS_325_D39V_684007_+	RpoD_Complete_Bipartite_With_Extended_Minus10	SigA	True	True	True	False
TSS_326_D39V_685822_+	RpoD_Extended_Minus10_Only	SigA	False	True	True	False
TSS_327_D39V_688004_+	RpoD_Complete_Bipartite_With_Extended_Minus10	SigA	True	True	True	False
TSS_328_D39V_688763_+	RpoD_Extended_Minus10_Only	SigA	False	True	True	False
TSS_329_D39V_693323_-	RpoD_Complete_Bipartite_With_Extended_Minus10	SigA	True	True	True	False
TSS_330_D39V_694317_-	RpoD_Extended_Minus10_Only	SigA	False	True	True	False
TSS_331_D39V_694409_+	RpoD_Complete_Bipartite_With_Extended_Minus10	SigA	True	True	True	False
TSS_332_D39V_694411_+	RpoD_Complete_Bipartite_With_Extended_Minus10	SigA	True	True	True	False
TSS_333_D39V_695534_+	RpoD_Complete_Bipartite_With_Extended_Minus10	SigA	True	True	True	False
TSS_334_D39V_698345_-	RpoD_Complete_Bipartite_With_Extended_Minus10	SigA	True	True	True	False
TSS_335_D39V_698401_-	Orphan_Unassigned	Unassigned	False	False	False	False
TSS_336_D39V_699404_-	RpoD_Complete_Bipartite_Standard	SigA	True	False	True	False
TSS_337_D39V_700968_-	RpoD_Complete_Bipartite_Standard	SigA	True	False	True	False
TSS_338_D39V_701072_+	RpoD_Complete_Bipartite_Standard	SigA	True	False	True	False
TSS_339_D39V_701157_+	RpoD_Extended_Minus10_Only	SigA	False	True	True	False
TSS_340_D39V_704415_+	RpoD_Complete_Bipartite_With_Extended_Minus10	SigA	True	True	True	False
TSS_341_D39V_706738_+	RpoD_Complete_Bipartite_With_Extended_Minus10	SigA	True	True	True	False
TSS_342_D39V_707965_+	RpoD_Extended_Minus10_Only	SigA	False	True	True	False
TSS_343_D39V_708303_+	RpoD_Complete_Bipartite_With_Extended_Minus10	SigA	True	True	True	False
TSS_344_D39V_708576_+	Orphan_Unassigned	Unassigned	False	False	False	False
TSS_345_D39V_708994_+	RpoD_Extended_Minus10_Only	SigA	False	True	True	False
TSS_346_D39V_711185_+	RpoD_Complete_Bipartite_With_Extended_Minus10	SigA	True	True	True	False
TSS_347_D39V_712579_+	RpoD_Extended_Minus10_Only	SigA	False	True	True	False
TSS_348_D39V_715262_+	RpoD_Extended_Minus10_Only	SigA	False	True	True	False
TSS_349_D39V_717619_-	RpoD_Extended_Minus10_Only	SigA	False	True	True	False
TSS_350_D39V_717739_+	RpoD_Extended_Minus10_Only	SigA	False	True	True	False
TSS_351_D39V_718867_+	RpoD_Complete_Bipartite_With_Extended_Minus10	SigA	True	True	True	False
TSS_352_D39V_723228_+	RpoD_Extended_Minus10_Only	SigA	False	True	True	False
TSS_353_D39V_725805_+	RpoD_Complete_Bipartite_With_Extended_Minus10	SigA	True	True	True	False
TSS_354_D39V_730202_-	RpoD_Extended_Minus10_Only	SigA	False	True	True	False
TSS_355_D39V_730880_+	RpoD_Extended_Minus10_Only	SigA	False	True	True	False
TSS_356_D39V_734255_-	RpoD_Extended_Minus10_Only	SigA	False	True	True	False
TSS_357_D39V_734675_-	RpoD_Extended_Minus10_Only	SigA	False	True	True	False
TSS_358_D39V_734813_+	RpoD_Complete_Bipartite_With_Extended_Minus10	SigA	True	True	True	False
TSS_359_D39V_736387_+	RpoD_Extended_Minus10_Only	SigA	False	True	True	False
TSS_360_D39V_737397_+	RpoD_Extended_Minus10_Only	SigA	False	True	True	False
TSS_361_D39V_738361_+	Orphan_Unassigned	Unassigned	False	False	False	False
TSS_362_D39V_738544_+	Orphan_Unassigned	Unassigned	False	False	False	False
TSS_363_D39V_746064_-	RpoD_Complete_Bipartite_Standard	SigA	True	False	True	False
TSS_364_D39V_747048_-	RpoD_Extended_Minus10_Only	SigA	False	True	True	False
TSS_365_D39V_747378_+	Orphan_Unassigned	Unassigned	False	False	False	False
TSS_366_D39V_747872_+	RpoD_Complete_Bipartite_With_Extended_Minus10	SigA	True	True	True	False
TSS_367_D39V_749695_+	RpoD_Extended_Minus10_Only	SigA	False	True	True	False
TSS_368_D39V_756029_+	Orphan_Unassigned	Unassigned	False	False	False	False
TSS_369_D39V_757739_-	RpoD_Extended_Minus10_Only	SigA	False	True	True	False
TSS_370_D39V_757852_+	Orphan_Unassigned	Unassigned	False	False	False	False
TSS_371_D39V_762810_+	RpoD_Complete_Bipartite_Standard	SigA	True	False	True	False
TSS_372_D39V_764760_+	RpoD_Extended_Minus10_Only	SigA	False	True	True	False
TSS_373_D39V_767105_+	RpoD_Complete_Bipartite_Standard	SigA	True	False	True	False
TSS_374_D39V_767390_+	RpoD_Complete_Bipartite_With_Extended_Minus10	SigA	True	True	True	False
TSS_375_D39V_767527_+	Orphan_Unassigned	Unassigned	False	False	False	False
TSS_376_D39V_767609_+	Orphan_Unassigned	Unassigned	False	False	False	False
TSS_377_D39V_767624_+	Orphan_Unassigned	Unassigned	False	False	False	False
TSS_378_D39V_770583_+	RpoD_Complete_Bipartite_With_Extended_Minus10	SigA	True	True	True	False
TSS_379_D39V_772763_+	RpoD_Extended_Minus10_Only	SigA	False	True	True	False
TSS_380_D39V_773016_+	RpoD_Extended_Minus10_Only	SigA	False	True	True	False
TSS_381_D39V_779740_-	RpoD_Extended_Minus10_Only	SigA	False	True	True	False
TSS_382_D39V_779826_+	RpoD_Extended_Minus10_Only	SigA	False	True	True	False
TSS_383_D39V_781585_+	RpoD_Complete_Bipartite_With_Extended_Minus10	SigA	True	True	True	False
TSS_384_D39V_782221_-	RpoD_Extended_Minus10_Only	SigA	False	True	True	False
TSS_385_D39V_782349_+	RpoD_Complete_Bipartite_With_Extended_Minus10	SigA	True	True	True	False
TSS_386_D39V_786057_+	RpoD_Extended_Minus10_Only	SigA	False	True	True	False
TSS_387_D39V_788851_-	RpoD_Complete_Bipartite_Standard	SigA	True	False	True	False
TSS_388_D39V_788946_+	RpoD_Extended_Minus10_Only	SigA	False	True	True	False
TSS_389_D39V_791441_+	RpoD_Complete_Bipartite_With_Extended_Minus10	SigA	True	True	True	False
TSS_390_D39V_794707_+	RpoD_Extended_Minus10_Only	SigA	False	True	True	False
TSS_391_D39V_796912_+	RpoD_Complete_Bipartite_With_Extended_Minus10	SigA	True	True	True	False
TSS_392_D39V_800551_+	Orphan_Unassigned	Unassigned	False	False	False	False
TSS_393_D39V_803660_-	RpoD_Complete_Bipartite_With_Extended_Minus10	SigA	True	True	True	False
TSS_394_D39V_803957_+	RpoD_Extended_Minus10_Only	SigA	False	True	True	False
TSS_395_D39V_807133_+	RpoD_Extended_Minus10_Only	SigA	False	True	True	False
TSS_396_D39V_808187_+	Orphan_Unassigned	Unassigned	False	False	False	False
TSS_397_D39V_811416_+	RpoD_Complete_Bipartite_Standard	SigA	True	False	True	False
TSS_398_D39V_812905_-	RpoD_Extended_Minus10_Only	SigA	False	True	True	False
TSS_399_D39V_813024_+	Orphan_Unassigned	Unassigned	False	False	False	False
TSS_400_D39V_816082_-	RpoD_Standard_Minus10_Only	SigA	False	False	True	False
TSS_401_D39V_817739_+	RpoD_Extended_Minus10_Only	SigA	False	True	True	False
TSS_402_D39V_820339_+	RpoD_Extended_Minus10_Only	SigA	False	True	True	False
TSS_403_D39V_821306_-	RpoD_Complete_Bipartite_Standard	SigA	True	False	True	False
TSS_404_D39V_821460_+	Orphan_Unassigned	Unassigned	False	False	False	False
TSS_405_D39V_825973_-	RpoD_Extended_Minus10_Only	SigA	False	True	True	False
TSS_406_D39V_826260_+	RpoD_Complete_Bipartite_With_Extended_Minus10	SigA	True	True	True	False
TSS_407_D39V_835285_-	RpoD_Extended_Minus10_Only	SigA	False	True	True	False
TSS_408_D39V_835420_+	RpoD_Extended_Minus10_Only	SigA	False	True	True	False
TSS_409_D39V_836701_+	RpoD_Complete_Bipartite_With_Extended_Minus10	SigA	True	True	True	False
TSS_410_D39V_840682_+	RpoD_Extended_Minus10_Only	SigA	False	True	True	False
TSS_411_D39V_840930_+	RpoD_Complete_Bipartite_With_Extended_Minus10	SigA	True	True	True	False
TSS_412_D39V_844228_+	RpoD_Complete_Bipartite_With_Extended_Minus10	SigA	True	True	True	False
TSS_413_D39V_849299_-	RpoD_Extended_Minus10_Only	SigA	False	True	True	False
TSS_414_D39V_849652_+	RpoD_Extended_Minus10_Only	SigA	False	True	True	False
TSS_415_D39V_851190_+	RpoD_Extended_Minus10_Only	SigA	False	True	True	False
TSS_416_D39V_853710_+	RpoD_Extended_Minus10_Only	SigA	False	True	True	False
TSS_417_D39V_857289_+	RpoD_Extended_Minus10_Only	SigA	False	True	True	False
TSS_418_D39V_857941_+	ComX_SigmaX_Site	SigX	False	False	False	True
TSS_419_D39V_860907_+	RpoD_Complete_Bipartite_With_Extended_Minus10	SigA	True	True	True	False
TSS_420_D39V_863157_+	RpoD_Complete_Bipartite_Standard	SigA	True	False	True	False
TSS_421_D39V_863324_+	Orphan_Unassigned	Unassigned	False	False	False	False
TSS_422_D39V_864986_+	RpoD_Complete_Bipartite_Standard	SigA	True	False	True	False
TSS_423_D39V_866991_+	RpoD_Extended_Minus10_Only	SigA	False	True	True	False
TSS_424_D39V_868963_+	Orphan_Unassigned	Unassigned	False	False	False	False
TSS_425_D39V_870864_-	RpoD_Extended_Minus10_Only	SigA	False	True	True	False
TSS_426_D39V_870922_+	RpoD_Extended_Minus10_Only	SigA	False	True	True	False
TSS_427_D39V_875569_+	RpoD_Extended_Minus10_Only	SigA	False	True	True	False
TSS_428_D39V_879640_+	ComX_SigmaX_Site	SigX	False	False	False	True
TSS_429_D39V_880613_+	RpoD_Extended_Minus10_Only	SigA	False	True	True	False
TSS_430_D39V_883185_+	RpoD_Complete_Bipartite_Standard	SigA	True	False	True	False
TSS_431_D39V_887352_-	RpoD_Extended_Minus10_Only	SigA	False	True	True	False
TSS_432_D39V_888213_-	RpoD_Extended_Minus10_Only	SigA	False	True	True	False
TSS_433_D39V_888330_+	RpoD_Extended_Minus10_Only	SigA	False	True	True	False
TSS_434_D39V_891368_+	RpoD_Complete_Bipartite_With_Extended_Minus10	SigA	True	True	True	False
TSS_435_D39V_894566_+	RpoD_Extended_Minus10_Only	SigA	False	True	True	False
TSS_436_D39V_896223_+	RpoD_Complete_Bipartite_With_Extended_Minus10	SigA	True	True	True	False
TSS_437_D39V_896926_+	Orphan_Unassigned	Unassigned	False	False	False	False
TSS_438_D39V_897876_+	RpoD_Complete_Bipartite_With_Extended_Minus10	SigA	True	True	True	False
TSS_439_D39V_899405_+	RpoD_Complete_Bipartite_Standard	SigA	True	False	True	False
TSS_440_D39V_904081_+	RpoD_Extended_Minus10_Only	SigA	False	True	True	False
TSS_441_D39V_905598_+	RpoD_Extended_Minus10_Only	SigA	False	True	True	False
TSS_442_D39V_909800_+	RpoD_Complete_Bipartite_Standard	SigA	True	False	True	False
TSS_443_D39V_917033_-	RpoD_Complete_Bipartite_With_Extended_Minus10	SigA	True	True	True	False
TSS_444_D39V_920898_-	RpoD_Complete_Bipartite_With_Extended_Minus10	SigA	True	True	True	False
TSS_445_D39V_927214_-	RpoD_Complete_Bipartite_Standard	SigA	True	False	True	False
TSS_446_D39V_935631_-	RpoD_Extended_Minus10_Only	SigA	False	True	True	False
TSS_447_D39V_936131_+	RpoD_Extended_Minus10_Only	SigA	False	True	True	False
TSS_448_D39V_938798_-	RpoD_Complete_Bipartite_With_Extended_Minus10	SigA	True	True	True	False
TSS_449_D39V_938930_+	RpoD_Extended_Minus10_Only	SigA	False	True	True	False
TSS_450_D39V_943786_-	RpoD_Extended_Minus10_Only	SigA	False	True	True	False
TSS_451_D39V_946851_-	RpoD_Complete_Bipartite_Standard	SigA	True	False	True	False
TSS_452_D39V_948733_-	RpoD_Complete_Bipartite_With_Extended_Minus10	SigA	True	True	True	False
TSS_453_D39V_953602_-	RpoD_Extended_Minus10_Only	SigA	False	True	True	False
TSS_454_D39V_954895_-	RpoD_Extended_Minus10_Only	SigA	False	True	True	False
TSS_455_D39V_957720_-	RpoD_Extended_Minus10_Only	SigA	False	True	True	False
TSS_456_D39V_958454_-	RpoD_Complete_Bipartite_With_Extended_Minus10	SigA	True	True	True	False
TSS_457_D39V_959407_-	RpoD_Extended_Minus10_Only	SigA	False	True	True	False
TSS_458_D39V_959489_+	RpoD_Complete_Bipartite_With_Extended_Minus10	SigA	True	True	True	False
TSS_459_D39V_961366_-	RpoD_Extended_Minus10_Only	SigA	False	True	True	False
TSS_460_D39V_963439_-	RpoD_Extended_Minus10_Only	SigA	False	True	True	False
TSS_461_D39V_964202_-	RpoD_Extended_Minus10_Only	SigA	False	True	True	False
TSS_462_D39V_964482_+	RpoD_Extended_Minus10_Only	SigA	False	True	True	False
TSS_463_D39V_966611_-	RpoD_Extended_Minus10_Only	SigA	False	True	True	False
TSS_464_D39V_970110_-	RpoD_Extended_Minus10_Only	SigA	False	True	True	False
TSS_465_D39V_970111_+	Orphan_Unassigned	Unassigned	False	False	False	False
TSS_466_D39V_970764_+	RpoD_Extended_Minus10_Only	SigA	False	True	True	False
TSS_467_D39V_973568_+	Orphan_Unassigned	Unassigned	False	False	False	False
TSS_468_D39V_975625_-	ComX_SigmaX_Site	SigX	False	False	False	True
TSS_469_D39V_977973_-	RpoD_Extended_Minus10_Only	SigA	False	True	True	False
TSS_470_D39V_978939_-	RpoD_Extended_Minus10_Only	SigA	False	True	True	False
TSS_471_D39V_983335_-	RpoD_Extended_Minus10_Only	SigA	False	True	True	False
TSS_472_D39V_984164_-	Orphan_Unassigned	Unassigned	False	False	False	False
TSS_473_D39V_986817_+	RpoD_Extended_Minus10_Only	SigA	False	True	True	False
TSS_474_D39V_987618_-	Orphan_Unassigned	Unassigned	False	False	False	False
TSS_475_D39V_990240_-	RpoD_Complete_Bipartite_With_Extended_Minus10	SigA	True	True	True	False
TSS_476_D39V_993447_-	Orphan_Unassigned	Unassigned	False	False	False	False
TSS_477_D39V_993577_-	RpoD_Extended_Minus10_Only	SigA	False	True	True	False
TSS_478_D39V_993600_-	Orphan_Unassigned	Unassigned	False	False	False	False
TSS_479_D39V_996678_-	RpoD_Complete_Bipartite_With_Extended_Minus10	SigA	True	True	True	False
TSS_480_D39V_1000777_-	RpoD_Extended_Minus10_Only	SigA	False	True	True	False
TSS_481_D39V_1001848_-	RpoD_Extended_Minus10_Only	SigA	False	True	True	False
TSS_482_D39V_1004243_-	RpoD_Extended_Minus10_Only	SigA	False	True	True	False
TSS_483_D39V_1015411_+	RpoD_Extended_Minus10_Only	SigA	False	True	True	False
TSS_484_D39V_1022227_-	RpoD_Extended_Minus10_Only	SigA	False	True	True	False
TSS_485_D39V_1023324_-	RpoD_Extended_Minus10_Only	SigA	False	True	True	False
TSS_486_D39V_1025176_-	RpoD_Complete_Bipartite_Standard	SigA	True	False	True	False
TSS_487_D39V_1026226_-	RpoD_Complete_Bipartite_Standard	SigA	True	False	True	False
TSS_488_D39V_1028210_-	RpoD_Complete_Bipartite_With_Extended_Minus10	SigA	True	True	True	False
TSS_489_D39V_1031103_-	RpoD_Complete_Bipartite_With_Extended_Minus10	SigA	True	True	True	False
TSS_490_D39V_1036872_-	RpoD_Complete_Bipartite_Standard	SigA	True	False	True	False
TSS_491_D39V_1039878_-	RpoD_Extended_Minus10_Only	SigA	False	True	True	False
TSS_492_D39V_1040897_-	Orphan_Unassigned	Unassigned	False	False	False	False
TSS_493_D39V_1045181_-	RpoD_Extended_Minus10_Only	SigA	False	True	True	False
TSS_494_D39V_1047916_-	RpoD_Extended_Minus10_Only	SigA	False	True	True	False
TSS_495_D39V_1047977_+	RpoD_Extended_Minus10_Only	SigA	False	True	True	False
TSS_496_D39V_1048273_+	RpoD_Complete_Bipartite_With_Extended_Minus10	SigA	True	True	True	False
TSS_497_D39V_1051644_-	RpoD_Complete_Bipartite_Standard	SigA	True	False	True	False
TSS_498_D39V_1051849_-	RpoD_Complete_Bipartite_Standard	SigA	True	False	True	False
TSS_499_D39V_1052049_-	RpoD_Complete_Bipartite_Standard	SigA	True	False	True	False
TSS_500_D39V_1052229_-	RpoD_Complete_Bipartite_With_Extended_Minus10	SigA	True	True	True	False
TSS_501_D39V_1052911_-	RpoD_Extended_Minus10_Only	SigA	False	True	True	False
TSS_502_D39V_1052957_+	RpoD_Extended_Minus10_Only	SigA	False	True	True	False
TSS_503_D39V_1053448_+	RpoD_Extended_Minus10_Only	SigA	False	True	True	False
TSS_504_D39V_1055009_-	RpoD_Extended_Minus10_Only	SigA	False	True	True	False
TSS_505_D39V_1055111_+	RpoD_Extended_Minus10_Only	SigA	False	True	True	False
TSS_506_D39V_1062045_-	RpoD_Complete_Bipartite_Standard	SigA	True	False	True	False
TSS_507_D39V_1064823_-	RpoD_Complete_Bipartite_Standard	SigA	True	False	True	False
TSS_508_D39V_1065690_-	RpoD_Complete_Bipartite_With_Extended_Minus10	SigA	True	True	True	False
TSS_509_D39V_1067447_-	RpoD_Complete_Bipartite_Standard	SigA	True	False	True	False
TSS_510_D39V_1069682_-	RpoD_Complete_Bipartite_With_Extended_Minus10	SigA	True	True	True	False
TSS_511_D39V_1069950_+	RpoD_Complete_Bipartite_With_Extended_Minus10	SigA	True	True	True	False
TSS_512_D39V_1072583_+	RpoD_Extended_Minus10_Only	SigA	False	True	True	False
TSS_513_D39V_1073750_+	RpoD_Extended_Minus10_Only	SigA	False	True	True	False
TSS_514_D39V_1079658_-	RpoD_Complete_Bipartite_With_Extended_Minus10	SigA	True	True	True	False
TSS_515_D39V_1082731_-	RpoD_Complete_Bipartite_Standard	SigA	True	False	True	False
TSS_516_D39V_1084121_-	RpoD_Extended_Minus10_Only	SigA	False	True	True	False
TSS_517_D39V_1084974_-	RpoD_Complete_Bipartite_With_Extended_Minus10	SigA	True	True	True	False
TSS_518_D39V_1087203_-	RpoD_Complete_Bipartite_Standard	SigA	True	False	True	False
TSS_519_D39V_1091901_-	Orphan_Unassigned	Unassigned	False	False	False	False
TSS_520_D39V_1093331_-	RpoD_Complete_Bipartite_With_Extended_Minus10	SigA	True	True	True	False
TSS_521_D39V_1094086_-	RpoD_Extended_Minus10_Only	SigA	False	True	True	False
TSS_522_D39V_1094639_-	RpoD_Complete_Bipartite_Standard	SigA	True	False	True	False
TSS_523_D39V_1100188_-	RpoD_Complete_Bipartite_With_Extended_Minus10	SigA	True	True	True	False
TSS_524_D39V_1101545_-	RpoD_Extended_Minus10_Only	SigA	False	True	True	False
TSS_525_D39V_1102488_-	RpoD_Complete_Bipartite_With_Extended_Minus10	SigA	True	True	True	False
TSS_526_D39V_1102918_-	Orphan_Unassigned	Unassigned	False	False	False	False
TSS_527_D39V_1105951_-	RpoD_Complete_Bipartite_With_Extended_Minus10	SigA	True	True	True	False
TSS_528_D39V_1106069_+	RpoD_Complete_Bipartite_With_Extended_Minus10	SigA	True	True	True	False
TSS_529_D39V_1110855_-	RpoD_Complete_Bipartite_Standard	SigA	True	False	True	False
TSS_530_D39V_1112797_-	RpoD_Complete_Bipartite_With_Extended_Minus10	SigA	True	True	True	False
TSS_531_D39V_1113374_-	RpoD_Complete_Bipartite_Standard	SigA	True	False	True	False
TSS_532_D39V_1116312_-	RpoD_Extended_Minus10_Only	SigA	False	True	True	False
TSS_533_D39V_1117527_-	RpoD_Extended_Minus10_Only	SigA	False	True	True	False
TSS_534_D39V_1117585_-	Orphan_Unassigned	Unassigned	False	False	False	False
TSS_535_D39V_1119554_-	RpoD_Complete_Bipartite_With_Extended_Minus10	SigA	True	True	True	False
TSS_536_D39V_1119756_+	Orphan_Unassigned	Unassigned	False	False	False	False
TSS_537_D39V_1121810_+	Orphan_Unassigned	Unassigned	False	False	False	False
TSS_538_D39V_1122325_+	RpoD_Extended_Minus10_Only	SigA	False	True	True	False
TSS_539_D39V_1126466_-	RpoD_Extended_Minus10_Only	SigA	False	True	True	False
TSS_540_D39V_1127501_-	RpoD_Complete_Bipartite_With_Extended_Minus10	SigA	True	True	True	False
TSS_541_D39V_1127624_+	RpoD_Complete_Bipartite_With_Extended_Minus10	SigA	True	True	True	False
TSS_542_D39V_1130639_+	RpoD_Extended_Minus10_Only	SigA	False	True	True	False
TSS_543_D39V_1139380_-	RpoD_Extended_Minus10_Only	SigA	False	True	True	False
TSS_544_D39V_1140727_-	RpoD_Complete_Bipartite_Standard	SigA	True	False	True	False
TSS_545_D39V_1149162_-	RpoD_Extended_Minus10_Only	SigA	False	True	True	False
TSS_546_D39V_1149614_-	Orphan_Unassigned	Unassigned	False	False	False	False
TSS_547_D39V_1151812_-	RpoD_Complete_Bipartite_Standard	SigA	True	False	True	False
TSS_548_D39V_1153265_-	RpoD_Complete_Bipartite_Standard	SigA	True	False	True	False
TSS_549_D39V_1154757_-	ComX_SigmaX_Site	SigX	False	False	False	True
TSS_550_D39V_1159051_-	RpoD_Extended_Minus10_Only	SigA	False	True	True	False
TSS_551_D39V_1159217_-	Orphan_Unassigned	Unassigned	False	False	False	False
TSS_552_D39V_1159338_+	RpoD_Complete_Bipartite_With_Extended_Minus10	SigA	True	True	True	False
TSS_553_D39V_1159340_+	RpoD_Complete_Bipartite_With_Extended_Minus10	SigA	True	True	True	False
TSS_554_D39V_1168970_-	RpoD_Extended_Minus10_Only	SigA	False	True	True	False
TSS_555_D39V_1170223_-	RpoD_Extended_Minus10_Only	SigA	False	True	True	False
TSS_556_D39V_1170339_+	RpoD_Extended_Minus10_Only	SigA	False	True	True	False
TSS_557_D39V_1170746_+	RpoD_Complete_Bipartite_With_Extended_Minus10	SigA	True	True	True	False
TSS_558_D39V_1174123_-	RpoD_Complete_Bipartite_With_Extended_Minus10	SigA	True	True	True	False
TSS_559_D39V_1174168_+	RpoD_Extended_Minus10_Only	SigA	False	True	True	False
TSS_560_D39V_1175105_+	RpoD_Complete_Bipartite_With_Extended_Minus10	SigA	True	True	True	False
TSS_561_D39V_1178648_-	RpoD_Extended_Minus10_Only	SigA	False	True	True	False
TSS_562_D39V_1179142_-	RpoD_Extended_Minus10_Only	SigA	False	True	True	False
TSS_563_D39V_1179188_+	RpoD_Complete_Bipartite_With_Extended_Minus10	SigA	True	True	True	False
TSS_564_D39V_1181901_-	Orphan_Unassigned	Unassigned	False	False	False	False
TSS_565_D39V_1182924_-	RpoD_Extended_Minus10_Only	SigA	False	True	True	False
TSS_566_D39V_1183485_-	RpoD_Complete_Bipartite_With_Extended_Minus10	SigA	True	True	True	False
TSS_567_D39V_1183548_+	RpoD_Complete_Bipartite_With_Extended_Minus10	SigA	True	True	True	False
TSS_568_D39V_1184547_+	Orphan_Unassigned	Unassigned	False	False	False	False
TSS_569_D39V_1187118_-	RpoD_Standard_Minus10_Only	SigA	False	False	True	False
TSS_570_D39V_1187429_+	RpoD_Complete_Bipartite_With_Extended_Minus10	SigA	True	True	True	False
TSS_571_D39V_1202802_-	RpoD_Extended_Minus10_Only	SigA	False	True	True	False
TSS_572_D39V_1202833_-	RpoD_Complete_Bipartite_With_Extended_Minus10	SigA	True	True	True	False
TSS_573_D39V_1212984_-	RpoD_Standard_Minus10_Only	SigA	False	False	True	False
TSS_574_D39V_1215355_-	Orphan_Unassigned	Unassigned	False	False	False	False
TSS_575_D39V_1215469_-	Orphan_Unassigned	Unassigned	False	False	False	False
TSS_576_D39V_1216425_-	RpoD_Extended_Minus10_Only	SigA	False	True	True	False
TSS_577_D39V_1217994_-	RpoD_Extended_Minus10_Only	SigA	False	True	True	False
TSS_578_D39V_1222704_-	Orphan_Unassigned	Unassigned	False	False	False	False
TSS_579_D39V_1225016_-	RpoD_Extended_Minus10_Only	SigA	False	True	True	False
TSS_580_D39V_1225904_-	RpoD_Complete_Bipartite_With_Extended_Minus10	SigA	True	True	True	False
TSS_581_D39V_1231477_-	RpoD_Extended_Minus10_Only	SigA	False	True	True	False
TSS_582_D39V_1235545_-	Orphan_Unassigned	Unassigned	False	False	False	False
TSS_583_D39V_1235633_-	RpoD_Extended_Minus10_Only	SigA	False	True	True	False
TSS_584_D39V_1242103_-	RpoD_Complete_Bipartite_With_Extended_Minus10	SigA	True	True	True	False
TSS_585_D39V_1242196_+	RpoD_Extended_Minus10_Only	SigA	False	True	True	False
TSS_586_D39V_1245185_-	RpoD_Complete_Bipartite_Standard	SigA	True	False	True	False
TSS_587_D39V_1245304_+	RpoD_Extended_Minus10_Only	SigA	False	True	True	False
TSS_588_D39V_1250194_-	RpoD_Complete_Bipartite_Standard	SigA	True	False	True	False
TSS_589_D39V_1250634_-	Orphan_Unassigned	Unassigned	False	False	False	False
TSS_590_D39V_1255590_-	RpoD_Complete_Bipartite_With_Extended_Minus10	SigA	True	True	True	False
TSS_591_D39V_1257079_-	Orphan_Unassigned	Unassigned	False	False	False	False
TSS_592_D39V_1257202_-	RpoD_Extended_Minus10_Only	SigA	False	True	True	False
TSS_593_D39V_1259444_-	RpoD_Complete_Bipartite_Standard	SigA	True	False	True	False
TSS_594_D39V_1265026_-	RpoD_Extended_Minus10_Only	SigA	False	True	True	False
TSS_595_D39V_1267843_-	RpoD_Complete_Bipartite_With_Extended_Minus10	SigA	True	True	True	False
TSS_596_D39V_1271288_-	RpoD_Extended_Minus10_Only	SigA	False	True	True	False
TSS_597_D39V_1273902_-	RpoD_Complete_Bipartite_With_Extended_Minus10	SigA	True	True	True	False
TSS_598_D39V_1274211_-	RpoD_Complete_Bipartite_Standard	SigA	True	False	True	False
TSS_599_D39V_1274289_-	Orphan_Unassigned	Unassigned	False	False	False	False
TSS_600_D39V_1275053_-	RpoD_Complete_Bipartite_Standard	SigA	True	False	True	False
TSS_601_D39V_1275151_+	RpoD_Extended_Minus10_Only	SigA	False	True	True	False
TSS_602_D39V_1277991_-	RpoD_Extended_Minus10_Only	SigA	False	True	True	False
TSS_603_D39V_1281748_-	RpoD_Complete_Bipartite_With_Extended_Minus10	SigA	True	True	True	False
TSS_604_D39V_1287478_-	RpoD_Complete_Bipartite_Standard	SigA	True	False	True	False
TSS_605_D39V_1287942_+	RpoD_Complete_Bipartite_With_Extended_Minus10	SigA	True	True	True	False
TSS_606_D39V_1291372_-	RpoD_Complete_Bipartite_With_Extended_Minus10	SigA	True	True	True	False
TSS_607_D39V_1291405_+	RpoD_Complete_Bipartite_Standard	SigA	True	False	True	False
TSS_608_D39V_1296045_-	RpoD_Complete_Bipartite_With_Extended_Minus10	SigA	True	True	True	False
TSS_609_D39V_1296266_+	Orphan_Unassigned	Unassigned	False	False	False	False
TSS_610_D39V_1300317_-	Orphan_Unassigned	Unassigned	False	False	False	False
TSS_611_D39V_1302186_-	RpoD_Extended_Minus10_Only	SigA	False	True	True	False
TSS_612_D39V_1305617_-	RpoD_Complete_Bipartite_Standard	SigA	True	False	True	False
TSS_613_D39V_1308537_-	RpoD_Complete_Bipartite_With_Extended_Minus10	SigA	True	True	True	False
TSS_614_D39V_1308660_+	RpoD_Extended_Minus10_Only	SigA	False	True	True	False
TSS_615_D39V_1309407_+	RpoD_Complete_Bipartite_With_Extended_Minus10	SigA	True	True	True	False
TSS_616_D39V_1311112_-	Orphan_Unassigned	Unassigned	False	False	False	False
TSS_617_D39V_1311440_-	RpoD_Complete_Bipartite_With_Extended_Minus10	SigA	True	True	True	False
TSS_618_D39V_1313018_-	RpoD_Extended_Minus10_Only	SigA	False	True	True	False
TSS_619_D39V_1313084_-	RpoD_Extended_Minus10_Only	SigA	False	True	True	False
TSS_620_D39V_1314554_-	RpoD_Extended_Minus10_Only	SigA	False	True	True	False
TSS_621_D39V_1314635_+	RpoD_Complete_Bipartite_With_Extended_Minus10	SigA	True	True	True	False
TSS_622_D39V_1318792_-	RpoD_Extended_Minus10_Only	SigA	False	True	True	False
TSS_623_D39V_1318973_+	RpoD_Complete_Bipartite_With_Extended_Minus10	SigA	True	True	True	False
TSS_624_D39V_1326709_-	RpoD_Complete_Bipartite_With_Extended_Minus10	SigA	True	True	True	False
TSS_625_D39V_1327625_-	RpoD_Extended_Minus10_Only	SigA	False	True	True	False
TSS_626_D39V_1329109_-	RpoD_Complete_Bipartite_With_Extended_Minus10	SigA	True	True	True	False
TSS_627_D39V_1329764_-	RpoD_Extended_Minus10_Only	SigA	False	True	True	False
TSS_628_D39V_1329816_-	ComX_SigmaX_Site	SigX	False	False	False	True
TSS_629_D39V_1329908_+	RpoD_Extended_Minus10_Only	SigA	False	True	True	False
TSS_630_D39V_1333592_-	Orphan_Unassigned	Unassigned	False	False	False	False
TSS_631_D39V_1334568_-	Orphan_Unassigned	Unassigned	False	False	False	False
TSS_632_D39V_1336213_-	RpoD_Complete_Bipartite_With_Extended_Minus10	SigA	True	True	True	False
TSS_633_D39V_1337971_-	RpoD_Complete_Bipartite_Standard	SigA	True	False	True	False
TSS_634_D39V_1338947_+	RpoD_Extended_Minus10_Only	SigA	False	True	True	False
TSS_635_D39V_1341603_+	RpoD_Complete_Bipartite_With_Extended_Minus10	SigA	True	True	True	False
TSS_636_D39V_1343442_+	RpoD_Extended_Minus10_Only	SigA	False	True	True	False
TSS_637_D39V_1346242_-	RpoD_Complete_Bipartite_With_Extended_Minus10	SigA	True	True	True	False
TSS_638_D39V_1348771_-	RpoD_Extended_Minus10_Only	SigA	False	True	True	False
TSS_639_D39V_1348873_+	RpoD_Complete_Bipartite_With_Extended_Minus10	SigA	True	True	True	False
TSS_640_D39V_1356313_-	RpoD_Complete_Bipartite_Standard	SigA	True	False	True	False
TSS_641_D39V_1357395_-	RpoD_Extended_Minus10_Only	SigA	False	True	True	False
TSS_642_D39V_1360995_-	RpoD_Complete_Bipartite_With_Extended_Minus10	SigA	True	True	True	False
TSS_643_D39V_1363996_-	RpoD_Complete_Bipartite_With_Extended_Minus10	SigA	True	True	True	False
TSS_644_D39V_1367143_-	RpoD_Complete_Bipartite_With_Extended_Minus10	SigA	True	True	True	False
TSS_645_D39V_1369505_-	RpoD_Extended_Minus10_Only	SigA	False	True	True	False
TSS_646_D39V_1373483_-	RpoD_Complete_Bipartite_Standard	SigA	True	False	True	False
TSS_647_D39V_1375321_-	RpoD_Complete_Bipartite_Standard	SigA	True	False	True	False
TSS_648_D39V_1375387_+	Orphan_Unassigned	Unassigned	False	False	False	False
TSS_649_D39V_1377071_-	Orphan_Unassigned	Unassigned	False	False	False	False
TSS_650_D39V_1377114_-	RpoD_Complete_Bipartite_Standard	SigA	True	False	True	False
TSS_651_D39V_1379364_-	RpoD_Complete_Bipartite_With_Extended_Minus10	SigA	True	True	True	False
TSS_652_D39V_1380448_-	RpoD_Complete_Bipartite_With_Extended_Minus10	SigA	True	True	True	False
TSS_653_D39V_1382287_-	RpoD_Extended_Minus10_Only	SigA	False	True	True	False
TSS_654_D39V_1382606_-	Orphan_Unassigned	Unassigned	False	False	False	False
TSS_655_D39V_1383337_-	Orphan_Unassigned	Unassigned	False	False	False	False
TSS_656_D39V_1383667_-	RpoD_Complete_Bipartite_With_Extended_Minus10	SigA	True	True	True	False
TSS_657_D39V_1385232_-	Orphan_Unassigned	Unassigned	False	False	False	False
TSS_658_D39V_1386019_-	RpoD_Complete_Bipartite_Standard	SigA	True	False	True	False
TSS_659_D39V_1387146_-	RpoD_Complete_Bipartite_With_Extended_Minus10	SigA	True	True	True	False
TSS_660_D39V_1387422_+	RpoD_Extended_Minus10_Only	SigA	False	True	True	False
TSS_661_D39V_1395933_-	Orphan_Unassigned	Unassigned	False	False	False	False
TSS_662_D39V_1396107_+	RpoD_Complete_Bipartite_Standard	SigA	True	False	True	False
TSS_663_D39V_1398387_-	RpoD_Extended_Minus10_Only	SigA	False	True	True	False
TSS_664_D39V_1398657_-	RpoD_Extended_Minus10_Only	SigA	False	True	True	False
TSS_665_D39V_1400846_-	RpoD_Complete_Bipartite_With_Extended_Minus10	SigA	True	True	True	False
TSS_666_D39V_1404618_-	RpoD_Complete_Bipartite_With_Extended_Minus10	SigA	True	True	True	False
TSS_667_D39V_1404707_+	RpoD_Complete_Bipartite_Standard	SigA	True	False	True	False
TSS_668_D39V_1411418_-	RpoD_Extended_Minus10_Only	SigA	False	True	True	False
TSS_669_D39V_1414495_-	RpoD_Extended_Minus10_Only	SigA	False	True	True	False
TSS_670_D39V_1414577_+	RpoD_Complete_Bipartite_With_Extended_Minus10	SigA	True	True	True	False
TSS_671_D39V_1418486_-	Orphan_Unassigned	Unassigned	False	False	False	False
TSS_672_D39V_1418510_-	Orphan_Unassigned	Unassigned	False	False	False	False
TSS_673_D39V_1421376_-	RpoD_Extended_Minus10_Only	SigA	False	True	True	False
TSS_674_D39V_1421988_-	RpoD_Extended_Minus10_Only	SigA	False	True	True	False
TSS_675_D39V_1422049_-	Orphan_Unassigned	Unassigned	False	False	False	False
TSS_676_D39V_1422799_-	Orphan_Unassigned	Unassigned	False	False	False	False
TSS_677_D39V_1424830_-	RpoD_Extended_Minus10_Only	SigA	False	True	True	False
TSS_678_D39V_1426597_-	RpoD_Complete_Bipartite_With_Extended_Minus10	SigA	True	True	True	False
TSS_679_D39V_1427250_-	RpoD_Complete_Bipartite_With_Extended_Minus10	SigA	True	True	True	False
TSS_680_D39V_1428087_-	RpoD_Complete_Bipartite_With_Extended_Minus10	SigA	True	True	True	False
TSS_681_D39V_1428152_+	RpoD_Complete_Bipartite_Standard	SigA	True	False	True	False
TSS_682_D39V_1428166_-	RpoD_Extended_Minus10_Only	SigA	False	True	True	False
TSS_683_D39V_1429725_-	RpoD_Complete_Bipartite_Standard	SigA	True	False	True	False
TSS_684_D39V_1430076_-	RpoD_Complete_Bipartite_Standard	SigA	True	False	True	False
TSS_685_D39V_1431532_-	RpoD_Complete_Bipartite_With_Extended_Minus10	SigA	True	True	True	False
TSS_686_D39V_1431691_+	RpoD_Complete_Bipartite_Standard	SigA	True	False	True	False
TSS_687_D39V_1433494_-	RpoD_Extended_Minus10_Only	SigA	False	True	True	False
TSS_688_D39V_1434825_-	Orphan_Unassigned	Unassigned	False	False	False	False
TSS_689_D39V_1434948_+	RpoD_Extended_Minus10_Only	SigA	False	True	True	False
TSS_690_D39V_1436380_+	RpoD_Extended_Minus10_Only	SigA	False	True	True	False
TSS_691_D39V_1438613_+	Orphan_Unassigned	Unassigned	False	False	False	False
TSS_692_D39V_1440975_-	Orphan_Unassigned	Unassigned	False	False	False	False
TSS_693_D39V_1443479_-	Orphan_Unassigned	Unassigned	False	False	False	False
TSS_694_D39V_1446205_-	RpoD_Complete_Bipartite_With_Extended_Minus10	SigA	True	True	True	False
TSS_695_D39V_1447486_+	Orphan_Unassigned	Unassigned	False	False	False	False
TSS_696_D39V_1447718_-	RpoD_Extended_Minus10_Only	SigA	False	True	True	False
TSS_697_D39V_1449764_-	RpoD_Complete_Bipartite_With_Extended_Minus10	SigA	True	True	True	False
TSS_698_D39V_1452642_-	RpoD_Extended_Minus10_Only	SigA	False	True	True	False
TSS_699_D39V_1455054_-	RpoD_Complete_Bipartite_With_Extended_Minus10	SigA	True	True	True	False
TSS_700_D39V_1455163_+	RpoD_Complete_Bipartite_With_Extended_Minus10	SigA	True	True	True	False
TSS_701_D39V_1457011_-	RpoD_Complete_Bipartite_With_Extended_Minus10	SigA	True	True	True	False
TSS_702_D39V_1457929_-	RpoD_Complete_Bipartite_Standard	SigA	True	False	True	False
TSS_703_D39V_1458650_+	Orphan_Unassigned	Unassigned	False	False	False	False
TSS_704_D39V_1458809_+	RpoD_Complete_Bipartite_With_Extended_Minus10	SigA	True	True	True	False
TSS_705_D39V_1459261_+	RpoD_Complete_Bipartite_With_Extended_Minus10	SigA	True	True	True	False
TSS_706_D39V_1463517_-	RpoD_Extended_Minus10_Only	SigA	False	True	True	False
TSS_707_D39V_1463641_+	Orphan_Unassigned	Unassigned	False	False	False	False
TSS_708_D39V_1465141_-	RpoD_Extended_Minus10_Only	SigA	False	True	True	False
TSS_709_D39V_1465278_-	Orphan_Unassigned	Unassigned	False	False	False	False
TSS_710_D39V_1465677_-	RpoD_Complete_Bipartite_Standard	SigA	True	False	True	False
TSS_711_D39V_1466573_-	RpoD_Extended_Minus10_Only	SigA	False	True	True	False
TSS_712_D39V_1466638_+	RpoD_Extended_Minus10_Only	SigA	False	True	True	False
TSS_713_D39V_1468241_+	Orphan_Unassigned	Unassigned	False	False	False	False
TSS_714_D39V_1469696_-	RpoD_Extended_Minus10_Only	SigA	False	True	True	False
TSS_715_D39V_1473163_-	RpoD_Complete_Bipartite_With_Extended_Minus10	SigA	True	True	True	False
TSS_716_D39V_1473999_+	RpoD_Extended_Minus10_Only	SigA	False	True	True	False
TSS_717_D39V_1476809_-	Orphan_Unassigned	Unassigned	False	False	False	False
TSS_718_D39V_1477058_+	RpoD_Complete_Bipartite_Standard	SigA	True	False	True	False
TSS_719_D39V_1479706_+	Orphan_Unassigned	Unassigned	False	False	False	False
TSS_720_D39V_1483738_-	Orphan_Unassigned	Unassigned	False	False	False	False
TSS_721_D39V_1483876_-	RpoD_Complete_Bipartite_With_Extended_Minus10	SigA	True	True	True	False
TSS_722_D39V_1486385_-	RpoD_Extended_Minus10_Only	SigA	False	True	True	False
TSS_723_D39V_1487176_-	Orphan_Unassigned	Unassigned	False	False	False	False
TSS_724_D39V_1488117_-	RpoD_Complete_Bipartite_With_Extended_Minus10	SigA	True	True	True	False
TSS_725_D39V_1497383_-	RpoD_Extended_Minus10_Only	SigA	False	True	True	False
TSS_726_D39V_1498264_-	RpoD_Extended_Minus10_Only	SigA	False	True	True	False
TSS_727_D39V_1501453_-	RpoD_Extended_Minus10_Only	SigA	False	True	True	False
TSS_728_D39V_1504278_-	RpoD_Extended_Minus10_Only	SigA	False	True	True	False
TSS_729_D39V_1504406_+	RpoD_Complete_Bipartite_With_Extended_Minus10	SigA	True	True	True	False
TSS_730_D39V_1507197_-	RpoD_Complete_Bipartite_Standard	SigA	True	False	True	False
TSS_731_D39V_1513518_-	RpoD_Extended_Minus10_Only	SigA	False	True	True	False
TSS_732_D39V_1514942_-	RpoD_Complete_Bipartite_With_Extended_Minus10	SigA	True	True	True	False
TSS_733_D39V_1526639_-	RpoD_Complete_Bipartite_With_Extended_Minus10	SigA	True	True	True	False
TSS_734_D39V_1528412_-	RpoD_Extended_Minus10_Only	SigA	False	True	True	False
TSS_735_D39V_1528643_-	Orphan_Unassigned	Unassigned	False	False	False	False
TSS_736_D39V_1536931_-	RpoD_Complete_Bipartite_With_Extended_Minus10	SigA	True	True	True	False
TSS_737_D39V_1540098_+	RpoD_Complete_Bipartite_With_Extended_Minus10	SigA	True	True	True	False
TSS_738_D39V_1542093_-	RpoD_Complete_Bipartite_With_Extended_Minus10	SigA	True	True	True	False
TSS_739_D39V_1546741_-	RpoD_Complete_Bipartite_With_Extended_Minus10	SigA	True	True	True	False
TSS_740_D39V_1546828_+	RpoD_Complete_Bipartite_With_Extended_Minus10	SigA	True	True	True	False
TSS_741_D39V_1551231_-	RpoD_Complete_Bipartite_Standard	SigA	True	False	True	False
TSS_742_D39V_1551527_-	RpoD_Standard_Minus10_Only	SigA	False	False	True	False
TSS_743_D39V_1552495_+	RpoD_Extended_Minus10_Only	SigA	False	True	True	False
TSS_744_D39V_1553182_+	Orphan_Unassigned	Unassigned	False	False	False	False
TSS_745_D39V_1554366_-	RpoD_Extended_Minus10_Only	SigA	False	True	True	False
TSS_746_D39V_1556437_-	RpoD_Complete_Bipartite_With_Extended_Minus10	SigA	True	True	True	False
TSS_747_D39V_1556730_+	Orphan_Unassigned	Unassigned	False	False	False	False
TSS_748_D39V_1561671_-	RpoD_Extended_Minus10_Only	SigA	False	True	True	False
TSS_749_D39V_1562477_-	RpoD_Extended_Minus10_Only	SigA	False	True	True	False
TSS_750_D39V_1563998_-	RpoD_Extended_Minus10_Only	SigA	False	True	True	False
TSS_751_D39V_1567019_-	RpoD_Complete_Bipartite_With_Extended_Minus10	SigA	True	True	True	False
TSS_752_D39V_1572584_-	Orphan_Unassigned	Unassigned	False	False	False	False
TSS_753_D39V_1574289_-	RpoD_Extended_Minus10_Only	SigA	False	True	True	False
TSS_754_D39V_1574975_-	RpoD_Complete_Bipartite_Standard	SigA	True	False	True	False
TSS_755_D39V_1582377_-	RpoD_Extended_Minus10_Only	SigA	False	True	True	False
TSS_756_D39V_1582988_-	RpoD_Complete_Bipartite_With_Extended_Minus10	SigA	True	True	True	False
TSS_757_D39V_1583092_+	RpoD_Complete_Bipartite_With_Extended_Minus10	SigA	True	True	True	False
TSS_758_D39V_1585406_+	RpoD_Complete_Bipartite_Standard	SigA	True	False	True	False
TSS_759_D39V_1585942_+	RpoD_Complete_Bipartite_Standard	SigA	True	False	True	False
TSS_760_D39V_1588530_-	Orphan_Unassigned	Unassigned	False	False	False	False
TSS_761_D39V_1595105_-	RpoD_Extended_Minus10_Only	SigA	False	True	True	False
TSS_762_D39V_1595109_+	RpoD_Extended_Minus10_Only	SigA	False	True	True	False
TSS_763_D39V_1595134_-	RpoD_Extended_Minus10_Only	SigA	False	True	True	False
TSS_764_D39V_1596020_-	RpoD_Complete_Bipartite_With_Extended_Minus10	SigA	True	True	True	False
TSS_765_D39V_1596069_-	RpoD_Standard_Minus10_Only	SigA	False	False	True	False
TSS_766_D39V_1596713_-	RpoD_Standard_Minus10_Only	SigA	False	False	True	False
TSS_767_D39V_1596936_+	RpoD_Complete_Bipartite_With_Extended_Minus10	SigA	True	True	True	False
TSS_768_D39V_1598326_+	RpoD_Complete_Bipartite_With_Extended_Minus10	SigA	True	True	True	False
TSS_769_D39V_1598534_+	Orphan_Unassigned	Unassigned	False	False	False	False
TSS_770_D39V_1603377_-	RpoD_Complete_Bipartite_With_Extended_Minus10	SigA	True	True	True	False
TSS_771_D39V_1603669_-	RpoD_Complete_Bipartite_Standard	SigA	True	False	True	False
TSS_772_D39V_1604430_-	Orphan_Unassigned	Unassigned	False	False	False	False
TSS_773_D39V_1606297_-	RpoD_Extended_Minus10_Only	SigA	False	True	True	False
TSS_774_D39V_1606494_+	RpoD_Standard_Minus10_Only	SigA	False	False	True	False
TSS_775_D39V_1606580_+	RpoD_Complete_Bipartite_Standard	SigA	True	False	True	False
TSS_776_D39V_1609575_-	RpoD_Standard_Minus10_Only	SigA	False	False	True	False
TSS_777_D39V_1609620_+	ComX_SigmaX_Site	SigX	False	False	False	True
TSS_778_D39V_1612254_-	RpoD_Extended_Minus10_Only	SigA	False	True	True	False
TSS_779_D39V_1619057_-	Orphan_Unassigned	Unassigned	False	False	False	False
TSS_780_D39V_1619341_-	Orphan_Unassigned	Unassigned	False	False	False	False
TSS_781_D39V_1619381_-	ComX_SigmaX_Site	SigX	False	False	False	True
TSS_782_D39V_1619756_-	RpoD_Complete_Bipartite_Standard	SigA	True	False	True	False
TSS_783_D39V_1620443_-	RpoD_Extended_Minus10_Only	SigA	False	True	True	False
TSS_784_D39V_1621002_-	RpoD_Complete_Bipartite_With_Extended_Minus10	SigA	True	True	True	False
TSS_785_D39V_1622173_-	RpoD_Extended_Minus10_Only	SigA	False	True	True	False
TSS_786_D39V_1626870_-	RpoD_Complete_Bipartite_Standard	SigA	True	False	True	False
TSS_787_D39V_1633260_-	RpoD_Complete_Bipartite_Standard	SigA	True	False	True	False
TSS_788_D39V_1636318_-	RpoD_Complete_Bipartite_Standard	SigA	True	False	True	False
TSS_789_D39V_1636342_-	RpoD_Complete_Bipartite_With_Extended_Minus10	SigA	True	True	True	False
TSS_790_D39V_1641101_-	RpoD_Complete_Bipartite_Standard	SigA	True	False	True	False
TSS_791_D39V_1641182_+	RpoD_Extended_Minus10_Only	SigA	False	True	True	False
TSS_792_D39V_1642795_+	RpoD_Complete_Bipartite_Standard	SigA	True	False	True	False
TSS_793_D39V_1646480_-	RpoD_Extended_Minus10_Only	SigA	False	True	True	False
TSS_794_D39V_1647032_-	RpoD_Standard_Minus10_Only	SigA	False	False	True	False
TSS_795_D39V_1649808_-	RpoD_Complete_Bipartite_Standard	SigA	True	False	True	False
TSS_796_D39V_1649907_+	RpoD_Extended_Minus10_Only	SigA	False	True	True	False
TSS_797_D39V_1652418_-	RpoD_Complete_Bipartite_Standard	SigA	True	False	True	False
TSS_798_D39V_1653543_-	Orphan_Unassigned	Unassigned	False	False	False	False
TSS_799_D39V_1660471_-	RpoD_Complete_Bipartite_With_Extended_Minus10	SigA	True	True	True	False
TSS_800_D39V_1662520_-	RpoD_Extended_Minus10_Only	SigA	False	True	True	False
TSS_801_D39V_1663678_-	Orphan_Unassigned	Unassigned	False	False	False	False
TSS_802_D39V_1663984_+	RpoD_Complete_Bipartite_Standard	SigA	True	False	True	False
TSS_803_D39V_1673779_-	Orphan_Unassigned	Unassigned	False	False	False	False
TSS_804_D39V_1674163_-	RpoD_Extended_Minus10_Only	SigA	False	True	True	False
TSS_805_D39V_1675959_-	RpoD_Complete_Bipartite_Standard	SigA	True	False	True	False
TSS_806_D39V_1678189_+	RpoD_Extended_Minus10_Only	SigA	False	True	True	False
TSS_807_D39V_1679230_+	Orphan_Unassigned	Unassigned	False	False	False	False
TSS_808_D39V_1686994_-	RpoD_Complete_Bipartite_With_Extended_Minus10	SigA	True	True	True	False
TSS_809_D39V_1688888_-	RpoD_Extended_Minus10_Only	SigA	False	True	True	False
TSS_810_D39V_1696115_+	RpoD_Extended_Minus10_Only	SigA	False	True	True	False
TSS_811_D39V_1698864_-	Orphan_Unassigned	Unassigned	False	False	False	False
TSS_812_D39V_1698973_-	Orphan_Unassigned	Unassigned	False	False	False	False
TSS_813_D39V_1700068_-	Orphan_Unassigned	Unassigned	False	False	False	False
TSS_814_D39V_1700414_-	Orphan_Unassigned	Unassigned	False	False	False	False
TSS_815_D39V_1703496_-	Orphan_Unassigned	Unassigned	False	False	False	False
TSS_816_D39V_1705275_-	Orphan_Unassigned	Unassigned	False	False	False	False
TSS_817_D39V_1705315_-	ComX_SigmaX_Site	SigX	False	True	True	True
TSS_818_D39V_1705508_-	RpoD_Complete_Bipartite_Standard	SigA	True	False	True	False
TSS_819_D39V_1706907_-	RpoD_Extended_Minus10_Only	SigA	False	True	True	False
TSS_820_D39V_1706945_+	RpoD_Extended_Minus10_Only	SigA	False	True	True	False
TSS_821_D39V_1707776_+	RpoD_Extended_Minus10_Only	SigA	False	True	True	False
TSS_822_D39V_1708419_-	RpoD_Extended_Minus10_Only	SigA	False	True	True	False
TSS_823_D39V_1709069_-	RpoD_Extended_Minus10_Only	SigA	False	True	True	False
TSS_824_D39V_1712375_-	RpoD_Complete_Bipartite_With_Extended_Minus10	SigA	True	True	True	False
TSS_825_D39V_1712849_-	RpoD_Standard_Minus10_Only	SigA	False	False	True	False
TSS_826_D39V_1712878_-	ComX_SigmaX_Site	SigX	False	False	False	True
TSS_827_D39V_1714982_-	RpoD_Extended_Minus10_Only	SigA	False	True	True	False
TSS_828_D39V_1716820_-	RpoD_Extended_Minus10_Only	SigA	False	True	True	False
TSS_829_D39V_1717798_-	RpoD_Complete_Bipartite_Standard	SigA	True	False	True	False
TSS_830_D39V_1720614_-	Orphan_Unassigned	Unassigned	False	False	False	False
TSS_831_D39V_1721062_-	RpoD_Complete_Bipartite_With_Extended_Minus10	SigA	True	True	True	False
TSS_832_D39V_1724850_-	RpoD_Extended_Minus10_Only	SigA	False	True	True	False
TSS_833_D39V_1724947_+	RpoD_Extended_Minus10_Only	SigA	False	True	True	False
TSS_834_D39V_1731264_-	RpoD_Extended_Minus10_Only	SigA	False	True	True	False
TSS_835_D39V_1732125_+	ComX_SigmaX_Site	SigX	False	False	False	True
TSS_836_D39V_1732760_-	RpoD_Complete_Bipartite_With_Extended_Minus10	SigA	True	True	True	False
TSS_837_D39V_1734268_-	RpoD_Complete_Bipartite_With_Extended_Minus10	SigA	True	True	True	False
TSS_838_D39V_1734772_-	Orphan_Unassigned	Unassigned	False	False	False	False
TSS_839_D39V_1735554_-	ComX_SigmaX_Site	SigX	False	False	False	True
TSS_840_D39V_1737604_-	RpoD_Complete_Bipartite_With_Extended_Minus10	SigA	True	True	True	False
TSS_841_D39V_1738327_-	RpoD_Standard_Minus10_Only	SigA	False	False	True	False
TSS_842_D39V_1739584_-	RpoD_Complete_Bipartite_Standard	SigA	True	False	True	False
TSS_843_D39V_1739722_+	RpoD_Complete_Bipartite_With_Extended_Minus10	SigA	True	True	True	False
TSS_844_D39V_1746991_+	Orphan_Unassigned	Unassigned	False	False	False	False
TSS_845_D39V_1749122_+	RpoD_Complete_Bipartite_With_Extended_Minus10	SigA	True	True	True	False
TSS_846_D39V_1752214_-	RpoD_Extended_Minus10_Only	SigA	False	True	True	False
TSS_847_D39V_1759868_-	RpoD_Complete_Bipartite_With_Extended_Minus10	SigA	True	True	True	False
TSS_848_D39V_1760032_+	RpoD_Complete_Bipartite_Standard	SigA	True	False	True	False
TSS_849_D39V_1761663_-	RpoD_Extended_Minus10_Only	SigA	False	True	True	False
TSS_850_D39V_1764446_-	RpoD_Extended_Minus10_Only	SigA	False	True	True	False
TSS_851_D39V_1766542_-	RpoD_Complete_Bipartite_With_Extended_Minus10	SigA	True	True	True	False
TSS_852_D39V_1767622_-	RpoD_Standard_Minus10_Only	SigA	False	False	True	False
TSS_853_D39V_1768422_-	RpoD_Complete_Bipartite_With_Extended_Minus10	SigA	True	True	True	False
TSS_854_D39V_1769190_-	RpoD_Extended_Minus10_Only	SigA	False	True	True	False
TSS_855_D39V_1769191_+	RpoD_Complete_Bipartite_Standard	SigA	True	False	True	False
TSS_856_D39V_1769551_+	Orphan_Unassigned	Unassigned	False	False	False	False
TSS_857_D39V_1771403_-	RpoD_Extended_Minus10_Only	SigA	False	True	True	False
TSS_858_D39V_1773840_-	RpoD_Extended_Minus10_Only	SigA	False	True	True	False
TSS_859_D39V_1776166_-	ComX_SigmaX_Site	SigX	False	False	False	True
TSS_860_D39V_1779169_-	RpoD_Extended_Minus10_Only	SigA	False	True	True	False
TSS_861_D39V_1782350_-	RpoD_Complete_Bipartite_Standard	SigA	True	False	True	False
TSS_862_D39V_1784845_-	RpoD_Extended_Minus10_Only	SigA	False	True	True	False
TSS_863_D39V_1786259_-	RpoD_Complete_Bipartite_Standard	SigA	True	False	True	False
TSS_864_D39V_1787574_-	RpoD_Complete_Bipartite_With_Extended_Minus10	SigA	True	True	True	False
TSS_865_D39V_1788033_-	RpoD_Extended_Minus10_Only	SigA	False	True	True	False
TSS_866_D39V_1788137_+	Orphan_Unassigned	Unassigned	False	False	False	False
TSS_867_D39V_1790062_-	RpoD_Complete_Bipartite_With_Extended_Minus10	SigA	True	True	True	False
TSS_868_D39V_1790074_+	RpoD_Extended_Minus10_Only	SigA	False	True	True	False
TSS_869_D39V_1792441_-	RpoD_Complete_Bipartite_With_Extended_Minus10	SigA	True	True	True	False
TSS_870_D39V_1794890_-	RpoD_Extended_Minus10_Only	SigA	False	True	True	False
TSS_871_D39V_1796461_-	RpoD_Standard_Minus10_Only	SigA	False	False	True	False
TSS_872_D39V_1797653_-	Orphan_Unassigned	Unassigned	False	False	False	False
TSS_873_D39V_1797965_-	Orphan_Unassigned	Unassigned	False	False	False	False
TSS_874_D39V_1801047_-	Orphan_Unassigned	Unassigned	False	False	False	False
TSS_875_D39V_1801133_+	Orphan_Unassigned	Unassigned	False	False	False	False
TSS_876_D39V_1802826_-	Orphan_Unassigned	Unassigned	False	False	False	False
TSS_877_D39V_1802866_-	ComX_SigmaX_Site	SigX	False	True	True	True
TSS_878_D39V_1803059_-	RpoD_Complete_Bipartite_Standard	SigA	True	False	True	False
TSS_879_D39V_1803628_-	Orphan_Unassigned	Unassigned	False	False	False	False
TSS_880_D39V_1804677_-	RpoD_Complete_Bipartite_With_Extended_Minus10	SigA	True	True	True	False
TSS_881_D39V_1806913_-	RpoD_Extended_Minus10_Only	SigA	False	True	True	False
TSS_882_D39V_1807000_+	RpoD_Extended_Minus10_Only	SigA	False	True	True	False
TSS_883_D39V_1809030_-	RpoD_Complete_Bipartite_Standard	SigA	True	False	True	False
TSS_884_D39V_1810350_-	Orphan_Unassigned	Unassigned	False	False	False	False
TSS_885_D39V_1810982_-	RpoD_Extended_Minus10_Only	SigA	False	True	True	False
TSS_886_D39V_1812143_+	RpoD_Complete_Bipartite_Standard	SigA	True	False	True	False
TSS_887_D39V_1814090_-	ComX_SigmaX_Site	SigX	False	False	False	True
TSS_888_D39V_1815307_-	RpoD_Extended_Minus10_Only	SigA	False	True	True	False
TSS_889_D39V_1815412_+	RpoD_Complete_Bipartite_With_Extended_Minus10	SigA	True	True	True	False
TSS_890_D39V_1822387_-	RpoD_Complete_Bipartite_With_Extended_Minus10	SigA	True	True	True	False
TSS_891_D39V_1823847_-	RpoD_Extended_Minus10_Only	SigA	False	True	True	False
TSS_892_D39V_1825962_-	RpoD_Extended_Minus10_Only	SigA	False	True	True	False
TSS_893_D39V_1828945_-	RpoD_Extended_Minus10_Only	SigA	False	True	True	False
TSS_894_D39V_1836666_-	RpoD_Complete_Bipartite_With_Extended_Minus10	SigA	True	True	True	False
TSS_895_D39V_1838009_-	RpoD_Complete_Bipartite_With_Extended_Minus10	SigA	True	True	True	False
TSS_896_D39V_1838986_-	Orphan_Unassigned	Unassigned	False	False	False	False
TSS_897_D39V_1843500_-	ComX_SigmaX_Site	SigX	False	False	False	True
TSS_898_D39V_1843947_-	RpoD_Extended_Minus10_Only	SigA	False	True	True	False
TSS_899_D39V_1845174_-	Orphan_Unassigned	Unassigned	False	False	False	False
TSS_900_D39V_1846496_-	RpoD_Complete_Bipartite_Standard	SigA	True	False	True	False
TSS_901_D39V_1848449_-	RpoD_Extended_Minus10_Only	SigA	False	True	True	False
TSS_902_D39V_1849792_+	RpoD_Extended_Minus10_Only	SigA	False	True	True	False
TSS_903_D39V_1851334_-	RpoD_Extended_Minus10_Only	SigA	False	True	True	False
TSS_904_D39V_1852230_-	Orphan_Unassigned	Unassigned	False	False	False	False
TSS_905_D39V_1853683_-	RpoD_Extended_Minus10_Only	SigA	False	True	True	False
TSS_906_D39V_1857296_-	RpoD_Extended_Minus10_Only	SigA	False	True	True	False
TSS_907_D39V_1858662_-	RpoD_Extended_Minus10_Only	SigA	False	True	True	False
TSS_908_D39V_1858860_-	Orphan_Unassigned	Unassigned	False	False	False	False
TSS_909_D39V_1859051_-	Orphan_Unassigned	Unassigned	False	False	False	False
TSS_910_D39V_1859890_-	Orphan_Unassigned	Unassigned	False	False	False	False
TSS_911_D39V_1862972_-	Orphan_Unassigned	Unassigned	False	False	False	False
TSS_912_D39V_1864751_-	Orphan_Unassigned	Unassigned	False	False	False	False
TSS_913_D39V_1864791_-	ComX_SigmaX_Site	SigX	False	True	True	True
TSS_914_D39V_1864984_-	RpoD_Complete_Bipartite_Standard	SigA	True	False	True	False
TSS_915_D39V_1865516_-	Orphan_Unassigned	Unassigned	False	False	False	False
TSS_916_D39V_1867032_-	RpoD_Extended_Minus10_Only	SigA	False	True	True	False
TSS_917_D39V_1868491_-	RpoD_Complete_Bipartite_Standard	SigA	True	False	True	False
TSS_918_D39V_1869356_-	RpoD_Extended_Minus10_Only	SigA	False	True	True	False
TSS_919_D39V_1871302_+	RpoD_Extended_Minus10_Only	SigA	False	True	True	False
TSS_920_D39V_1873781_-	RpoD_Complete_Bipartite_With_Extended_Minus10	SigA	True	True	True	False
TSS_921_D39V_1876709_-	Orphan_Unassigned	Unassigned	False	False	False	False
TSS_922_D39V_1876941_-	RpoD_Complete_Bipartite_With_Extended_Minus10	SigA	True	True	True	False
TSS_923_D39V_1877017_+	RpoD_Extended_Minus10_Only	SigA	False	True	True	False
TSS_924_D39V_1880144_+	RpoD_Complete_Bipartite_With_Extended_Minus10	SigA	True	True	True	False
TSS_925_D39V_1882318_+	Orphan_Unassigned	Unassigned	False	False	False	False
TSS_926_D39V_1887682_+	RpoD_Extended_Minus10_Only	SigA	False	True	True	False
TSS_927_D39V_1892843_-	RpoD_Extended_Minus10_Only	SigA	False	True	True	False
TSS_928_D39V_1893007_-	RpoD_Extended_Minus10_Only	SigA	False	True	True	False
TSS_929_D39V_1893960_-	RpoD_Complete_Bipartite_With_Extended_Minus10	SigA	True	True	True	False
TSS_930_D39V_1896503_-	RpoD_Complete_Bipartite_With_Extended_Minus10	SigA	True	True	True	False
TSS_931_D39V_1896601_+	RpoD_Extended_Minus10_Only	SigA	False	True	True	False
TSS_932_D39V_1900324_-	RpoD_Complete_Bipartite_Standard	SigA	True	False	True	False
TSS_933_D39V_1900461_+	Orphan_Unassigned	Unassigned	False	False	False	False
TSS_934_D39V_1902053_-	RpoD_Extended_Minus10_Only	SigA	False	True	True	False
TSS_935_D39V_1902081_+	RpoD_Complete_Bipartite_With_Extended_Minus10	SigA	True	True	True	False
TSS_936_D39V_1907590_-	Orphan_Unassigned	Unassigned	False	False	False	False
TSS_937_D39V_1907665_-	RpoD_Extended_Minus10_Only	SigA	False	True	True	False
TSS_938_D39V_1907921_-	Orphan_Unassigned	Unassigned	False	False	False	False
TSS_939_D39V_1908013_+	RpoD_Extended_Minus10_Only	SigA	False	True	True	False
TSS_940_D39V_1911817_+	RpoD_Complete_Bipartite_Standard	SigA	True	False	True	False
TSS_941_D39V_1916639_-	RpoD_Extended_Minus10_Only	SigA	False	True	True	False
TSS_942_D39V_1917209_-	RpoD_Extended_Minus10_Only	SigA	False	True	True	False
TSS_943_D39V_1919364_-	RpoD_Complete_Bipartite_With_Extended_Minus10	SigA	True	True	True	False
TSS_944_D39V_1919649_-	Orphan_Unassigned	Unassigned	False	False	False	False
TSS_945_D39V_1920972_-	RpoD_Extended_Minus10_Only	SigA	False	True	True	False
TSS_946_D39V_1922314_-	RpoD_Extended_Minus10_Only	SigA	False	True	True	False
TSS_947_D39V_1923340_-	RpoD_Complete_Bipartite_With_Extended_Minus10	SigA	True	True	True	False
TSS_948_D39V_1923414_+	RpoD_Extended_Minus10_Only	SigA	False	True	True	False
TSS_949_D39V_1925716_-	RpoD_Extended_Minus10_Only	SigA	False	True	True	False
TSS_950_D39V_1931559_+	RpoD_Complete_Bipartite_With_Extended_Minus10	SigA	True	True	True	False
TSS_951_D39V_1932890_+	RpoD_Extended_Minus10_Only	SigA	False	True	True	False
TSS_952_D39V_1935947_-	RpoD_Complete_Bipartite_With_Extended_Minus10	SigA	True	True	True	False
TSS_953_D39V_1944731_-	Orphan_Unassigned	Unassigned	False	False	False	False
TSS_954_D39V_1944851_+	RpoD_Extended_Minus10_Only	SigA	False	True	True	False
TSS_955_D39V_1948974_-	RpoD_Complete_Bipartite_With_Extended_Minus10	SigA	True	True	True	False
TSS_956_D39V_1949385_+	RpoD_Complete_Bipartite_With_Extended_Minus10	SigA	True	True	True	False
TSS_957_D39V_1952941_+	Orphan_Unassigned	Unassigned	False	False	False	False
TSS_958_D39V_1957234_-	Orphan_Unassigned	Unassigned	False	False	False	False
TSS_959_D39V_1958186_-	RpoD_Extended_Minus10_Only	SigA	False	True	True	False
TSS_960_D39V_1972004_-	RpoD_Complete_Bipartite_Standard	SigA	True	False	True	False
TSS_961_D39V_1972131_+	RpoD_Complete_Bipartite_With_Extended_Minus10	SigA	True	True	True	False
TSS_962_D39V_1973311_+	RpoD_Extended_Minus10_Only	SigA	False	True	True	False
TSS_963_D39V_1973570_-	RpoD_Complete_Bipartite_With_Extended_Minus10	SigA	True	True	True	False
TSS_964_D39V_1973654_+	RpoD_Extended_Minus10_Only	SigA	False	True	True	False
TSS_965_D39V_1973728_-	RpoD_Extended_Minus10_Only	SigA	False	True	True	False
TSS_966_D39V_1973913_-	RpoD_Complete_Bipartite_With_Extended_Minus10	SigA	True	True	True	False
TSS_967_D39V_1977584_-	RpoD_Complete_Bipartite_With_Extended_Minus10	SigA	True	True	True	False
TSS_968_D39V_1982193_-	RpoD_Complete_Bipartite_With_Extended_Minus10	SigA	True	True	True	False
TSS_969_D39V_1982932_+	RpoD_Complete_Bipartite_Standard	SigA	True	False	True	False
TSS_970_D39V_1983667_-	RpoD_Extended_Minus10_Only	SigA	False	True	True	False
TSS_971_D39V_1991724_-	Orphan_Unassigned	Unassigned	False	False	False	False
TSS_972_D39V_1993288_-	RpoD_Extended_Minus10_Only	SigA	False	True	True	False
TSS_973_D39V_1993432_+	RpoD_Extended_Minus10_Only	SigA	False	True	True	False
TSS_974_D39V_1998234_-	RpoD_Extended_Minus10_Only	SigA	False	True	True	False
TSS_975_D39V_2003846_-	RpoD_Complete_Bipartite_With_Extended_Minus10	SigA	True	True	True	False
TSS_976_D39V_2006885_-	RpoD_Complete_Bipartite_With_Extended_Minus10	SigA	True	True	True	False
TSS_977_D39V_2008356_-	ComX_SigmaX_Site	SigX	False	False	False	True
TSS_978_D39V_2008698_-	Orphan_Unassigned	Unassigned	False	False	False	False
TSS_979_D39V_2009054_-	Orphan_Unassigned	Unassigned	False	False	False	False
TSS_980_D39V_2012502_-	RpoD_Extended_Minus10_Only	SigA	False	True	True	False
TSS_981_D39V_2013209_-	RpoD_Complete_Bipartite_With_Extended_Minus10	SigA	True	True	True	False
TSS_982_D39V_2015211_-	ComX_SigmaX_Site	SigX	False	False	False	True
TSS_983_D39V_2015267_+	Orphan_Unassigned	Unassigned	False	False	False	False
TSS_984_D39V_2016164_+	RpoD_Complete_Bipartite_Standard	SigA	True	False	True	False
TSS_985_D39V_2020685_-	RpoD_Complete_Bipartite_With_Extended_Minus10	SigA	True	True	True	False
TSS_986_D39V_2021071_-	Orphan_Unassigned	Unassigned	False	False	False	False
TSS_987_D39V_2022007_-	RpoD_Extended_Minus10_Only	SigA	False	True	True	False
TSS_988_D39V_2027722_-	RpoD_Complete_Bipartite_Standard	SigA	True	False	True	False
TSS_989_D39V_2029848_-	RpoD_Extended_Minus10_Only	SigA	False	True	True	False
TSS_990_D39V_2029972_+	RpoD_Complete_Bipartite_With_Extended_Minus10	SigA	True	True	True	False
TSS_991_D39V_2033031_-	RpoD_Complete_Bipartite_With_Extended_Minus10	SigA	True	True	True	False
TSS_992_D39V_2034182_-	RpoD_Extended_Minus10_Only	SigA	False	True	True	False
TSS_993_D39V_2034343_+	Orphan_Unassigned	Unassigned	False	False	False	False
TSS_994_D39V_2040336_+	RpoD_Complete_Bipartite_With_Extended_Minus10	SigA	True	True	True	False
TSS_995_D39V_2041164_-	RpoD_Complete_Bipartite_With_Extended_Minus10	SigA	True	True	True	False
TSS_996_D39V_2041283_-	Orphan_Unassigned	Unassigned	False	False	False	False
TSS_997_D39V_2043461_-	RpoD_Complete_Bipartite_With_Extended_Minus10	SigA	True	True	True	False
TSS_998_D39V_2043661_-	RpoD_Complete_Bipartite_With_Extended_Minus10	SigA	True	True	True	False
TSS_999_D39V_2044180_-	RpoD_Extended_Minus10_Only	SigA	False	True	True	False
TSS_1000_D39V_2044320_+	RpoD_Extended_Minus10_Only	SigA	False	True	True	False
TSS_1001_D39V_2044340_+	Orphan_Unassigned	Unassigned	False	False	False	False
TSS_1002_D39V_2045602_+	Orphan_Unassigned	Unassigned	False	False	False	False
TSS_1003_D39V_2046536_+	RpoD_Extended_Minus10_Only	SigA	False	True	True	False
