Sequence_ID	Regulatory_Class	Sigma_Factor_Assignment	Has_Minus35_Signal	Has_Extended_Minus10_Signal	Has_Standard_Minus10_Signal	Has_ComX_CINbox_Signal
TIGR4_SP_0001_TSS_161_+	RpoD_Extended_Minus10_Only	SigA	False	True	True	False
TIGR4_SP_RS00015_TSS_2902_+	RpoD_Extended_Minus10_Only	SigA	False	True	True	False
TIGR4_SP_0004_TSS_3167_+	RpoD_Complete_Bipartite_With_Extended_Minus10	SigA	True	True	True	False
TIGR4_SP_0007_TSS_8507_+	RpoD_Extended_Minus10_Only	SigA	False	True	True	False
TIGR4_SP_0010_TSS_9188_+	Orphan_Unassigned	Unassigned	False	False	False	False
TIGR4_SP_0012_TSS_11779_+	RpoD_Complete_Bipartite_With_Extended_Minus10	SigA	True	True	True	False
TIGR4_SP_0014_TSS_14436_+	Orphan_Unassigned	Unassigned	False	False	False	False
TIGR4_SP_2242_TSS_15005_+	RpoD_Complete_Bipartite_Standard	SigA	True	False	True	False
TIGR4_SP_rrnaA16S_TSS_15198_+	ComX_SigmaX_Site	SigX	False	True	True	True
TIGR4_SP_rrnaA5S_TSS_20100_+	Orphan_Unassigned	Unassigned	False	False	False	False
TIGR4_SP_RS11515_TSS_20422_+	RpoD_Extended_Minus10_Only	SigA	False	True	True	False
TIGR4_SP_0019_TSS_22759_+	RpoD_Complete_Bipartite_With_Extended_Minus10	SigA	True	True	True	False
TIGR4_SP_0020_TSS_24292_+	RpoD_Extended_Minus10_Only	SigA	False	True	True	False
TIGR4_SP_0021_TSS_24944_+	Orphan_Unassigned	Unassigned	False	False	False	False
TIGR4_SP_0027_TSS_28813_+	RpoD_Complete_Bipartite_Standard	SigA	True	False	True	False
TIGR4_SP_0033_TSS_34234_+	Orphan_Unassigned	Unassigned	False	False	False	False
TIGR4_SP_0035_TSS_36144_+	RpoD_Extended_Minus10_Only	SigA	False	True	True	False
TIGR4_SP_0041_TSS_39821_+	RpoD_Complete_Bipartite_Standard	SigA	True	False	True	False
TIGR4_SP_0051_TSS_54713_+	RpoD_Extended_Minus10_Only	SigA	False	True	True	False
TIGR4_SP_0055_TSS_57883_+	RpoD_Extended_Minus10_Only	SigA	False	True	True	False
TIGR4_SP_0056_TSS_58183_+	Orphan_Unassigned	Unassigned	False	False	False	False
TIGR4_SP_0060_TSS_64910_+	RpoD_Complete_Bipartite_Standard	SigA	True	False	True	False
TIGR4_SP_0071_TSS_73652_+	RpoD_Complete_Bipartite_With_Extended_Minus10	SigA	True	True	True	False
TIGR4_SP_0074_TSS_80628_+	RpoD_Extended_Minus10_Only	SigA	False	True	True	False
TIGR4_SP_0075_TSS_81400_+	RpoD_Complete_Bipartite_With_Extended_Minus10	SigA	True	True	True	False
TIGR4_SP_RS11555_TSS_84967_+	RpoD_Extended_Minus10_Only	SigA	False	True	True	False
TIGR4_SP_0083_TSS_89005_+	RpoD_Extended_Minus10_Only	SigA	False	True	True	False
TIGR4_SP_0085_TSS_90828_+	RpoD_Extended_Minus10_Only	SigA	False	True	True	False
TIGR4_SpF01_sRNA_TSS_91266_+	Orphan_Unassigned	Unassigned	False	False	False	False
TIGR4_SP_0086_TSS_91769_+	RpoD_Extended_Minus10_Only	SigA	False	True	True	False
TIGR4_SP_0090_TSS_92933_+	ComX_SigmaX_Site	SigX	False	False	False	True
TIGR4_SP_0095_TSS_96820_+	Orphan_Unassigned	Unassigned	False	False	False	False
TIGR4_SP_0107_TSS_109379_+	Orphan_Unassigned	Unassigned	False	False	False	False
TIGR4_SP_0117_TSS_118380_+	RpoD_Complete_Bipartite_Standard	SigA	True	False	True	False
TIGR4_F5_TSS_120198_+	Orphan_Unassigned	Unassigned	False	False	False	False
TIGR4_SP_0118_TSS_120985_+	RpoD_Extended_Minus10_Only	SigA	False	True	True	False
TIGR4_Spd-sr37_TSS_122215_+	RpoD_Complete_Bipartite_With_Extended_Minus10	SigA	True	True	True	False
TIGR4_SP_0127_TSS_128277_+	RpoD_Complete_Bipartite_With_Extended_Minus10	SigA	True	True	True	False
TIGR4_SP_0129_TSS_129159_+	Orphan_Unassigned	Unassigned	False	False	False	False
TIGR4_SP_0141_TSS_139528_+	Orphan_Unassigned	Unassigned	False	False	False	False
TIGR4_SP_0142_TSS_140916_+	RpoD_Extended_Minus10_Only	SigA	False	True	True	False
TIGR4_SP_0148_TSS_145489_+	Orphan_Unassigned	Unassigned	False	False	False	False
TIGR4_SP_0149_TSS_146472_+	RpoD_Extended_Minus10_Only	SigA	False	True	True	False
TIGR4_SP_0151_TSS_148541_+	RpoD_Complete_Bipartite_With_Extended_Minus10	SigA	True	True	True	False
TIGR4_SP_0154_TSS_151283_+	RpoD_Complete_Bipartite_With_Extended_Minus10	SigA	True	True	True	False
TIGR4_SP_0158_TSS_155490_+	RpoD_Complete_Bipartite_Standard	SigA	True	False	True	False
TIGR4_SP_0179_TSS_171819_+	RpoD_Extended_Minus10_Only	SigA	False	True	True	False
TIGR4_SP_0186_TSS_176853_+	RpoD_Extended_Minus10_Only	SigA	False	True	True	False
TIGR4_SP_0189_TSS_180869_+	Orphan_Unassigned	Unassigned	False	False	False	False
TIGR4_SP_0191_TSS_181357_+	Orphan_Unassigned	Unassigned	False	False	False	False
TIGR4_SP_0192_TSS_181990_+	RpoD_Extended_Minus10_Only	SigA	False	True	True	False
TIGR4_SP_0194_TSS_182571_+	Orphan_Unassigned	Unassigned	False	False	False	False
TIGR4_SP_0197_TSS_182815_+	Orphan_Unassigned	Unassigned	False	False	False	False
TIGR4_SP_0199_TSS_185181_+	RpoD_Extended_Minus10_Only	SigA	False	True	True	False
TIGR4_SP_0200_TSS_186987_+	RpoD_Complete_Bipartite_With_Extended_Minus10	SigA	True	True	True	False
TIGR4_SP_0202_TSS_188640_+	RpoD_Complete_Bipartite_With_Extended_Minus10	SigA	True	True	True	False
TIGR4_SP_0206_TSS_192019_+	RpoD_Complete_Bipartite_Standard	SigA	True	False	True	False
TIGR4_SP_0208_TSS_192910_+	RpoD_Extended_Minus10_Only	SigA	False	True	True	False
TIGR4_SP_0209_TSS_193352_+	Orphan_Unassigned	Unassigned	False	False	False	False
TIGR4_SP_0212_TSS_194878_+	Orphan_Unassigned	Unassigned	False	False	False	False
TIGR4_SP_0213_TSS_196070_+	Orphan_Unassigned	Unassigned	False	False	False	False
TIGR4_SP_0215_TSS_196402_+	Orphan_Unassigned	Unassigned	False	False	False	False
TIGR4_SP_0216_TSS_197068_+	Orphan_Unassigned	Unassigned	False	False	False	False
TIGR4_SP_0217_TSS_197575_+	Orphan_Unassigned	Unassigned	False	False	False	False
TIGR4_SP_0218_TSS_197877_+	Orphan_Unassigned	Unassigned	False	False	False	False
TIGR4_SP_0219_TSS_198091_+	Orphan_Unassigned	Unassigned	False	False	False	False
TIGR4_SP_0220_TSS_198578_+	Orphan_Unassigned	Unassigned	False	False	False	False
TIGR4_SP_0221_TSS_198873_+	Orphan_Unassigned	Unassigned	False	False	False	False
TIGR4_SP_0222_TSS_199478_+	Orphan_Unassigned	Unassigned	False	False	False	False
TIGR4_SP_0224_TSS_200134_+	Orphan_Unassigned	Unassigned	False	False	False	False
TIGR4_SP_0225_TSS_200748_+	Orphan_Unassigned	Unassigned	False	False	False	False
TIGR4_SP_0226_TSS_201386_+	Orphan_Unassigned	Unassigned	False	False	False	False
TIGR4_SP_0227_TSS_201577_+	Orphan_Unassigned	Unassigned	False	False	False	False
TIGR4_SP_0228_TSS_202064_+	Orphan_Unassigned	Unassigned	False	False	False	False
TIGR4_srn049_TSS_202335_+	Orphan_Unassigned	Unassigned	False	False	False	False
TIGR4_SP_0229_TSS_202623_+	Orphan_Unassigned	Unassigned	False	False	False	False
TIGR4_SP_0231_TSS_204269_+	Orphan_Unassigned	Unassigned	False	False	False	False
TIGR4_SP_0232_TSS_205249_+	RpoD_Extended_Minus10_Only	SigA	False	True	True	False
TIGR4_SP_0233_TSS_205539_+	Orphan_Unassigned	Unassigned	False	False	False	False
TIGR4_SP_0235_TSS_205827_+	Orphan_Unassigned	Unassigned	False	False	False	False
TIGR4_SP_0237_TSS_207165_+	Orphan_Unassigned	Unassigned	False	False	False	False
TIGR4_L17DE_TSS_207654_+	Orphan_Unassigned	Unassigned	False	False	False	False
TIGR4_SP_0238_TSS_208042_+	RpoD_Extended_Minus10_Only	SigA	False	True	True	False
TIGR4_ccnE_TSS_209768_+	Orphan_Unassigned	Unassigned	False	False	False	False
TIGR4_SP_0248_TSS_217861_+	RpoD_Complete_Bipartite_Standard	SigA	True	False	True	False
TIGR4_SP_0251_TSS_220027_+	RpoD_Complete_Bipartite_Standard	SigA	True	False	True	False
TIGR4_SP_0254_TSS_224730_+	RpoD_Complete_Bipartite_With_Extended_Minus10	SigA	True	True	True	False
TIGR4_SP_0255_TSS_227411_+	RpoD_Extended_Minus10_Only	SigA	False	True	True	False
TIGR4_ccnA_TSS_228626_+	RpoD_Standard_Minus10_Only	SigA	False	False	True	False
TIGR4_ccnB_TSS_230776_+	RpoD_Standard_Minus10_Only	SigA	False	False	True	False
TIGR4_SP_0259_TSS_231600_+	RpoD_Extended_Minus10_Only	SigA	False	True	True	False
TIGR4_ccnD_TSS_233186_+	Orphan_Unassigned	Unassigned	False	False	False	False
TIGR4_SP_0261_TSS_233355_+	RpoD_Extended_Minus10_Only	SigA	False	True	True	False
TIGR4_SP_0265_TSS_238172_+	RpoD_Standard_Minus10_Only	SigA	False	False	True	False
TIGR4_SP_0267_TSS_241660_+	RpoD_Extended_Minus10_Only	SigA	False	True	True	False
TIGR4_SP_0270_TSS_246991_+	Orphan_Unassigned	Unassigned	False	False	False	False
TIGR4_SP_0272_TSS_247404_+	Orphan_Unassigned	Unassigned	False	False	False	False
TIGR4_srn068_TSS_247807_+	Orphan_Unassigned	Unassigned	False	False	False	False
TIGR4_SP_0273_TSS_248401_+	RpoD_Extended_Minus10_Only	SigA	False	True	True	False
TIGR4_SP_0274_TSS_250286_+	Orphan_Unassigned	Unassigned	False	False	False	False
TIGR4_SP_0275_TSS_255092_+	RpoD_Complete_Bipartite_With_Extended_Minus10	SigA	True	True	True	False
TIGR4_SP_0276_TSS_255348_+	Orphan_Unassigned	Unassigned	False	False	False	False
TIGR4_SP_0280_TSS_257589_+	RpoD_Extended_Minus10_Only	SigA	False	True	True	False
TIGR4_SP_0281_TSS_258510_+	RpoD_Standard_Minus10_Only	SigA	False	False	True	False
TIGR4_SP_0287_TSS_265237_+	RpoD_Complete_Bipartite_With_Extended_Minus10	SigA	True	True	True	False
TIGR4_SP_0289_TSS_267536_+	RpoD_Extended_Minus10_Only	SigA	False	True	True	False
TIGR4_SP_0290_TSS_268495_+	Orphan_Unassigned	Unassigned	False	False	False	False
TIGR4_L13_leader_TSS_271945_+	RpoD_Complete_Bipartite_With_Extended_Minus10	SigA	True	True	True	False
TIGR4_SP_0295_TSS_272497_+	Orphan_Unassigned	Unassigned	False	False	False	False
TIGR4_SP_RS11655_TSS_275308_+	RpoD_Extended_Minus10_Only	SigA	False	True	True	False
TIGR4_SP_0311_TSS_283758_+	RpoD_Complete_Bipartite_With_Extended_Minus10	SigA	True	True	True	False
TIGR4_SP_0314_TSS_287399_+	RpoD_Complete_Bipartite_With_Extended_Minus10	SigA	True	True	True	False
TIGR4_SP_0330_TSS_302885_+	RpoD_Complete_Bipartite_With_Extended_Minus10	SigA	True	True	True	False
TIGR4_SP_0342_TSS_315311_+	RpoD_Extended_Minus10_Only	SigA	False	True	True	False
TIGR4_SP_0346_TSS_320053_+	RpoD_Complete_Bipartite_With_Extended_Minus10	SigA	True	True	True	False
TIGR4_SP_0347_TSS_321242_+	Orphan_Unassigned	Unassigned	False	False	False	False
TIGR4_SP_0348_TSS_322236_+	Orphan_Unassigned	Unassigned	False	False	False	False
TIGR4_SP_0349_TSS_322904_+	Orphan_Unassigned	Unassigned	False	False	False	False
TIGR4_SP_0350_TSS_324015_+	Orphan_Unassigned	Unassigned	False	False	False	False
TIGR4_SP_0351_TSS_324398_+	Orphan_Unassigned	Unassigned	False	False	False	False
TIGR4_SP_0352_TSS_325744_+	RpoD_Complete_Bipartite_Standard	SigA	True	False	True	False
TIGR4_SP_0354_TSS_327700_+	Orphan_Unassigned	Unassigned	False	False	False	False
TIGR4_SP_0359_TSS_333738_+	Orphan_Unassigned	Unassigned	False	False	False	False
TIGR4_SP_0371_TSS_349633_+	RpoD_Complete_Bipartite_Standard	SigA	True	False	True	False
TIGR4_SP_0372_TSS_350245_+	RpoD_Complete_Bipartite_With_Extended_Minus10	SigA	True	True	True	False
TIGR4_SP_0373_TSS_351052_+	Orphan_Unassigned	Unassigned	False	False	False	False
TIGR4_SP_0375_TSS_353699_+	RpoD_Extended_Minus10_Only	SigA	False	True	True	False
TIGR4_SP_0377_TSS_355932_+	RpoD_Complete_Bipartite_Standard	SigA	True	False	True	False
TIGR4_SP_0381_TSS_361260_+	RpoD_Extended_Minus10_Only	SigA	False	True	True	False
TIGR4_SP_0384_TSS_363671_+	Orphan_Unassigned	Unassigned	False	False	False	False
TIGR4_SP_0389_TSS_368361_+	RpoD_Complete_Bipartite_With_Extended_Minus10	SigA	True	True	True	False
TIGR4_SP_0400_TSS_378449_+	RpoD_Extended_Minus10_Only	SigA	False	True	True	False
TIGR4_SP_0404_TSS_384031_+	RpoD_Complete_Bipartite_With_Extended_Minus10	SigA	True	True	True	False
TIGR4_Glycine_TSS_387425_+	RpoD_Complete_Bipartite_Standard	SigA	True	False	True	False
TIGR4_SP_0409_TSS_389101_+	RpoD_Extended_Minus10_Only	SigA	False	True	True	False
TIGR4_SP_0410_TSS_389849_+	RpoD_Extended_Minus10_Only	SigA	False	True	True	False
TIGR4_SP_0416_TSS_395174_+	RpoD_Complete_Bipartite_With_Extended_Minus10	SigA	True	True	True	False
TIGR4_S15_TSS_396625_+	Orphan_Unassigned	Unassigned	False	False	False	False
TIGR4_SP_0418_TSS_396668_+	Orphan_Unassigned	Unassigned	False	False	False	False
TIGR4_SP_0419_TSS_396968_+	Orphan_Unassigned	Unassigned	False	False	False	False
TIGR4_SP_0422_TSS_399369_+	RpoD_Extended_Minus10_Only	SigA	False	True	True	False
TIGR4_SP_0423_TSS_400849_+	Orphan_Unassigned	Unassigned	False	False	False	False
TIGR4_SP_0441_TSS_414817_+	RpoD_Extended_Minus10_Only	SigA	False	True	True	False
TIGR4_SP_0442_TSS_415191_+	RpoD_Complete_Bipartite_With_Extended_Minus10	SigA	True	True	True	False
TIGR4_SP_0445_TSS_417417_+	RpoD_Complete_Bipartite_With_Extended_Minus10	SigA	True	True	True	False
TIGR4_SP_0454_TSS_426420_+	RpoD_Extended_Minus10_Only	SigA	False	True	True	False
TIGR4_SP_0457_TSS_429839_+	Orphan_Unassigned	Unassigned	False	False	False	False
TIGR4_SP_0459_TSS_432263_+	RpoD_Complete_Bipartite_With_Extended_Minus10	SigA	True	True	True	False
TIGR4_SP_0481_TSS_462113_+	RpoD_Extended_Minus10_Only	SigA	False	True	True	False
TIGR4_SP_0483_TSS_463880_+	RpoD_Extended_Minus10_Only	SigA	False	True	True	False
TIGR4_23S-methyl_TSS_466470_+	RpoD_Complete_Bipartite_With_Extended_Minus10	SigA	True	True	True	False
TIGR4_SP_0488_TSS_467156_+	RpoD_Extended_Minus10_Only	SigA	False	True	True	False
TIGR4_SP_0493_TSS_469687_+	RpoD_Complete_Bipartite_With_Extended_Minus10	SigA	True	True	True	False
TIGR4_F13_TSS_469992_+	Orphan_Unassigned	Unassigned	False	False	False	False
TIGR4_SP_RS02430_TSS_470386_+	RpoD_Complete_Bipartite_Standard	SigA	True	False	True	False
TIGR4_SP_0499_TSS_481568_+	RpoD_Complete_Bipartite_With_Extended_Minus10	SigA	True	True	True	False
TIGR4_SP_0500_TSS_482916_+	RpoD_Extended_Minus10_Only	SigA	False	True	True	False
TIGR4_SP_0501_TSS_483516_+	RpoD_Complete_Bipartite_Standard	SigA	True	False	True	False
TIGR4_SP_0506_TSS_487347_+	RpoD_Extended_Minus10_Only	SigA	False	True	True	False
TIGR4_SP_0515_TSS_495355_+	RpoD_Complete_Bipartite_Standard	SigA	True	False	True	False
TIGR4_SP_0517_TSS_497466_+	Orphan_Unassigned	Unassigned	False	False	False	False
TIGR4_SP_0525_TSS_505204_+	Orphan_Unassigned	Unassigned	False	False	False	False
TIGR4_SP_0535_TSS_513319_+	RpoD_Extended_Minus10_Only	SigA	False	True	True	False
TIGR4_SP_RS11830_TSS_514138_+	Orphan_Unassigned	Unassigned	False	False	False	False
TIGR4_SP_0549_TSS_519266_+	Orphan_Unassigned	Unassigned	False	False	False	False
TIGR4_SP_0552_TSS_520788_+	RpoD_Extended_Minus10_Only	SigA	False	True	True	False
TIGR4_F16_TSS_528071_+	RpoD_Extended_Minus10_Only	SigA	False	True	True	False
TIGR4_SP_0564_TSS_530183_+	Orphan_Unassigned	Unassigned	False	False	False	False
TIGR4_F20_TSS_547541_+	Orphan_Unassigned	Unassigned	False	False	False	False
TIGR4_SP_0585_TSS_554074_+	Orphan_Unassigned	Unassigned	False	False	False	False
TIGR4_F21_TSS_557372_+	RpoD_Extended_Minus10_Only	SigA	False	True	True	False
TIGR4_SP_0599_TSS_565783_+	RpoD_Standard_Minus10_Only	SigA	False	False	True	False
TIGR4_SP_0603_TSS_569432_+	RpoD_Standard_Minus10_Only	SigA	False	False	True	False
TIGR4_SP_0605_TSS_571561_+	RpoD_Extended_Minus10_Only	SigA	False	True	True	False
TIGR4_SP_0611_TSS_577422_+	RpoD_Extended_Minus10_Only	SigA	False	True	True	False
TIGR4_SP_0614_TSS_581279_+	Orphan_Unassigned	Unassigned	False	False	False	False
TIGR4_SP_0615_TSS_582442_+	Orphan_Unassigned	Unassigned	False	False	False	False
TIGR4_SP_0618_TSS_585747_+	RpoD_Extended_Minus10_Only	SigA	False	True	True	False
TIGR4_SP_0622_TSS_589541_+	RpoD_Extended_Minus10_Only	SigA	False	True	True	False
TIGR4_SP_0623_TSS_590023_+	Orphan_Unassigned	Unassigned	False	False	False	False
TIGR4_SP_0626_TSS_592807_+	RpoD_Extended_Minus10_Only	SigA	False	True	True	False
TIGR4_SP_0627_TSS_594243_+	RpoD_Extended_Minus10_Only	SigA	False	True	True	False
TIGR4_SP_0631_TSS_597195_+	Orphan_Unassigned	Unassigned	False	False	False	False
TIGR4_SP_0636_TSS_599956_+	RpoD_Complete_Bipartite_With_Extended_Minus10	SigA	True	True	True	False
TIGR4_SP_0658_TSS_628942_+	RpoD_Standard_Minus10_Only	SigA	False	False	True	False
TIGR4_SP_0661_TSS_631632_+	RpoD_Extended_Minus10_Only	SigA	False	True	True	False
TIGR4_SP_0663_TSS_634175_+	Orphan_Unassigned	Unassigned	False	False	False	False
TIGR4_SP_0665_TSS_640562_+	RpoD_Extended_Minus10_Only	SigA	False	True	True	False
TIGR4_SP_0667_TSS_642920_+	RpoD_Complete_Bipartite_With_Extended_Minus10	SigA	True	True	True	False
TIGR4_SP_0668_TSS_644034_+	RpoD_Extended_Minus10_Only	SigA	False	True	True	False
TIGR4_SP_0669_TSS_645110_+	RpoD_Extended_Minus10_Only	SigA	False	True	True	False
TIGR4_SP_0671_TSS_646277_+	RpoD_Extended_Minus10_Only	SigA	False	True	True	False
TIGR4_SP_0677_TSS_651835_+	RpoD_Complete_Bipartite_With_Extended_Minus10	SigA	True	True	True	False
TIGR4_SP_0681_TSS_653643_+	RpoD_Extended_Minus10_Only	SigA	False	True	True	False
TIGR4_SP_0688_TSS_659275_+	RpoD_Extended_Minus10_Only	SigA	False	True	True	False
TIGR4_SP_0690_TSS_661701_+	Orphan_Unassigned	Unassigned	False	False	False	False
TIGR4_SP_0703_TSS_669646_+	RpoD_Complete_Bipartite_With_Extended_Minus10	SigA	True	True	True	False
TIGR4_SP_0715_TSS_680388_+	RpoD_Complete_Bipartite_Standard	SigA	True	False	True	False
TIGR4_TPP_TSS_681808_+	RpoD_Extended_Minus10_Only	SigA	False	True	True	False
TIGR4_SP_0730_TSS_694784_+	RpoD_Extended_Minus10_Only	SigA	False	True	True	False
TIGR4_SP_0731_TSS_696403_+	Orphan_Unassigned	Unassigned	False	False	False	False
TIGR4_SP_0736_TSS_698916_+	RpoD_Extended_Minus10_Only	SigA	False	True	True	False
TIGR4_SP_0739_TSS_701485_+	Orphan_Unassigned	Unassigned	False	False	False	False
TIGR4_SP_0745_TSS_706052_+	RpoD_Extended_Minus10_Only	SigA	False	True	True	False
TIGR4_SP_0746_TSS_706834_+	RpoD_Complete_Bipartite_Standard	SigA	True	False	True	False
TIGR4_SP_0748_TSS_707525_+	RpoD_Complete_Bipartite_With_Extended_Minus10	SigA	True	True	True	False
TIGR4_SP_0754_TSS_712916_+	RpoD_Complete_Bipartite_Standard	SigA	True	False	True	False
TIGR4_SP_RS11940_TSS_713684_+	RpoD_Complete_Bipartite_With_Extended_Minus10	SigA	True	True	True	False
TIGR4_SP_0758_TSS_716654_+	RpoD_Complete_Bipartite_With_Extended_Minus10	SigA	True	True	True	False
TIGR4_SP_0761_TSS_719879_+	RpoD_Complete_Bipartite_With_Extended_Minus10	SigA	True	True	True	False
TIGR4_SP_0762_TSS_721358_+	RpoD_Complete_Bipartite_With_Extended_Minus10	SigA	True	True	True	False
TIGR4_SP_0764_TSS_723173_+	RpoD_Complete_Bipartite_With_Extended_Minus10	SigA	True	True	True	False
TIGR4_SP_0766_TSS_725355_+	RpoD_Complete_Bipartite_With_Extended_Minus10	SigA	True	True	True	False
TIGR4_SP_0775_TSS_731739_+	RpoD_Complete_Bipartite_With_Extended_Minus10	SigA	True	True	True	False
TIGR4_SP_0785_TSS_738402_+	RpoD_Complete_Bipartite_Standard	SigA	True	False	True	False
TIGR4_SP_0788_TSS_741745_+	RpoD_Complete_Bipartite_With_Extended_Minus10	SigA	True	True	True	False
TIGR4_SP_0791_TSS_745430_+	RpoD_Extended_Minus10_Only	SigA	False	True	True	False
TIGR4_SP_0792_TSS_746457_+	RpoD_Extended_Minus10_Only	SigA	False	True	True	False
TIGR4_SP_0797_TSS_749261_+	RpoD_Extended_Minus10_Only	SigA	False	True	True	False
TIGR4_SP_0798_TSS_751944_+	RpoD_Extended_Minus10_Only	SigA	False	True	True	False
TIGR4_SP_0802_TSS_755549_+	RpoD_Complete_Bipartite_With_Extended_Minus10	SigA	True	True	True	False
TIGR4_SP_0807_TSS_762487_+	RpoD_Complete_Bipartite_With_Extended_Minus10	SigA	True	True	True	False
TIGR4_SP_RS11965_TSS_764779_+	RpoD_Complete_Bipartite_Standard	SigA	True	False	True	False
TIGR4_SP_RS03985_TSS_767076_+	Orphan_Unassigned	Unassigned	False	False	False	False
TIGR4_SP_RS11975_TSS_769198_+	RpoD_Extended_Minus10_Only	SigA	False	True	True	False
TIGR4_SP_0825_TSS_774736_+	RpoD_Extended_Minus10_Only	SigA	False	True	True	False
TIGR4_SP_0826_TSS_775745_+	RpoD_Extended_Minus10_Only	SigA	False	True	True	False
TIGR4_SP_0828_TSS_777706_+	RpoD_Complete_Bipartite_With_Extended_Minus10	SigA	True	True	True	False
TIGR4_SP_0831_TSS_780057_+	Orphan_Unassigned	Unassigned	False	False	False	False
TIGR4_SP_0841_TSS_788410_+	RpoD_Complete_Bipartite_With_Extended_Minus10	SigA	True	True	True	False
TIGR4_SP_0843_TSS_790233_+	RpoD_Extended_Minus10_Only	SigA	False	True	True	False
TIGR4_SP_0846_TSS_792169_+	Orphan_Unassigned	Unassigned	False	False	False	False
TIGR4_SP_RS04165_TSS_796567_+	Orphan_Unassigned	Unassigned	False	False	False	False
TIGR4_SP_0852_TSS_798314_+	Orphan_Unassigned	Unassigned	False	False	False	False
TIGR4_SP_0856_TSS_803274_+	RpoD_Complete_Bipartite_Standard	SigA	True	False	True	False
TIGR4_SP_0861_TSS_807569_+	RpoD_Complete_Bipartite_Standard	SigA	True	False	True	False
TIGR4_SP_2245_TSS_807856_+	RpoD_Extended_Minus10_Only	SigA	False	True	True	False
TIGR4_SP_0866_TSS_813177_+	RpoD_Extended_Minus10_Only	SigA	False	True	True	False
TIGR4_SP_0867_TSS_813430_+	RpoD_Extended_Minus10_Only	SigA	False	True	True	False
TIGR4_SP_0869_TSS_815156_+	Orphan_Unassigned	Unassigned	False	False	False	False
TIGR4_SP_0870_TSS_816370_+	Orphan_Unassigned	Unassigned	False	False	False	False
TIGR4_SP_0871_TSS_817116_+	Orphan_Unassigned	Unassigned	False	False	False	False
TIGR4_SP_0873_TSS_820272_+	RpoD_Extended_Minus10_Only	SigA	False	True	True	False
TIGR4_SP_0875_TSS_822682_+	RpoD_Complete_Bipartite_With_Extended_Minus10	SigA	True	True	True	False
TIGR4_SP_0878_TSS_826390_+	RpoD_Extended_Minus10_Only	SigA	False	True	True	False
TIGR4_SP_0880_TSS_829279_+	RpoD_Extended_Minus10_Only	SigA	False	True	True	False
TIGR4_SP_0888_TSS_837746_+	RpoD_Complete_Bipartite_With_Extended_Minus10	SigA	True	True	True	False
TIGR4_SP_0896_TSS_850240_+	RpoD_Extended_Minus10_Only	SigA	False	True	True	False
TIGR4_SP_0908_TSS_860839_+	RpoD_Extended_Minus10_Only	SigA	False	True	True	False
TIGR4_SP_0910_TSS_863439_+	RpoD_Extended_Minus10_Only	SigA	False	True	True	False
TIGR4_SP_0924_TSS_878639_+	RpoD_Extended_Minus10_Only	SigA	False	True	True	False
TIGR4_SP_0927_TSS_879920_+	RpoD_Complete_Bipartite_With_Extended_Minus10	SigA	True	True	True	False
TIGR4_SP_0931_TSS_884147_+	RpoD_Complete_Bipartite_With_Extended_Minus10	SigA	True	True	True	False
TIGR4_SP_0935_TSS_887447_+	RpoD_Complete_Bipartite_With_Extended_Minus10	SigA	True	True	True	False
TIGR4_SP_0944_TSS_894357_+	RpoD_Extended_Minus10_Only	SigA	False	True	True	False
TIGR4_SP_0945_TSS_894948_+	Orphan_Unassigned	Unassigned	False	False	False	False
TIGR4_SP_0948_TSS_896877_+	RpoD_Extended_Minus10_Only	SigA	False	True	True	False
TIGR4_SP_RS04695_TSS_897641_+	Orphan_Unassigned	Unassigned	False	False	False	False
TIGR4_SP_RS04700_TSS_897942_+	RpoD_Extended_Minus10_Only	SigA	False	True	True	False
TIGR4_SP_0956_TSS_904935_+	RpoD_Complete_Bipartite_With_Extended_Minus10	SigA	True	True	True	False
TIGR4_SP_0961_TSS_908032_+	Orphan_Unassigned	Unassigned	False	False	False	False
TIGR4_F35_TSS_908663_+	Orphan_Unassigned	Unassigned	False	False	False	False
TIGR4_SP_0967_TSS_914826_+	RpoD_Extended_Minus10_Only	SigA	False	True	True	False
TIGR4_SP_0979_TSS_924517_+	RpoD_Extended_Minus10_Only	SigA	False	True	True	False
TIGR4_SP_0981_TSS_927089_+	RpoD_Complete_Bipartite_Standard	SigA	True	False	True	False
TIGR4_srn249_TSS_927825_+	Orphan_Unassigned	Unassigned	False	False	False	False
TIGR4_SP_0988_TSS_932234_+	RpoD_Extended_Minus10_Only	SigA	False	True	True	False
TIGR4_SP_0992_TSS_935272_+	RpoD_Complete_Bipartite_With_Extended_Minus10	SigA	True	True	True	False
TIGR4_SP_0993_TSS_935785_+	Orphan_Unassigned	Unassigned	False	False	False	False
TIGR4_SP_RS12065_TSS_938470_+	RpoD_Extended_Minus10_Only	SigA	False	True	True	False
TIGR4_SP_1001_TSS_941782_+	RpoD_Complete_Bipartite_With_Extended_Minus10	SigA	True	True	True	False
TIGR4_SP_1002_TSS_943311_+	RpoD_Complete_Bipartite_Standard	SigA	True	False	True	False
TIGR4_SP_1004_TSS_946897_+	RpoD_Complete_Bipartite_Standard	SigA	True	False	True	False
TIGR4_SP_1009_TSS_953823_+	RpoD_Complete_Bipartite_With_Extended_Minus10	SigA	True	True	True	False
TIGR4_SP_1013_TSS_956782_+	RpoD_Complete_Bipartite_Standard	SigA	True	False	True	False
TIGR4_SP_1018_TSS_962337_+	RpoD_Complete_Bipartite_With_Extended_Minus10	SigA	True	True	True	False
TIGR4_SP_1022_TSS_965074_+	RpoD_Extended_Minus10_Only	SigA	False	True	True	False
TIGR4_SP_1025_TSS_967467_+	Orphan_Unassigned	Unassigned	False	False	False	False
TIGR4_SP_1027_TSS_969358_+	Orphan_Unassigned	Unassigned	False	False	False	False
TIGR4_SP_1029_TSS_970377_+	RpoD_Extended_Minus10_Only	SigA	False	True	True	False
TIGR4_SP_1030_TSS_972765_+	RpoD_Complete_Bipartite_With_Extended_Minus10	SigA	True	True	True	False
TIGR4_SP_1042_TSS_982046_+	RpoD_Complete_Bipartite_With_Extended_Minus10	SigA	True	True	True	False
TIGR4_SP_1045_TSS_984031_+	RpoD_Complete_Bipartite_Standard	SigA	True	False	True	False
TIGR4_SP_1047_TSS_986934_+	RpoD_Extended_Minus10_Only	SigA	False	True	True	False
TIGR4_SP_1050_TSS_988031_+	RpoD_Extended_Minus10_Only	SigA	False	True	True	False
TIGR4_SP_1057_TSS_993924_+	RpoD_Complete_Bipartite_With_Extended_Minus10	SigA	True	True	True	False
TIGR4_SP_1059_TSS_994951_+	RpoD_Complete_Bipartite_With_Extended_Minus10	SigA	True	True	True	False
TIGR4_SP_1067_TSS_1001213_+	RpoD_Extended_Minus10_Only	SigA	False	True	True	False
TIGR4_SP_1069_TSS_1005312_+	RpoD_Complete_Bipartite_With_Extended_Minus10	SigA	True	True	True	False
TIGR4_SP_1072_TSS_1008390_+	RpoD_Complete_Bipartite_Standard	SigA	True	False	True	False
TIGR4_SP_1075_TSS_1011750_+	RpoD_Complete_Bipartite_With_Extended_Minus10	SigA	True	True	True	False
TIGR4_SP_1078_TSS_1014370_+	Orphan_Unassigned	Unassigned	False	False	False	False
TIGR4_SP_1081_TSS_1017176_+	RpoD_Complete_Bipartite_With_Extended_Minus10	SigA	True	True	True	False
TIGR4_SP_1084_TSS_1019887_+	Orphan_Unassigned	Unassigned	False	False	False	False
TIGR4_SP_RS12110_TSS_1021571_+	RpoD_Extended_Minus10_Only	SigA	False	True	True	False
TIGR4_SP_1087_TSS_1022538_+	RpoD_Extended_Minus10_Only	SigA	False	True	True	False
TIGR4_SP_1097_TSS_1030401_+	RpoD_Extended_Minus10_Only	SigA	False	True	True	False
TIGR4_SP_1098_TSS_1031054_+	Orphan_Unassigned	Unassigned	False	False	False	False
TIGR4_L21_leader_TSS_1037080_+	RpoD_Extended_Minus10_Only	SigA	False	True	True	False
TIGR4_SP_1106_TSS_1037380_+	Orphan_Unassigned	Unassigned	False	False	False	False
TIGR4_SP_1107_TSS_1037692_+	Orphan_Unassigned	Unassigned	False	False	False	False
TIGR4_SP_1110_TSS_1039154_+	RpoD_Extended_Minus10_Only	SigA	False	True	True	False
TIGR4_SP_1112_TSS_1041113_+	RpoD_Extended_Minus10_Only	SigA	False	True	True	False
TIGR4_SP_1113_TSS_1042066_+	RpoD_Complete_Bipartite_With_Extended_Minus10	SigA	True	True	True	False
TIGR4_SP_1114_TSS_1042800_+	RpoD_Extended_Minus10_Only	SigA	False	True	True	False
TIGR4_SP_1117_TSS_1046918_+	RpoD_Extended_Minus10_Only	SigA	False	True	True	False
TIGR4_SP_1119_TSS_1051788_+	RpoD_Complete_Bipartite_With_Extended_Minus10	SigA	True	True	True	False
TIGR4_SP_1121_TSS_1053688_+	RpoD_Complete_Bipartite_Standard	SigA	True	False	True	False
TIGR4_SP_1128_TSS_1061741_+	RpoD_Complete_Bipartite_With_Extended_Minus10	SigA	True	True	True	False
TIGR4_SP_1131_TSS_1065412_+	RpoD_Complete_Bipartite_Standard	SigA	True	False	True	False
TIGR4_SP_1143_TSS_1071268_+	RpoD_Complete_Bipartite_With_Extended_Minus10	SigA	True	True	True	False
TIGR4_SP_1151_TSS_1075332_+	RpoD_Extended_Minus10_Only	SigA	False	True	True	False
TIGR4_SP_1155_TSS_1090221_+	RpoD_Complete_Bipartite_With_Extended_Minus10	SigA	True	True	True	False
TIGR4_SP_1159_TSS_1093678_+	RpoD_Complete_Bipartite_Standard	SigA	True	False	True	False
TIGR4_SP_1178_TSS_1115903_+	RpoD_Complete_Bipartite_With_Extended_Minus10	SigA	True	True	True	False
TIGR4_SP_1182_TSS_1119809_+	RpoD_Extended_Minus10_Only	SigA	False	True	True	False
TIGR4_SP_1220_TSS_1150007_+	RpoD_Complete_Bipartite_With_Extended_Minus10	SigA	True	True	True	False
TIGR4_SP_1230_TSS_1163618_+	Orphan_Unassigned	Unassigned	False	False	False	False
TIGR4_SP_1233_TSS_1165672_+	Orphan_Unassigned	Unassigned	False	False	False	False
TIGR4_SP_1234_TSS_1166187_+	RpoD_Extended_Minus10_Only	SigA	False	True	True	False
TIGR4_SP_1243_TSS_1174493_+	RpoD_Extended_Minus10_Only	SigA	False	True	True	False
TIGR4_SpF43_sRNA_TSS_1216148_+	RpoD_Complete_Bipartite_With_Extended_Minus10	SigA	True	True	True	False
TIGR4_SP_1285_TSS_1219464_+	RpoD_Extended_Minus10_Only	SigA	False	True	True	False
TIGR4_PyrR_TSS_1220352_+	RpoD_Complete_Bipartite_With_Extended_Minus10	SigA	True	True	True	False
TIGR4_SP_1298_TSS_1229949_+	RpoD_Complete_Bipartite_With_Extended_Minus10	SigA	True	True	True	False
TIGR4_SP_1299_TSS_1230948_+	Orphan_Unassigned	Unassigned	False	False	False	False
TIGR4_SP_1306_TSS_1232570_+	RpoD_Complete_Bipartite_With_Extended_Minus10	SigA	True	True	True	False
TIGR4_SP_1382_TSS_1304755_+	RpoD_Extended_Minus10_Only	SigA	False	True	True	False
TIGR4_SP_1393_TSS_1316735_+	RpoD_Complete_Bipartite_Standard	SigA	True	False	True	False
TIGR4_SP_RS07015_TSS_1349076_+	RpoD_Complete_Bipartite_With_Extended_Minus10	SigA	True	True	True	False
TIGR4_SP_1446_TSS_1366412_+	RpoD_Complete_Bipartite_With_Extended_Minus10	SigA	True	True	True	False
TIGR4_SP_1457_TSS_1373554_+	RpoD_Complete_Bipartite_With_Extended_Minus10	SigA	True	True	True	False
TIGR4_SP_1465_TSS_1378782_+	RpoD_Complete_Bipartite_With_Extended_Minus10	SigA	True	True	True	False
TIGR4_SP_1470_TSS_1383120_+	RpoD_Complete_Bipartite_With_Extended_Minus10	SigA	True	True	True	False
TIGR4_SP_1499_TSS_1407826_+	RpoD_Extended_Minus10_Only	SigA	False	True	True	False
TIGR4_SP_1530_TSS_1441425_+	Orphan_Unassigned	Unassigned	False	False	False	False
TIGR4_SP_1546_TSS_1453460_+	RpoD_Extended_Minus10_Only	SigA	False	True	True	False
TIGR4_SP_1588_TSS_1492941_+	RpoD_Extended_Minus10_Only	SigA	False	True	True	False
TIGR4_SP_1589_TSS_1494373_+	RpoD_Extended_Minus10_Only	SigA	False	True	True	False
TIGR4_SP_1591_TSS_1496606_+	Orphan_Unassigned	Unassigned	False	False	False	False
TIGR4_SP_1624_TSS_1525773_+	RpoD_Complete_Bipartite_With_Extended_Minus10	SigA	True	True	True	False
TIGR4_SP_1630_TSS_1529948_+	RpoD_Complete_Bipartite_With_Extended_Minus10	SigA	True	True	True	False
TIGR4_SP_1634_TSS_1534330_+	Orphan_Unassigned	Unassigned	False	False	False	False
TIGR4_SP_1638_TSS_1537326_+	RpoD_Extended_Minus10_Only	SigA	False	True	True	False
TIGR4_SP_1648_TSS_1547850_+	RpoD_Complete_Bipartite_Standard	SigA	True	False	True	False
TIGR4_SP_1674_TSS_1575198_+	RpoD_Complete_Bipartite_With_Extended_Minus10	SigA	True	True	True	False
TIGR4_SP_1714_TSS_1617434_+	RpoD_Complete_Bipartite_With_Extended_Minus10	SigA	True	True	True	False
TIGR4_SP_RS12360_TSS_1653710_+	RpoD_Complete_Bipartite_With_Extended_Minus10	SigA	True	True	True	False
TIGR4_SP_RS08800_TSS_1694250_+	RpoD_Complete_Bipartite_Standard	SigA	True	False	True	False
TIGR4_SP_1776_TSS_1694350_+	Orphan_Unassigned	Unassigned	False	False	False	False
TIGR4_SP_1790_TSS_1705290_+	RpoD_Complete_Bipartite_With_Extended_Minus10	SigA	True	True	True	False
TIGR4_SP_1804_TSS_1719618_+	Orphan_Unassigned	Unassigned	False	False	False	False
TIGR4_SP_1805_TSS_1720122_+	Orphan_Unassigned	Unassigned	False	False	False	False
TIGR4_Purine_TSS_1754773_+	RpoD_Complete_Bipartite_Standard	SigA	True	False	True	False
TIGR4_SP_1858_TSS_1765499_+	RpoD_Complete_Bipartite_With_Extended_Minus10	SigA	True	True	True	False
TIGR4_SP_1869_TSS_1774470_+	RpoD_Complete_Bipartite_Standard	SigA	True	False	True	False
TIGR4_SP_1885_TSS_1788790_+	RpoD_Extended_Minus10_Only	SigA	False	True	True	False
TIGR4_SP_1899_TSS_1806733_+	RpoD_Extended_Minus10_Only	SigA	False	True	True	False
TIGR4_SP_1902_TSS_1816838_+	RpoD_Extended_Minus10_Only	SigA	False	True	True	False
TIGR4_SP_1903_TSS_1817669_+	RpoD_Extended_Minus10_Only	SigA	False	True	True	False
TIGR4_SP_RS12445_TSS_1834929_+	RpoD_Extended_Minus10_Only	SigA	False	True	True	False
TIGR4_SP_1947_TSS_1850068_+	RpoD_Complete_Bipartite_With_Extended_Minus10	SigA	True	True	True	False
TIGR4_SP_1956_TSS_1859467_+	RpoD_Complete_Bipartite_With_Extended_Minus10	SigA	True	True	True	False
TIGR4_SP_1996_TSS_1898731_+	Orphan_Unassigned	Unassigned	False	False	False	False
TIGR4_SP_1998_TSS_1900668_+	RpoD_Extended_Minus10_Only	SigA	False	True	True	False
TIGR4_SP_2017_TSS_1923155_+	RpoD_Complete_Bipartite_Standard	SigA	True	False	True	False
TIGR4_SP_2059_TSS_1960880_+	RpoD_Extended_Minus10_Only	SigA	False	True	True	False
TIGR4_SP_2078_TSS_1988099_+	RpoD_Extended_Minus10_Only	SigA	False	True	True	False
TIGR4_SP_2082_TSS_1991226_+	RpoD_Extended_Minus10_Only	SigA	False	True	True	False
TIGR4_SP_2091_TSS_1998765_+	RpoD_Extended_Minus10_Only	SigA	False	True	True	False
TIGR4_SP_2100_TSS_2009275_+	RpoD_Extended_Minus10_Only	SigA	False	True	True	False
TIGR4_SP_2105_TSS_2014757_+	RpoD_Complete_Bipartite_With_Extended_Minus10	SigA	True	True	True	False
TIGR4_SP_2108_TSS_2020687_+	RpoD_Extended_Minus10_Only	SigA	False	True	True	False
TIGR4_SP_2111_TSS_2024491_+	RpoD_Complete_Bipartite_Standard	SigA	True	False	True	False
TIGR4_SP_2132_TSS_2044431_+	RpoD_Complete_Bipartite_With_Extended_Minus10	SigA	True	True	True	False
TIGR4_SP_2134_TSS_2045761_+	RpoD_Extended_Minus10_Only	SigA	False	True	True	False
TIGR4_SP_2135_TSS_2045975_+	Orphan_Unassigned	Unassigned	False	False	False	False
TIGR4_SP_2168_TSS_2084860_+	RpoD_Complete_Bipartite_With_Extended_Minus10	SigA	True	True	True	False
TIGR4_SpF66_sRNA_TSS_2086080_+	RpoD_Extended_Minus10_Only	SigA	False	True	True	False
TIGR4_SpF66_sRNA_TSS_2086423_+	RpoD_Extended_Minus10_Only	SigA	False	True	True	False
TIGR4_SP_2188_TSS_2107946_+	RpoD_Extended_Minus10_Only	SigA	False	True	True	False
TIGR4_SP_2209_TSS_2129758_+	Orphan_Unassigned	Unassigned	False	False	False	False
TIGR4_SP_2226_TSS_2144439_+	RpoD_Complete_Bipartite_With_Extended_Minus10	SigA	True	True	True	False
TIGR4_SP_2230_TSS_2148810_+	RpoD_Complete_Bipartite_Standard	SigA	True	False	True	False
TIGR4_SP_2239_TSS_2158806_+	Orphan_Unassigned	Unassigned	False	False	False	False
TIGR4_SP_2240_TSS_2160068_+	Orphan_Unassigned	Unassigned	False	False	False	False
TIGR4_SP_0034_TSS_36040_-	RpoD_Complete_Bipartite_Standard	SigA	True	False	True	False
TIGR4_SP_0058_TSS_64632_-	RpoD_Extended_Minus10_Only	SigA	False	True	True	False
TIGR4_SP_0099_TSS_101817_-	Orphan_Unassigned	Unassigned	False	False	False	False
TIGR4_SP_0100_TSS_102156_-	RpoD_Complete_Bipartite_Standard	SigA	True	False	True	False
TIGR4_SP_0101_TSS_103441_-	RpoD_Complete_Bipartite_Standard	SigA	True	False	True	False
TIGR4_SP_0106_TSS_109186_-	RpoD_Extended_Minus10_Only	SigA	False	True	True	False
TIGR4_SP_0122_TSS_127069_-	RpoD_Complete_Bipartite_With_Extended_Minus10	SigA	True	True	True	False
TIGR4_SP_0161_TSS_158807_-	RpoD_Complete_Bipartite_Standard	SigA	True	False	True	False
TIGR4_FMN_TSS_171694_-	RpoD_Complete_Bipartite_Standard	SigA	True	False	True	False
TIGR4_SP_0182_TSS_174875_-	RpoD_Extended_Minus10_Only	SigA	False	True	True	False
TIGR4_SP_0185_TSS_176785_-	RpoD_Extended_Minus10_Only	SigA	False	True	True	False
TIGR4_SP_0268_TSS_246713_-	RpoD_Extended_Minus10_Only	SigA	False	True	True	False
TIGR4_SP_0282_TSS_260843_-	Orphan_Unassigned	Unassigned	False	False	False	False
TIGR4_SP_0284_TSS_262727_-	Orphan_Unassigned	Unassigned	False	False	False	False
TIGR4_SP_0286_TSS_265110_-	RpoD_Extended_Minus10_Only	SigA	False	True	True	False
TIGR4_SP_0293_TSS_271717_-	Orphan_Unassigned	Unassigned	False	False	False	False
TIGR4_srn081_TSS_274220_-	RpoD_Extended_Minus10_Only	SigA	False	True	True	False
TIGR4_SP_0333_TSS_305466_-	RpoD_Complete_Bipartite_Standard	SigA	True	False	True	False
TIGR4_SP_0340_TSS_313627_-	RpoD_Extended_Minus10_Only	SigA	False	True	True	False
TIGR4_SP_0341_TSS_315198_-	RpoD_Complete_Bipartite_With_Extended_Minus10	SigA	True	True	True	False
TIGR4_SP_RS11690_TSS_319824_-	RpoD_Extended_Minus10_Only	SigA	False	True	True	False
TIGR4_His_leader_TSS_347114_-	Orphan_Unassigned	Unassigned	False	False	False	False
TIGR4_SP_0370_TSS_349632_-	RpoD_Complete_Bipartite_With_Extended_Minus10	SigA	True	True	True	False
TIGR4_SP_0403_TSS_383956_-	RpoD_Complete_Bipartite_With_Extended_Minus10	SigA	True	True	True	False
TIGR4_SP_0412_TSS_392884_-	Orphan_Unassigned	Unassigned	False	False	False	False
TIGR4_SP_0413_TSS_394045_-	RpoD_Complete_Bipartite_With_Extended_Minus10	SigA	True	True	True	False
TIGR4_SP_0435_TSS_408919_-	RpoD_Extended_Minus10_Only	SigA	False	True	True	False
TIGR4_SP_0438_TSS_412263_-	RpoD_Extended_Minus10_Only	SigA	False	True	True	False
TIGR4_SP_0453_TSS_426341_-	RpoD_Complete_Bipartite_Standard	SigA	True	False	True	False
TIGR4_SP_0473_TSS_451977_-	RpoD_Complete_Bipartite_Standard	SigA	True	False	True	False
TIGR4_SP_0480_TSS_461963_-	Orphan_Unassigned	Unassigned	False	False	False	False
TIGR4_SP_0496_TSS_476273_-	RpoD_Complete_Bipartite_Standard	SigA	True	False	True	False
TIGR4_SP_0521_TSS_502638_-	RpoD_Complete_Bipartite_With_Extended_Minus10	SigA	True	True	True	False
TIGR4_SP_0524_TSS_504998_-	Orphan_Unassigned	Unassigned	False	False	False	False
TIGR4_SP_0670_TSS_646265_-	Orphan_Unassigned	Unassigned	False	False	False	False
TIGR4_SP_0676_TSS_651723_-	RpoD_Extended_Minus10_Only	SigA	False	True	True	False
TIGR4_SP_0680_TSS_653520_-	RpoD_Extended_Minus10_Only	SigA	False	True	True	False
TIGR4_TPP_TSS_691454_-	Orphan_Unassigned	Unassigned	False	False	False	False
TIGR4_SP_RS11930_TSS_698458_-	RpoD_Standard_Minus10_Only	SigA	False	False	True	False
TIGR4_SP_0737_TSS_701350_-	Orphan_Unassigned	Unassigned	False	False	False	False
TIGR4_SP_0741_TSS_703918_-	RpoD_Extended_Minus10_Only	SigA	False	True	True	False
TIGR4_SP_0742_TSS_704875_-	RpoD_Extended_Minus10_Only	SigA	False	True	True	False
TIGR4_SP_0771_TSS_730669_-	Orphan_Unassigned	Unassigned	False	False	False	False
TIGR4_SP_0781_TSS_735664_-	Orphan_Unassigned	Unassigned	False	False	False	False
TIGR4_SP_0783_TSS_736734_-	RpoD_Complete_Bipartite_Standard	SigA	True	False	True	False
TIGR4_SP_0784_TSS_738298_-	RpoD_Complete_Bipartite_Standard	SigA	True	False	True	False
TIGR4_SP_0800_TSS_754301_-	RpoD_Extended_Minus10_Only	SigA	False	True	True	False
TIGR4_SP_0816_TSS_768520_-	RpoD_Extended_Minus10_Only	SigA	False	True	True	False
TIGR4_SP_0820_TSS_772579_-	RpoD_Extended_Minus10_Only	SigA	False	True	True	False
TIGR4_SP_0822_TSS_772999_-	RpoD_Extended_Minus10_Only	SigA	False	True	True	False
TIGR4_SP_0839_TSS_787631_-	RpoD_Extended_Minus10_Only	SigA	False	True	True	False
TIGR4_SP_0851_TSS_798201_-	RpoD_Extended_Minus10_Only	SigA	False	True	True	False
TIGR4_SP_0872_TSS_820186_-	RpoD_Extended_Minus10_Only	SigA	False	True	True	False
TIGR4_SP_0894_TSS_846766_-	RpoD_Complete_Bipartite_With_Extended_Minus10	SigA	True	True	True	False
TIGR4_SP_0906_TSS_859184_-	RpoD_Standard_Minus10_Only	SigA	False	False	True	False
TIGR4_SP_0923_TSS_878505_-	RpoD_Extended_Minus10_Only	SigA	False	True	True	False
TIGR4_SP_RS12045_TSS_892517_-	RpoD_Extended_Minus10_Only	SigA	False	True	True	False
TIGR4_SP_0986_TSS_931256_-	RpoD_Extended_Minus10_Only	SigA	False	True	True	False
TIGR4_SP_0987_TSS_932117_-	RpoD_Complete_Bipartite_With_Extended_Minus10	SigA	True	True	True	False
TIGR4_SP_1008_TSS_953721_-	RpoD_Extended_Minus10_Only	SigA	False	True	True	False
TIGR4_SP_1016_TSS_961981_-	RpoD_Complete_Bipartite_With_Extended_Minus10	SigA	True	True	True	False
TIGR4_SP_1017_TSS_962278_-	RpoD_Extended_Minus10_Only	SigA	False	True	True	False
TIGR4_SP_1090_TSS_1026943_-	RpoD_Complete_Bipartite_Standard	SigA	True	False	True	False
TIGR4_SP_1095_TSS_1029747_-	RpoD_Complete_Bipartite_With_Extended_Minus10	SigA	True	True	True	False
TIGR4_SP_1102_TSS_1036037_-	RpoD_Extended_Minus10_Only	SigA	False	True	True	False
TIGR4_SP_1127_TSS_1061609_-	RpoD_Extended_Minus10_Only	SigA	False	True	True	False
TIGR4_SP_1130_TSS_1065332_-	RpoD_Complete_Bipartite_Standard	SigA	True	False	True	False
TIGR4_SP_RS12130_TSS_1074831_-	RpoD_Extended_Minus10_Only	SigA	False	True	True	False
TIGR4_SP_1164_TSS_1101311_-	RpoD_Complete_Bipartite_Standard	SigA	True	False	True	False
TIGR4_SP_1169_TSS_1105513_-	RpoD_Extended_Minus10_Only	SigA	False	True	True	False
TIGR4_SP_1171_TSS_1107031_-	RpoD_Extended_Minus10_Only	SigA	False	True	True	False
TIGR4_SP_1174_TSS_1110778_-	RpoD_Complete_Bipartite_Standard	SigA	True	False	True	False
TIGR4_SP_1175_TSS_1113402_-	RpoD_Complete_Bipartite_Standard	SigA	True	False	True	False
TIGR4_SP_1176_TSS_1115326_-	Orphan_Unassigned	Unassigned	False	False	False	False
TIGR4_SP_1177_TSS_1115635_-	RpoD_Complete_Bipartite_With_Extended_Minus10	SigA	True	True	True	False
TIGR4_SP_1187_TSS_1125800_-	RpoD_Complete_Bipartite_With_Extended_Minus10	SigA	True	True	True	False
TIGR4_SP_1189_TSS_1126839_-	RpoD_Extended_Minus10_Only	SigA	False	True	True	False
TIGR4_SP_1193_TSS_1129913_-	RpoD_Complete_Bipartite_Standard	SigA	True	False	True	False
TIGR4_SP_1200_TSS_1134429_-	RpoD_Complete_Bipartite_Standard	SigA	True	False	True	False
TIGR4_SP_1207_TSS_1140557_-	RpoD_Complete_Bipartite_With_Extended_Minus10	SigA	True	True	True	False
TIGR4_SP_1208_TSS_1141312_-	RpoD_Extended_Minus10_Only	SigA	False	True	True	False
TIGR4_SP_1213_TSS_1144126_-	RpoD_Extended_Minus10_Only	SigA	False	True	True	False
TIGR4_SP_1215_TSS_1146426_-	RpoD_Complete_Bipartite_With_Extended_Minus10	SigA	True	True	True	False
TIGR4_SP_1219_TSS_1149889_-	RpoD_Complete_Bipartite_With_Extended_Minus10	SigA	True	True	True	False
TIGR4_SP_1221_TSS_1154717_-	RpoD_Complete_Bipartite_Standard	SigA	True	False	True	False
TIGR4_SP_1222_TSS_1156659_-	RpoD_Complete_Bipartite_With_Extended_Minus10	SigA	True	True	True	False
TIGR4_SP_1223_TSS_1157236_-	RpoD_Complete_Bipartite_Standard	SigA	True	False	True	False
TIGR4_SP_1227_TSS_1160174_-	RpoD_Extended_Minus10_Only	SigA	False	True	True	False
TIGR4_SP_1228_TSS_1161390_-	RpoD_Extended_Minus10_Only	SigA	False	True	True	False
TIGR4_SP_1229_TSS_1163416_-	RpoD_Extended_Minus10_Only	SigA	False	True	True	False
TIGR4_SP_1235_TSS_1167610_-	Orphan_Unassigned	Unassigned	False	False	False	False
TIGR4_SP_1238_TSS_1170322_-	ComX_SigmaX_Site	SigX	False	True	True	True
TIGR4_SP_1240_TSS_1171358_-	RpoD_Complete_Bipartite_With_Extended_Minus10	SigA	True	True	True	False
TIGR4_SP_1248_TSS_1183246_-	RpoD_Extended_Minus10_Only	SigA	False	True	True	False
TIGR4_SP_1249_TSS_1184594_-	RpoD_Complete_Bipartite_Standard	SigA	True	False	True	False
TIGR4_SP_1260_TSS_1193026_-	RpoD_Extended_Minus10_Only	SigA	False	True	True	False
TIGR4_SP_1263_TSS_1197213_-	RpoD_Complete_Bipartite_Standard	SigA	True	False	True	False
TIGR4_SP_1264_TSS_1198664_-	RpoD_Complete_Bipartite_Standard	SigA	True	False	True	False
TIGR4_SP_1271_TSS_1204453_-	RpoD_Extended_Minus10_Only	SigA	False	True	True	False
TIGR4_PyrR_TSS_1214371_-	RpoD_Extended_Minus10_Only	SigA	False	True	True	False
TIGR4_SP_1284_TSS_1219419_-	RpoD_Complete_Bipartite_With_Extended_Minus10	SigA	True	True	True	False
TIGR4_R2_TSS_1222233_-	Orphan_Unassigned	Unassigned	False	False	False	False
TIGR4_SP_1288_TSS_1223895_-	RpoD_Extended_Minus10_Only	SigA	False	True	True	False
TIGR4_SP_1289_TSS_1224389_-	RpoD_Extended_Minus10_Only	SigA	False	True	True	False
TIGR4_SP_1293_TSS_1228304_-	Orphan_Unassigned	Unassigned	False	False	False	False
TIGR4_SP_1296_TSS_1229323_-	RpoD_Extended_Minus10_Only	SigA	False	True	True	False
TIGR4_SP_RS12175_TSS_1232265_-	RpoD_Standard_Minus10_Only	SigA	False	False	True	False
TIGR4_SP_1338_TSS_1261869_-	Orphan_Unassigned	Unassigned	False	False	False	False
TIGR4_SP_1344_TSS_1270581_-	RpoD_Standard_Minus10_Only	SigA	False	False	True	False
TIGR4_rli38_TSS_1274942_-	Orphan_Unassigned	Unassigned	False	False	False	False
TIGR4_SP_1354_TSS_1275001_-	RpoD_Extended_Minus10_Only	SigA	False	True	True	False
TIGR4_srn308_TSS_1275729_-	RpoD_Extended_Minus10_Only	SigA	False	True	True	False
TIGR4_R17_TSS_1277389_-	RpoD_Extended_Minus10_Only	SigA	False	True	True	False
TIGR4_SP_RS06655_TSS_1282392_-	Orphan_Unassigned	Unassigned	False	False	False	False
TIGR4_SP_1361_TSS_1284408_-	RpoD_Extended_Minus10_Only	SigA	False	True	True	False
TIGR4_SP_1362_TSS_1285296_-	RpoD_Complete_Bipartite_With_Extended_Minus10	SigA	True	True	True	False
TIGR4_SP_1367_TSS_1290926_-	RpoD_Extended_Minus10_Only	SigA	False	True	True	False
TIGR4_SP_1371_TSS_1295084_-	RpoD_Extended_Minus10_Only	SigA	False	True	True	False
TIGR4_SP_1372_TSS_1295669_-	Orphan_Unassigned	Unassigned	False	False	False	False
TIGR4_SP_1381_TSS_1304635_-	Orphan_Unassigned	Unassigned	False	False	False	False
TIGR4_SP_1384_TSS_1309645_-	RpoD_Complete_Bipartite_Standard	SigA	True	False	True	False
TIGR4_SP_1390_TSS_1315033_-	RpoD_Complete_Bipartite_With_Extended_Minus10	SigA	True	True	True	False
TIGR4_SP_1392_TSS_1316647_-	RpoD_Extended_Minus10_Only	SigA	False	True	True	False
TIGR4_SP_1405_TSS_1327287_-	RpoD_Complete_Bipartite_With_Extended_Minus10	SigA	True	True	True	False
TIGR4_SP_1409_TSS_1330732_-	RpoD_Extended_Minus10_Only	SigA	False	True	True	False
TIGR4_SP_1413_TSS_1333346_-	RpoD_Complete_Bipartite_With_Extended_Minus10	SigA	True	True	True	False
TIGR4_SP_1414_TSS_1333655_-	RpoD_Complete_Bipartite_Standard	SigA	True	False	True	False
TIGR4_SP_1415_TSS_1334497_-	RpoD_Complete_Bipartite_Standard	SigA	True	False	True	False
TIGR4_SP_RS12215_TSS_1337555_-	RpoD_Extended_Minus10_Only	SigA	False	True	True	False
TIGR4_SP_1421_TSS_1343158_-	RpoD_Complete_Bipartite_With_Extended_Minus10	SigA	True	True	True	False
TIGR4_SP_1422_TSS_1343906_-	Orphan_Unassigned	Unassigned	False	False	False	False
TIGR4_SP_1429_TSS_1348612_-	RpoD_Complete_Bipartite_Standard	SigA	True	False	True	False
TIGR4_SP_1433_TSS_1352501_-	RpoD_Complete_Bipartite_With_Extended_Minus10	SigA	True	True	True	False
TIGR4_SP_RS07080_TSS_1362458_-	RpoD_Complete_Bipartite_With_Extended_Minus10	SigA	True	True	True	False
TIGR4_SP_1445_TSS_1366327_-	RpoD_Extended_Minus10_Only	SigA	False	True	True	False
TIGR4_SP_1449_TSS_1369754_-	RpoD_Complete_Bipartite_Standard	SigA	True	False	True	False
TIGR4_SP_1458_TSS_1375259_-	Orphan_Unassigned	Unassigned	False	False	False	False
TIGR4_SP_1459_TSS_1375587_-	RpoD_Complete_Bipartite_With_Extended_Minus10	SigA	True	True	True	False
TIGR4_SP_1464_TSS_1378701_-	RpoD_Extended_Minus10_Only	SigA	False	True	True	False
TIGR4_SP_1468_TSS_1381412_-	Orphan_Unassigned	Unassigned	False	False	False	False
TIGR4_SP_1469_TSS_1382939_-	RpoD_Extended_Minus10_Only	SigA	False	True	True	False
TIGR4_SpR19_sRNA_TSS_1391092_-	RpoD_Complete_Bipartite_With_Extended_Minus10	SigA	True	True	True	False
TIGR4_SP_1479_TSS_1393492_-	RpoD_Complete_Bipartite_With_Extended_Minus10	SigA	True	True	True	False
TIGR4_SP_1480_TSS_1394147_-	RpoD_Extended_Minus10_Only	SigA	False	True	True	False
TIGR4_SP_1487_TSS_1398952_-	Orphan_Unassigned	Unassigned	False	False	False	False
TIGR4_SP_RS12255_TSS_1399597_-	Orphan_Unassigned	Unassigned	False	False	False	False
TIGR4_SP_1491_TSS_1402355_-	RpoD_Complete_Bipartite_Standard	SigA	True	False	True	False
TIGR4_SP_1501_TSS_1410161_-	Orphan_Unassigned	Unassigned	False	False	False	False
TIGR4_SP_1502_TSS_1410626_-	RpoD_Complete_Bipartite_With_Extended_Minus10	SigA	True	True	True	False
TIGR4_SP_1505_TSS_1414863_-	RpoD_Extended_Minus10_Only	SigA	False	True	True	False
TIGR4_SP_1510_TSS_1420764_-	Orphan_Unassigned	Unassigned	False	False	False	False
TIGR4_SP_1511_TSS_1421328_-	Orphan_Unassigned	Unassigned	False	False	False	False
TIGR4_SP_1514_TSS_1422405_-	RpoD_Complete_Bipartite_Standard	SigA	True	False	True	False
TIGR4_SP_RS07460_TSS_1423486_-	RpoD_Extended_Minus10_Only	SigA	False	True	True	False
TIGR4_SP_RS12280_TSS_1424260_-	Orphan_Unassigned	Unassigned	False	False	False	False
TIGR4_SP_1517_TSS_1425359_-	Orphan_Unassigned	Unassigned	False	False	False	False
TIGR4_SP_1518_TSS_1427041_-	RpoD_Complete_Bipartite_With_Extended_Minus10	SigA	True	True	True	False
TIGR4_SP_1522_TSS_1430042_-	RpoD_Complete_Bipartite_With_Extended_Minus10	SigA	True	True	True	False
TIGR4_SP_1523_TSS_1433189_-	RpoD_Complete_Bipartite_With_Extended_Minus10	SigA	True	True	True	False
TIGR4_SP_1525_TSS_1435550_-	RpoD_Extended_Minus10_Only	SigA	False	True	True	False
TIGR4_SP_1527_TSS_1439522_-	RpoD_Complete_Bipartite_Standard	SigA	True	False	True	False
TIGR4_SP_1529_TSS_1441359_-	RpoD_Complete_Bipartite_Standard	SigA	True	False	True	False
TIGR4_SP_1531_TSS_1443152_-	RpoD_Complete_Bipartite_Standard	SigA	True	False	True	False
TIGR4_SP_1534_TSS_1445403_-	RpoD_Complete_Bipartite_With_Extended_Minus10	SigA	True	True	True	False
TIGR4_SP_1535_TSS_1445890_-	Orphan_Unassigned	Unassigned	False	False	False	False
TIGR4_SP_1536_TSS_1446486_-	RpoD_Complete_Bipartite_With_Extended_Minus10	SigA	True	True	True	False
TIGR4_SP_1538_TSS_1448325_-	RpoD_Extended_Minus10_Only	SigA	False	True	True	False
TIGR4_SP_1539_TSS_1448993_-	Orphan_Unassigned	Unassigned	False	False	False	False
TIGR4_SP_1541_TSS_1449705_-	RpoD_Complete_Bipartite_With_Extended_Minus10	SigA	True	True	True	False
TIGR4_SP_1545_TSS_1453184_-	RpoD_Complete_Bipartite_With_Extended_Minus10	SigA	True	True	True	False
TIGR4_SP_1547_TSS_1455058_-	RpoD_Extended_Minus10_Only	SigA	False	True	True	False
TIGR4_SP_1549_TSS_1457417_-	RpoD_Extended_Minus10_Only	SigA	False	True	True	False
TIGR4_SSRC10_TSS_1461189_-	RpoD_Complete_Bipartite_With_Extended_Minus10	SigA	True	True	True	False
TIGR4_SP_1555_TSS_1466553_-	Orphan_Unassigned	Unassigned	False	False	False	False
TIGR4_SP_1558_TSS_1467989_-	RpoD_Extended_Minus10_Only	SigA	False	True	True	False
TIGR4_SP_1561_TSS_1471067_-	RpoD_Extended_Minus10_Only	SigA	False	True	True	False
TIGR4_SP_1569_TSS_1477416_-	Orphan_Unassigned	Unassigned	False	False	False	False
TIGR4_SP_1571_TSS_1477944_-	RpoD_Extended_Minus10_Only	SigA	False	True	True	False
TIGR4_SP_1572_TSS_1478619_-	Orphan_Unassigned	Unassigned	False	False	False	False
TIGR4_SP_1573_TSS_1480703_-	Orphan_Unassigned	Unassigned	False	False	False	False
TIGR4_SP_1574_TSS_1481397_-	RpoD_Extended_Minus10_Only	SigA	False	True	True	False
TIGR4_SP_1576_TSS_1483164_-	RpoD_Complete_Bipartite_With_Extended_Minus10	SigA	True	True	True	False
TIGR4_SP_1577_TSS_1483816_-	RpoD_Extended_Minus10_Only	SigA	False	True	True	False
TIGR4_SP_1578_TSS_1484656_-	RpoD_Complete_Bipartite_Standard	SigA	True	False	True	False
TIGR4_SP_1580_TSS_1486291_-	RpoD_Complete_Bipartite_Standard	SigA	True	False	True	False
TIGR4_SP_1584_TSS_1489522_-	RpoD_Complete_Bipartite_With_Extended_Minus10	SigA	True	True	True	False
TIGR4_SP_1586_TSS_1491484_-	RpoD_Extended_Minus10_Only	SigA	False	True	True	False
TIGR4_SP_1587_TSS_1492815_-	Orphan_Unassigned	Unassigned	False	False	False	False
TIGR4_SP_1599_TSS_1503185_-	Orphan_Unassigned	Unassigned	False	False	False	False
TIGR4_SP_1602_TSS_1505916_-	RpoD_Complete_Bipartite_With_Extended_Minus10	SigA	True	True	True	False
TIGR4_SP_1603_TSS_1507100_-	Orphan_Unassigned	Unassigned	False	False	False	False
TIGR4_SP_1607_TSS_1509476_-	RpoD_Extended_Minus10_Only	SigA	False	True	True	False
TIGR4_SP_1610_TSS_1512354_-	RpoD_Extended_Minus10_Only	SigA	False	True	True	False
TIGR4_SP_1623_TSS_1525664_-	RpoD_Extended_Minus10_Only	SigA	False	True	True	False
TIGR4_trn0761_TSS_1528401_-	Orphan_Unassigned	Unassigned	False	False	False	False
TIGR4_S15_TSS_1528620_-	RpoD_Complete_Bipartite_Standard	SigA	True	False	True	False
TIGR4_SP_1633_TSS_1534207_-	RpoD_Extended_Minus10_Only	SigA	False	True	True	False
TIGR4_SP_1636_TSS_1536366_-	RpoD_Complete_Bipartite_Standard	SigA	True	False	True	False
TIGR4_SP_1637_TSS_1537261_-	RpoD_Extended_Minus10_Only	SigA	False	True	True	False
TIGR4_SP_1645_TSS_1543991_-	RpoD_Complete_Bipartite_With_Extended_Minus10	SigA	True	True	True	False
TIGR4_SP_1647_TSS_1547601_-	Orphan_Unassigned	Unassigned	False	False	False	False
TIGR4_SP_1653_TSS_1554668_-	RpoD_Complete_Bipartite_Standard	SigA	True	False	True	False
TIGR4_SP_1654_TSS_1557177_-	RpoD_Extended_Minus10_Only	SigA	False	True	True	False
TIGR4_SP_1655_TSS_1557968_-	Orphan_Unassigned	Unassigned	False	False	False	False
TIGR4_SP_1660_TSS_1562621_-	Orphan_Unassigned	Unassigned	False	False	False	False
TIGR4_SP_1661_TSS_1563242_-	Orphan_Unassigned	Unassigned	False	False	False	False
TIGR4_SP_1663_TSS_1564572_-	Orphan_Unassigned	Unassigned	False	False	False	False
TIGR4_SP_1664_TSS_1565083_-	Orphan_Unassigned	Unassigned	False	False	False	False
TIGR4_SP_1666_TSS_1566939_-	Orphan_Unassigned	Unassigned	False	False	False	False
TIGR4_SP_1667_TSS_1568177_-	RpoD_Extended_Minus10_Only	SigA	False	True	True	False
TIGR4_SP_1668_TSS_1569056_-	RpoD_Extended_Minus10_Only	SigA	False	True	True	False
TIGR4_SP_1671_TSS_1572243_-	RpoD_Extended_Minus10_Only	SigA	False	True	True	False
TIGR4_SP_1673_TSS_1575072_-	RpoD_Extended_Minus10_Only	SigA	False	True	True	False
TIGR4_SP_1676_TSS_1577989_-	Orphan_Unassigned	Unassigned	False	False	False	False
TIGR4_SP_1694_TSS_1598827_-	RpoD_Complete_Bipartite_With_Extended_Minus10	SigA	True	True	True	False
TIGR4_SP_1695_TSS_1600698_-	Orphan_Unassigned	Unassigned	False	False	False	False
TIGR4_SP_1702_TSS_1609184_-	RpoD_Complete_Bipartite_With_Extended_Minus10	SigA	True	True	True	False
TIGR4_SP_1710_TSS_1614911_-	Orphan_Unassigned	Unassigned	False	False	False	False
TIGR4_SP_1713_TSS_1617347_-	RpoD_Complete_Bipartite_With_Extended_Minus10	SigA	True	True	True	False
TIGR4_SP_1717_TSS_1621835_-	RpoD_Complete_Bipartite_Standard	SigA	True	False	True	False
TIGR4_SP_1722_TSS_1627048_-	RpoD_Complete_Bipartite_With_Extended_Minus10	SigA	True	True	True	False
TIGR4_SP_1727_TSS_1632281_-	RpoD_Extended_Minus10_Only	SigA	False	True	True	False
TIGR4_SP_1731_TSS_1634605_-	RpoD_Extended_Minus10_Only	SigA	False	True	True	False
TIGR4_SP_1733_TSS_1637624_-	RpoD_Complete_Bipartite_With_Extended_Minus10	SigA	True	True	True	False
TIGR4_SP_1738_TSS_1643191_-	RpoD_Complete_Bipartite_Standard	SigA	True	False	True	False
TIGR4_SP_1739_TSS_1644896_-	RpoD_Extended_Minus10_Only	SigA	False	True	True	False
TIGR4_SP_1740_TSS_1645583_-	RpoD_Complete_Bipartite_Standard	SigA	True	False	True	False
TIGR4_SP_1750_TSS_1652616_-	Orphan_Unassigned	Unassigned	False	False	False	False
TIGR4_SP_1751_TSS_1652995_-	RpoD_Extended_Minus10_Only	SigA	False	True	True	False
TIGR4_SP_1772_TSS_1692765_-	RpoD_Complete_Bipartite_With_Extended_Minus10	SigA	True	True	True	False
TIGR4_SP_1778_TSS_1696882_-	Orphan_Unassigned	Unassigned	False	False	False	False
TIGR4_SP_1785_TSS_1703473_-	Orphan_Unassigned	Unassigned	False	False	False	False
TIGR4_SP_1786_TSS_1704370_-	RpoD_Complete_Bipartite_With_Extended_Minus10	SigA	True	True	True	False
TIGR4_SP_1794_TSS_1710000_-	RpoD_Complete_Bipartite_With_Extended_Minus10	SigA	True	True	True	False
TIGR4_SP_1799_TSS_1716332_-	Orphan_Unassigned	Unassigned	False	False	False	False
TIGR4_SP_1807_TSS_1721477_-	RpoD_Standard_Minus10_Only	SigA	False	False	True	False
TIGR4_SP_1810_TSS_1724156_-	RpoD_Extended_Minus10_Only	SigA	False	True	True	False
TIGR4_SP_1838_TSS_1748320_-	RpoD_Complete_Bipartite_With_Extended_Minus10	SigA	True	True	True	False
TIGR4_SP_1844_TSS_1753079_-	RpoD_Complete_Bipartite_Standard	SigA	True	False	True	False
TIGR4_SP_1850_TSS_1758448_-	RpoD_Extended_Minus10_Only	SigA	False	True	True	False
TIGR4_SP_1851_TSS_1759000_-	RpoD_Standard_Minus10_Only	SigA	False	False	True	False
TIGR4_SP_1859_TSS_1767250_-	RpoD_Complete_Bipartite_Standard	SigA	True	False	True	False
TIGR4_SP_1863_TSS_1770957_-	RpoD_Complete_Bipartite_With_Extended_Minus10	SigA	True	True	True	False
TIGR4_SP_1865_TSS_1773006_-	RpoD_Extended_Minus10_Only	SigA	False	True	True	False
TIGR4_SP_1875_TSS_1780435_-	Orphan_Unassigned	Unassigned	False	False	False	False
TIGR4_SP_1881_TSS_1784266_-	Orphan_Unassigned	Unassigned	False	False	False	False
TIGR4_SP_1882_TSS_1784650_-	RpoD_Extended_Minus10_Only	SigA	False	True	True	False
TIGR4_SP_1891_TSS_1797615_-	RpoD_Complete_Bipartite_With_Extended_Minus10	SigA	True	True	True	False
TIGR4_SP_2256_TSS_1809031_-	Orphan_Unassigned	Unassigned	False	False	False	False
TIGR4_SP_2261_TSS_1809473_-	Orphan_Unassigned	Unassigned	False	False	False	False
TIGR4_SP_2263_TSS_1809649_-	Orphan_Unassigned	Unassigned	False	False	False	False
TIGR4_SP_rrnaD16S_TSS_1815208_-	ComX_SigmaX_Site	SigX	False	True	True	True
TIGR4_SP_2271_TSS_1815401_-	RpoD_Complete_Bipartite_Standard	SigA	True	False	True	False
TIGR4_SP_1901_TSS_1816800_-	RpoD_Extended_Minus10_Only	SigA	False	True	True	False
TIGR4_SP_1911_TSS_1824964_-	RpoD_Extended_Minus10_Only	SigA	False	True	True	False
TIGR4_SP_1915_TSS_1826800_-	RpoD_Extended_Minus10_Only	SigA	False	True	True	False
TIGR4_SP_1917_TSS_1827778_-	RpoD_Complete_Bipartite_Standard	SigA	True	False	True	False
TIGR4_SP_1922_TSS_1831044_-	RpoD_Complete_Bipartite_With_Extended_Minus10	SigA	True	True	True	False
TIGR4_SP_1926_TSS_1834832_-	RpoD_Extended_Minus10_Only	SigA	False	True	True	False
TIGR4_SP_1937_TSS_1841611_-	RpoD_Complete_Bipartite_With_Extended_Minus10	SigA	True	True	True	False
TIGR4_SP_1940_TSS_1844613_-	RpoD_Extended_Minus10_Only	SigA	False	True	True	False
TIGR4_SP_1944_TSS_1847950_-	RpoD_Complete_Bipartite_With_Extended_Minus10	SigA	True	True	True	False
TIGR4_SP_1946_TSS_1849930_-	RpoD_Complete_Bipartite_Standard	SigA	True	False	True	False
TIGR4_SP_1959_TSS_1862559_-	RpoD_Extended_Minus10_Only	SigA	False	True	True	False
TIGR4_SP_1963_TSS_1872006_-	RpoD_Extended_Minus10_Only	SigA	False	True	True	False
TIGR4_SP_RS09885_TSS_1874791_-	RpoD_Extended_Minus10_Only	SigA	False	True	True	False
TIGR4_SP_1969_TSS_1876887_-	RpoD_Complete_Bipartite_With_Extended_Minus10	SigA	True	True	True	False
TIGR4_SP_1972_TSS_1878768_-	RpoD_Complete_Bipartite_With_Extended_Minus10	SigA	True	True	True	False
TIGR4_SP_1973_TSS_1879535_-	RpoD_Extended_Minus10_Only	SigA	False	True	True	False
TIGR4_SP_1976_TSS_1881748_-	RpoD_Extended_Minus10_Only	SigA	False	True	True	False
TIGR4_SP_1978_TSS_1883416_-	Orphan_Unassigned	Unassigned	False	False	False	False
TIGR4_SP_1979_TSS_1884186_-	RpoD_Extended_Minus10_Only	SigA	False	True	True	False
TIGR4_SP_1985_TSS_1889514_-	RpoD_Extended_Minus10_Only	SigA	False	True	True	False
TIGR4_SP_1988_TSS_1892695_-	RpoD_Complete_Bipartite_Standard	SigA	True	False	True	False
TIGR4_SP_1991_TSS_1895188_-	RpoD_Extended_Minus10_Only	SigA	False	True	True	False
TIGR4_SP_1993_TSS_1896852_-	RpoD_Complete_Bipartite_Standard	SigA	True	False	True	False
TIGR4_SP_1994_TSS_1898167_-	RpoD_Complete_Bipartite_With_Extended_Minus10	SigA	True	True	True	False
TIGR4_SP_1997_TSS_1900656_-	RpoD_Complete_Bipartite_With_Extended_Minus10	SigA	True	True	True	False
TIGR4_SP_1999_TSS_1903439_-	RpoD_Complete_Bipartite_With_Extended_Minus10	SigA	True	True	True	False
TIGR4_SP_2001_TSS_1905887_-	RpoD_Extended_Minus10_Only	SigA	False	True	True	False
TIGR4_SP_2275_TSS_1908306_-	Orphan_Unassigned	Unassigned	False	False	False	False
TIGR4_SP_2279_TSS_1908675_-	Orphan_Unassigned	Unassigned	False	False	False	False
TIGR4_SP_rrnaC16S_TSS_1913865_-	ComX_SigmaX_Site	SigX	False	True	True	True
TIGR4_SP_2283_TSS_1914058_-	RpoD_Complete_Bipartite_Standard	SigA	True	False	True	False
TIGR4_SP_2009_TSS_1915676_-	RpoD_Complete_Bipartite_With_Extended_Minus10	SigA	True	True	True	False
TIGR4_SP_2010_TSS_1917912_-	RpoD_Extended_Minus10_Only	SigA	False	True	True	False
TIGR4_SP_2012_TSS_1920038_-	Orphan_Unassigned	Unassigned	False	False	False	False
TIGR4_SP_RS12475_TSS_1921994_-	RpoD_Extended_Minus10_Only	SigA	False	True	True	False
TIGR4_SP_2016_TSS_1923085_-	RpoD_Complete_Bipartite_Standard	SigA	True	False	True	False
TIGR4_SP_2026_TSS_1933476_-	RpoD_Complete_Bipartite_With_Extended_Minus10	SigA	True	True	True	False
TIGR4_SP_2029_TSS_1934935_-	RpoD_Complete_Bipartite_With_Extended_Minus10	SigA	True	True	True	False
TIGR4_SP_2042_TSS_1947754_-	RpoD_Complete_Bipartite_With_Extended_Minus10	SigA	True	True	True	False
TIGR4_SP_2044_TSS_1949098_-	RpoD_Complete_Bipartite_With_Extended_Minus10	SigA	True	True	True	False
TIGR4_SP_2045_TSS_1950074_-	Orphan_Unassigned	Unassigned	False	False	False	False
TIGR4_SP_2054_TSS_1955035_-	RpoD_Extended_Minus10_Only	SigA	False	True	True	False
TIGR4_SP_2055_TSS_1956262_-	Orphan_Unassigned	Unassigned	False	False	False	False
TIGR4_SP_2057_TSS_1959537_-	RpoD_Extended_Minus10_Only	SigA	False	True	True	False
TIGR4_SP_2058_TSS_1960808_-	RpoD_Complete_Bipartite_With_Extended_Minus10	SigA	True	True	True	False
TIGR4_SP_2060_TSS_1962449_-	RpoD_Extended_Minus10_Only	SigA	False	True	True	False
TIGR4_SP_2062_TSS_1963350_-	RpoD_Complete_Bipartite_Standard	SigA	True	False	True	False
TIGR4_SP_2063_TSS_1964773_-	RpoD_Extended_Minus10_Only	SigA	False	True	True	False
TIGR4_SP_2066_TSS_1968386_-	RpoD_Extended_Minus10_Only	SigA	False	True	True	False
TIGR4_SP_2067_TSS_1969752_-	RpoD_Extended_Minus10_Only	SigA	False	True	True	False
TIGR4_SP_2290_TSS_1970410_-	Orphan_Unassigned	Unassigned	False	False	False	False
TIGR4_SP_2291_TSS_1970582_-	Orphan_Unassigned	Unassigned	False	False	False	False
TIGR4_SP_2292_TSS_1970690_-	Orphan_Unassigned	Unassigned	False	False	False	False
TIGR4_SP_rrnaB16S_TSS_1975881_-	ComX_SigmaX_Site	SigX	False	True	True	True
TIGR4_SP_2296_TSS_1976075_-	RpoD_Complete_Bipartite_Standard	SigA	True	False	True	False
TIGR4_SP_2069_TSS_1978123_-	RpoD_Extended_Minus10_Only	SigA	False	True	True	False
TIGR4_SP_2070_TSS_1979581_-	RpoD_Complete_Bipartite_Standard	SigA	True	False	True	False
TIGR4_SP_2072_TSS_1980447_-	RpoD_Extended_Minus10_Only	SigA	False	True	True	False
TIGR4_SP_2075_TSS_1984877_-	RpoD_Complete_Bipartite_With_Extended_Minus10	SigA	True	True	True	False
TIGR4_SP_2077_TSS_1988024_-	RpoD_Complete_Bipartite_With_Extended_Minus10	SigA	True	True	True	False
TIGR4_SP_2098_TSS_2007047_-	Orphan_Unassigned	Unassigned	False	False	False	False
TIGR4_SP_2099_TSS_2009178_-	RpoD_Complete_Bipartite_With_Extended_Minus10	SigA	True	True	True	False
TIGR4_SP_2102_TSS_2013000_-	RpoD_Complete_Bipartite_Standard	SigA	True	False	True	False
TIGR4_SP_2107_TSS_2020339_-	RpoD_Extended_Minus10_Only	SigA	False	True	True	False
TIGR4_SP_2114_TSS_2029313_-	RpoD_Extended_Minus10_Only	SigA	False	True	True	False
TIGR4_SP_2115_TSS_2029883_-	RpoD_Extended_Minus10_Only	SigA	False	True	True	False
TIGR4_SP_2119_TSS_2032040_-	RpoD_Complete_Bipartite_With_Extended_Minus10	SigA	True	True	True	False
TIGR4_SP_2121_TSS_2033750_-	RpoD_Extended_Minus10_Only	SigA	False	True	True	False
TIGR4_SP_2124_TSS_2036213_-	Orphan_Unassigned	Unassigned	False	False	False	False
TIGR4_SP_2126_TSS_2038586_-	RpoD_Extended_Minus10_Only	SigA	False	True	True	False
TIGR4_SP_2131_TSS_2044277_-	RpoD_Standard_Minus10_Only	SigA	False	False	True	False
TIGR4_trn1025_TSS_2048654_-	RpoD_Complete_Bipartite_With_Extended_Minus10	SigA	True	True	True	False
TIGR4_SP_2139_TSS_2050356_-	RpoD_Extended_Minus10_Only	SigA	False	True	True	False
TIGR4_SP_2144_TSS_2057444_-	Orphan_Unassigned	Unassigned	False	False	False	False
TIGR4_SP_2146_TSS_2061682_-	RpoD_Complete_Bipartite_With_Extended_Minus10	SigA	True	True	True	False
TIGR4_SP_2156_TSS_2070891_-	RpoD_Extended_Minus10_Only	SigA	False	True	True	False
TIGR4_SP_2157_TSS_2072181_-	RpoD_Complete_Bipartite_Standard	SigA	True	False	True	False
TIGR4_SP_2172_TSS_2090344_-	RpoD_Complete_Bipartite_With_Extended_Minus10	SigA	True	True	True	False
TIGR4_SP_2177_TSS_2094955_-	RpoD_Complete_Bipartite_With_Extended_Minus10	SigA	True	True	True	False
TIGR4_SP_2186_TSS_2106238_-	Orphan_Unassigned	Unassigned	False	False	False	False
TIGR4_SP_2187_TSS_2107802_-	RpoD_Extended_Minus10_Only	SigA	False	True	True	False
TIGR4_SP_2190_TSS_2112123_-	RpoD_Extended_Minus10_Only	SigA	False	True	True	False
TIGR4_SP_2191_TSS_2112724_-	RpoD_Extended_Minus10_Only	SigA	False	True	True	False
TIGR4_SP_2194_TSS_2118118_-	Orphan_Unassigned	Unassigned	False	False	False	False
TIGR4_SP_2195_TSS_2118336_-	RpoD_Complete_Bipartite_With_Extended_Minus10	SigA	True	True	True	False
TIGR4_SP_2199_TSS_2121369_-	Orphan_Unassigned	Unassigned	False	False	False	False
TIGR4_SP_2202_TSS_2123545_-	Orphan_Unassigned	Unassigned	False	False	False	False
TIGR4_SP_2203_TSS_2124926_-	Orphan_Unassigned	Unassigned	False	False	False	False
TIGR4_SP_2205_TSS_2126994_-	RpoD_Extended_Minus10_Only	SigA	False	True	True	False
TIGR4_SP_2206_TSS_2127700_-	RpoD_Complete_Bipartite_With_Extended_Minus10	SigA	True	True	True	False
TIGR4_SP_2214_TSS_2134257_-	Orphan_Unassigned	Unassigned	False	False	False	False
TIGR4_SP_2215_TSS_2135152_-	RpoD_Complete_Bipartite_With_Extended_Minus10	SigA	True	True	True	False
TIGR4_SP_2216_TSS_2136474_-	RpoD_Extended_Minus10_Only	SigA	False	True	True	False
TIGR4_SP_2225_TSS_2144315_-	RpoD_Extended_Minus10_Only	SigA	False	True	True	False
TIGR4_SP_2228_TSS_2147498_-	RpoD_Complete_Bipartite_With_Extended_Minus10	SigA	True	True	True	False
TIGR4_SP_2229_TSS_2148649_-	RpoD_Extended_Minus10_Only	SigA	False	True	True	False
TIGR4_SP_2298_TSS_2155630_-	RpoD_Complete_Bipartite_With_Extended_Minus10	SigA	True	True	True	False
TIGR4_SP_2237_TSS_2157927_-	RpoD_Complete_Bipartite_With_Extended_Minus10	SigA	True	True	True	False
TIGR4_SP_2238_TSS_2158646_-	RpoD_Extended_Minus10_Only	SigA	False	True	True	False
