query_d39v	target_tigr4	alnlen	mismatches	qstart	qend	tstart	tend	evalue	bitscore	len_d39v	orient_d39v	left_d39v	right_d39v	len_tigr4	orient_tigr4	left_tigr4	right_tigr4
IGR_D39V_0917	IGR_NC_003028.3_0978	74	0	1	74	1	74	7.004E-38	134.0	74	TANDEM(--)	SPV_1080	SPV_1081	74	TANDEM(--)	SP_RS05990	SP_RS05995
IGR_D39V_1045	IGR_NC_003028.3_1116	83	0	1	83	1	83	5.546E-43	150.0	83	TANDEM(--)	SPV_1240	SPV_1241	83	TANDEM(--)	SP_RS06905	SP_RS06910
IGR_D39V_0890	IGR_NC_003028.3_0948	80	0	1	80	1	80	2.782E-41	145.0	80	TANDEM(++)	SPV_1041	SPV_1042	80	TANDEM(++)	SP_RS05805	SP_RS05810
IGR_D39V_1082	IGR_NC_003028.3_1154	77	0	1	77	1	77	1.396E-39	139.0	77	TANDEM(--)	SPV_1288	SPV_1289	77	TANDEM(--)	SP_RS07170	SP_RS07175
IGR_D39V_0581	IGR_NC_003028.3_0613	285	0	1	285	1	285	2.450E-157	512.0	285	TANDEM(++)	SPV_0660	SPV_0661	285	TANDEM(++)	SP_RS03705	SP_RS03710
IGR_D39V_0741	IGR_NC_003028.3_0783	39	0	1	39	1	39	4.963E-18	71.0	39	TANDEM(++)	SPV_2259	SPV_0861	39	TANDEM(++)	SP_RS04825	SP_RS04830
IGR_D39V_0869	IGR_NC_003028.3_0828	73	0	73	1	1	73	2.584E-37	132.0	73	TANDEM(--)	SPV_0913	SPV_0912	73	TANDEM(++)	SP_RS05095	SP_RS05100
IGR_D39V_1429	IGR_NC_003028.3_1540	84	0	1	84	1	84	1.504E-43	152.0	84	TANDEM(--)	SPV_1740	SPV_1741	84	TANDEM(--)	SP_RS09755	SP_RS09760
IGR_D39V_1493	IGR_NC_003028.3_1602	157	0	1	157	1	157	6.738E-85	283.0	157	DIVERGENT	SPV_1829	SPV_1830	157	DIVERGENT	SP_RS10220	SP_RS10225
IGR_D39V_1557	IGR_NC_003028.3_1668	77	0	1	77	1	77	1.396E-39	139.0	77	CONVERGENT	SPV_1926	SPV_1927	77	CONVERGENT	SP_RS10695	SP_RS10700
IGR_D39V_1621	IGR_NC_003028.3_1732	154	0	1	154	1	154	3.366E-83	277.0	154	TANDEM(--)	SPV_2000	SPV_2002	154	TANDEM(--)	SP_RS11080	SP_RS11085
IGR_D39V_0022	IGR_NC_003028.3_0027	148	0	1	148	1	148	8.400E-80	267.0	148	DIVERGENT	SPV_0040	SPV_0041	148	DIVERGENT	SP_RS00210	SP_RS00215
IGR_D39V_0555	IGR_NC_003028.3_0587	207	0	1	207	1	207	4.344E-113	372.0	208	CONVERGENT	SPV_0631	SPV_0632	209	CONVERGENT	SP_RS03550	SP_RS03555
IGR_D39V_0587	IGR_NC_003028.3_0618	33	0	1	33	1	33	1.261E-14	61.0	33	TANDEM(++)	SPV_0665	SPV_0666	33	TANDEM(++)	SP_RS03730	SP_RS03735
IGR_D39V_0715	IGR_NC_003028.3_0755	108	0	1	108	1	108	3.787E-57	195.0	108	TANDEM(++)	SPV_0829	SPV_0831	108	TANDEM(++)	SP_RS04640	SP_RS04645
IGR_D39V_0747	IGR_NC_003028.3_0789	66	0	1	66	1	66	2.403E-33	120.0	66	TANDEM(++)	SPV_0867	SPV_0868	66	TANDEM(++)	SP_RS04860	SP_RS04865
IGR_D39V_0370	IGR_NC_003028.3_0372	25	0	1	25	122	146	4.373E-10	46.0	25	CONVERGENT	SPV_0418	SPV_0419	146	CONVERGENT	SP_RS02255	SP_RS02260
IGR_D39V_0530	IGR_NC_003028.3_0560	103	0	1	103	1	103	2.576E-54	186.0	103	TANDEM(++)	SPV_0597	SPV_0598	103	TANDEM(++)	SP_RS03365	SP_RS03370
IGR_D39V_0562	IGR_NC_003028.3_0592	110	0	1	110	1	110	2.788E-58	199.0	110	TANDEM(++)	SPV_0636	SPV_0637	110	TANDEM(++)	SP_RS03575	SP_RS03580
IGR_D39V_0058	IGR_NC_003028.3_0063	166	0	1	166	1	166	5.410E-90	299.0	166	TANDEM(++)	SPV_0080	SPV_0081	166	TANDEM(++)	SP_RS00425	SP_RS00430
IGR_D39V_0234	IGR_NC_003028.3_0219	188	0	1	188	237	424	1.903E-102	338.0	188	TANDEM(++)	SPV_2486	SPV_0253	424	TANDEM(++)	SP_RS01325	SP_RS01330
IGR_D39V_0330	IGR_NC_003028.3_0331	86	0	1	86	1	86	1.106E-44	156.0	86	DIVERGENT	SPV_0368	SPV_0369	86	DIVERGENT	SP_RS02000	SP_RS02005
IGR_D39V_0362	IGR_NC_003028.3_0363	30	0	1	30	1	30	6.356E-13	55.0	30	TANDEM(++)	SPV_0406	SPV_2492	106	TANDEM(++)	SP_RS02200	SP_RS02205
IGR_D39V_0394	IGR_NC_003028.3_0401	32	0	1	32	97	128	4.657E-14	59.0	32	TANDEM(++)	SPV_2494	SPV_0442	128	TANDEM(++)	SP_RS13595	SP_RS02435
IGR_D39V_0426	IGR_NC_003028.3_0446	29	0	1	29	122	150	2.348E-12	53.0	29	TANDEM(++)	SPV_2495	SPV_0475	150	TANDEM(++)	SP_RS02690	SP_RS02695
IGR_D39V_0458	IGR_NC_003028.3_0480	81	0	1	81	1	81	7.542E-42	147.0	81	TANDEM(++)	SPV_0514	SPV_0515	81	TANDEM(++)	SP_RS02920	SP_RS02925
IGR_D39V_0490	IGR_NC_003028.3_0516	150	0	1	150	249	398	6.192E-81	270.0	150	TANDEM(++)	SPV_2498	SPV_2193	398	TANDEM(++)	SP_RS03105	SP_RS13755
IGR_D39V_1099	IGR_NC_003028.3_1175	456	0	1	456	466	921	4.631E-254	818.0	456	TANDEM(--)	SPV_1319	SPV_1320	921	TANDEM(--)	SP_RS07325	SP_RS07340
IGR_D39V_1131	IGR_NC_003028.3_1208	105	0	1	105	1	105	1.896E-55	190.0	105	DIVERGENT	SPV_1358	SPV_1359	105	DIVERGENT	SP_RS07530	SP_RS07535
IGR_D39V_1163	IGR_NC_003028.3_1235	51	0	1	51	1	51	7.719E-25	93.0	51	TANDEM(--)	SPV_1396	SPV_1397	51	TANDEM(--)	SP_RS07720	SP_RS07725
IGR_D39V_1227	IGR_NC_003028.3_1307	50	0	1	50	1	50	2.850E-24	91.0	50	TANDEM(--)	SPV_1468	SPV_1469	50	TANDEM(--)	SP_RS08170	SP_RS08175
IGR_D39V_1291	IGR_NC_003028.3_1372	65	0	1	65	1	65	8.868E-33	118.0	65	TANDEM(--)	SPV_1546	SPV_1547	65	TANDEM(--)	SP_RS08590	SP_RS08595
IGR_D39V_1323	IGR_NC_003028.3_1420	164	0	1	164	1	164	7.336E-89	295.0	164	TANDEM(--)	SPV_1578	SPV_1579	164	TANDEM(--)	SP_RS08875	SP_RS08880
IGR_D39V_1451	IGR_NC_003028.3_1562	111	0	1	111	1	111	7.565E-59	200.0	111	TANDEM(--)	SPV_1768	SPV_1769	111	TANDEM(--)	SP_RS09905	SP_RS09915
IGR_D39V_1483	IGR_NC_003028.3_1592	52	0	1	52	1	52	2.091E-25	95.0	52	TANDEM(--)	SPV_2423	SPV_1821	52	TANDEM(--)	SP_RS10170	SP_RS10175
IGR_D39V_0012	IGR_NC_003028.3_0015	200	0	1	200	1	200	3.072E-109	360.0	200	TANDEM(++)	SPV_0024	SPV_0025	200	TANDEM(++)	SP_RS00135	SP_RS00140
IGR_D39V_0673	IGR_NC_003028.3_0710	134	0	1	134	1	134	7.111E-72	242.0	134	TANDEM(++)	SPV_0777	SPV_0778	134	TANDEM(++)	SP_RS04345	SP_RS04350
IGR_D39V_0737	IGR_NC_003028.3_0779	60	0	1	60	1	60	6.068E-30	109.0	60	CONVERGENT	SPV_0853	SPV_0854	60	CONVERGENT	SP_RS04785	SP_RS04790
IGR_D39V_1172	IGR_NC_003028.3_1244	181	0	1	181	1	181	1.745E-98	326.0	181	TANDEM(--)	SPV_1406	SPV_1407	181	TANDEM(--)	SP_RS07770	SP_RS07775
IGR_D39V_1204	IGR_NC_003028.3_1286	48	0	1	48	1	48	3.885E-23	88.0	48	CONVERGENT	SPV_1444	SPV_1445	48	CONVERGENT	SP_RS08040	SP_RS08045
IGR_D39V_1300	IGR_NC_003028.3_1381	51	0	1	51	1	51	7.719E-25	93.0	51	TANDEM(--)	SPV_1557	SPV_1558	51	TANDEM(--)	SP_RS08645	SP_RS08650
IGR_D39V_1428	IGR_NC_003028.3_1539	54	0	1	54	1	54	1.534E-26	98.0	54	TANDEM(--)	SPV_1739	SPV_1740	54	TANDEM(--)	SP_RS09750	SP_RS09755
IGR_D39V_0749	IGR_NC_003028.3_0793	94	0	1	94	1	94	3.238E-49	170.0	94	TANDEM(--)	SPV_0872	SPV_0873	94	TANDEM(--)	SP_RS04890	SP_RS04895
IGR_D39V_0877	IGR_NC_003028.3_0818	55	0	55	1	1	55	4.156E-27	100.0	55	TANDEM(--)	SPV_0901	SPV_0900	55	TANDEM(++)	SP_RS05030	SP_RS05035
IGR_D39V_1655	IGR_NC_003028.3_1768	58	0	1	58	1	58	8.266E-29	105.0	58	TANDEM(--)	SPV_2045	SPV_2046	58	TANDEM(--)	SP_RS11325	SP_RS11330
IGR_D39V_0056	IGR_NC_003028.3_0060	134	0	1	134	1	134	7.111E-72	242.0	134	TANDEM(++)	SPV_0077	SPV_2463	309	TANDEM(++)	SP_RS00410	SP_RS00415
IGR_D39V_0120	IGR_NC_003028.3_0105	177	0	1	177	1	177	3.207E-96	319.0	177	DIVERGENT	SPV_0133	SPV_0134	177	DIVERGENT	SP_RS00640	SP_RS00645
IGR_D39V_0184	IGR_NC_003028.3_0170	24	0	1	24	1	24	1.615E-09	45.0	24	TANDEM(++)	SPV_0201	SPV_0202	24	TANDEM(++)	SP_RS01050	SP_RS01055
IGR_D39V_0248	IGR_NC_003028.3_0233	189	0	1	189	1	189	5.170E-103	340.0	189	DIVERGENT	SPV_0266	SPV_0267	189	DIVERGENT	SP_RS01405	SP_RS01410
IGR_D39V_0615	IGR_NC_003028.3_0646	108	0	1	108	1	108	3.787E-57	195.0	108	TANDEM(++)	SPV_0700	SPV_0701	108	TANDEM(++)	SP_RS03900	SP_RS03905
IGR_D39V_0679	IGR_NC_003028.3_0720	270	0	1	270	1	270	7.513E-149	485.0	270	TANDEM(++)	SPV_0784	SPV_0785	505	CONVERGENT	SP_RS04400	SP_RS04405
IGR_D39V_1613	IGR_NC_003028.3_1726	24	0	1	24	1	24	1.615E-09	45.0	24	TANDEM(--)	SPV_1990	SPV_1991	24	TANDEM(--)	SP_RS11030	SP_RS11035
IGR_D39V_1645	IGR_NC_003028.3_1757	43	0	1	43	1	43	2.667E-20	79.0	43	TANDEM(--)	SPV_2030	SPV_2031	43	TANDEM(--)	SP_RS11250	SP_RS11255
IGR_D39V_0014	IGR_NC_003028.3_0016	33	0	1	33	154	186	1.261E-14	61.0	33	TANDEM(++)	SPV_2459	SPV_0027	186	TANDEM(++)	SP_RS00140	SP_RS00145
IGR_D39V_0046	IGR_NC_003028.3_0052	115	0	1	115	1	115	4.102E-61	208.0	115	TANDEM(++)	SPV_0070	SPV_0071	115	TANDEM(++)	SP_RS00360	SP_RS00365
IGR_D39V_0174	IGR_NC_003028.3_0161	160	0	1	160	1	160	1.349E-86	288.0	160	TANDEM(++)	SPV_0191	SPV_2483	266	TANDEM(++)	SP_RS12610	SP_RS01005
IGR_D39V_0313	IGR_NC_003028.3_0307	75	0	1	75	1	75	1.899E-38	136.0	75	TANDEM(++)	SPV_0342	SPV_0343	75	TANDEM(++)	SP_RS01830	SP_RS01835
IGR_D39V_0377	IGR_NC_003028.3_0384	167	0	1	167	1	167	1.469E-90	301.0	167	DIVERGENT	SPV_0423	SPV_0424	167	DIVERGENT	SP_RS02335	SP_RS02340
IGR_D39V_0473	IGR_NC_003028.3_0498	111	0	1	111	1	111	7.565E-59	200.0	111	TANDEM(++)	SPV_0534	SPV_0535	111	TANDEM(++)	SP_RS03015	SP_RS03020
IGR_D39V_0669	IGR_NC_003028.3_0706	85	0	1	85	1	85	4.078E-44	154.0	85	TANDEM(++)	SPV_0773	SPV_0774	136	TANDEM(++)	SP_RS04325	SP_RS04330
IGR_D39V_0154	IGR_NC_003028.3_0145	254	0	1	254	1	254	8.487E-140	457.0	254	TANDEM(--)	SPV_0173	SPV_0174	254	TANDEM(--)	SP_RS00905	SP_RS00910
IGR_D39V_0186	IGR_NC_003028.3_0172	77	0	1	77	1	77	1.396E-39	139.0	77	TANDEM(++)	SPV_0203	SPV_0204	77	TANDEM(++)	SP_RS01060	SP_RS01065
IGR_D39V_0346	IGR_NC_003028.3_0347	36	0	1	36	1	36	2.501E-16	66.0	36	TANDEM(++)	SPV_0388	SPV_0389	36	TANDEM(++)	SP_RS02100	SP_RS02105
IGR_D39V_0410	IGR_NC_003028.3_0418	26	0	1	26	1	26	1.184E-10	48.0	26	TANDEM(++)	SPV_0458	SPV_0459	26	TANDEM(++)	SP_RS02520	SP_RS02525
IGR_D39V_0060	IGR_NC_003028.3_0064	42	0	1	42	153	194	9.850E-20	77.0	42	TANDEM(++)	SPV_2464	SPV_0083	194	TANDEM(++)	SP_RS00435	SP_RS00440
IGR_D39V_0092	IGR_NC_003028.3_0091	34	0	1	34	386	419	3.413E-15	62.0	34	TANDEM(++)	SPV_2470	SPV_2099	751	DIVERGENT	SP_RS00580	SP_RS00585
IGR_D39V_0156	IGR_NC_003028.3_0147	131	0	1	131	1	131	3.555E-70	236.0	131	DIVERGENT	SPV_0175	SPV_0176	131	DIVERGENT	SP_RS00915	SP_RS00920
IGR_D39V_0831	IGR_NC_003028.3_0859	68	0	68	1	1	68	1.765E-34	123.0	68	TANDEM(--)	SPV_0955	SPV_0954	68	TANDEM(++)	SP_RS05285	SP_RS05290
IGR_D39V_0895	IGR_NC_003028.3_0954	35	0	1	35	1	35	9.239E-16	64.0	35	TANDEM(--)	SPV_1048	SPV_1049	35	TANDEM(--)	SP_RS05835	SP_RS05840
IGR_D39V_1087	IGR_NC_003028.3_1159	141	0	1	141	1	141	7.726E-76	254.0	141	DIVERGENT	SPV_1298	SPV_1299	293	DIVERGENT	SP_RS07220	SP_RS07225
IGR_D39V_1425	IGR_NC_003028.3_1537	127	0	1	127	1	127	6.550E-68	229.0	127	TANDEM(--)	SPV_1737	SPV_2546	375	TANDEM(--)	SP_RS09740	SP_RS09745
IGR_D39V_1457	IGR_NC_003028.3_1568	66	0	1	66	1	66	2.403E-33	120.0	66	TANDEM(--)	SPV_1775	SPV_1776	66	TANDEM(--)	SP_RS09940	SP_RS09945
IGR_D39V_1521	IGR_NC_003028.3_1629	152	0	1	152	1	152	4.565E-82	274.0	152	TANDEM(--)	SPV_1866	SPV_1867	152	TANDEM(--)	SP_RS10395	SP_RS10400
IGR_D39V_1553	IGR_NC_003028.3_1664	67	0	1	67	1	67	6.514E-34	122.0	67	TANDEM(--)	SPV_1922	SPV_1923	67	TANDEM(--)	SP_RS10675	SP_RS10680
IGR_D39V_1649	IGR_NC_003028.3_1760	55	0	1	55	1	55	4.156E-27	100.0	55	DIVERGENT	SPV_2035	SPV_2036	55	DIVERGENT	SP_RS11275	SP_RS11280
IGR_D39V_0956	IGR_NC_003028.3_1019	49	0	1	49	1	49	1.052E-23	89.0	49	TANDEM(--)	SPV_1132	SPV_1133	49	TANDEM(--)	SP_RS06255	SP_RS06260
IGR_D39V_1000	IGR_NC_003028.3_1076	29	0	1	29	401	429	2.348E-12	53.0	29	CONVERGENT	SPV_1186	SPV_1187	429	TANDEM(--)	SP_RS06620	SP_RS06625
IGR_D39V_0947	IGR_NC_003028.3_1010	95	0	1	95	1	95	8.783E-50	172.0	95	TANDEM(--)	SPV_1122	SPV_1123	95	TANDEM(--)	SP_RS06205	SP_RS06210
IGR_D39V_1075	IGR_NC_003028.3_1146	83	0	1	83	1	83	5.546E-43	150.0	83	TANDEM(--)	SPV_1278	SPV_1279	83	TANDEM(--)	SP_RS07120	SP_RS07125
IGR_D39V_1107	IGR_NC_003028.3_1184	141	0	1	141	1	141	2.191E-75	254.0	145	TANDEM(--)	SPV_1330	SPV_1331	305	DIVERGENT	SP_RS07395	SP_RS07400
IGR_D39V_1139	IGR_NC_003028.3_1216	31	0	1	31	1	31	1.721E-13	57.0	31	TANDEM(--)	SPV_1368	SPV_1369	31	TANDEM(--)	SP_RS07580	SP_RS07585
IGR_D39V_0916	IGR_NC_003028.3_0977	164	0	1	164	1	164	7.336E-89	295.0	164	TANDEM(--)	SPV_1079	SPV_1080	164	TANDEM(--)	SP_RS05985	SP_RS05990
IGR_D39V_1012	IGR_NC_003028.3_1087	28	0	1	28	1	28	8.675E-12	52.0	28	TANDEM(--)	SPV_1197	SPV_1198	28	TANDEM(--)	SP_RS06675	SP_RS06680
IGR_D39V_1108	IGR_NC_003028.3_1186	143	0	1	143	1	143	5.695E-77	258.0	143	DIVERGENT	SPV_1332	SPV_1333	143	DIVERGENT	SP_RS07410	SP_RS07415
IGR_D39V_1016	IGR_NC_003028.3_1091	91	0	1	91	1	91	1.623E-47	165.0	91	TANDEM(--)	SPV_1205	SPV_1206	91	TANDEM(--)	SP_RS06720	SP_RS06725
IGR_D39V_1080	IGR_NC_003028.3_1152	38	0	1	38	1	38	1.833E-17	70.0	38	CONVERGENT	SPV_1286	SPV_1287	38	CONVERGENT	SP_RS07160	SP_RS07165
IGR_D39V_1208	IGR_NC_003028.3_1290	75	0	1	75	1	75	1.899E-38	136.0	75	TANDEM(--)	SPV_1448	SPV_1449	75	TANDEM(--)	SP_RS08065	SP_RS08070
IGR_D39V_1209	IGR_NC_003028.3_1291	111	0	1	111	1	111	7.565E-59	200.0	111	DIVERGENT	SPV_1449	SPV_1450	111	DIVERGENT	SP_RS08070	SP_RS08075
IGR_D39V_1305	IGR_NC_003028.3_1385	56	0	1	56	1	56	1.126E-27	102.0	56	TANDEM(--)	SPV_1561	SPV_1562	56	TANDEM(--)	SP_RS08665	SP_RS08670
IGR_D39V_1369	IGR_NC_003028.3_1474	132	0	1	132	1	132	9.651E-71	238.0	132	DIVERGENT	SPV_1638	SPV_1639	132	DIVERGENT	SP_RS09215	SP_RS09220
IGR_D39V_1433	IGR_NC_003028.3_1544	191	0	1	191	1	191	3.815E-104	344.0	191	DIVERGENT	SPV_1745	SPV_1746	191	DIVERGENT	SP_RS09780	SP_RS13695
IGR_D39V_1126	IGR_NC_003028.3_1201	47	0	1	47	1	47	1.434E-22	86.0	47	TANDEM(--)	SPV_1350	SPV_1351	47	TANDEM(--)	SP_RS07495	SP_RS07500
IGR_D39V_1190	IGR_NC_003028.3_1266	50	0	1	50	1	50	4.817E-23	91.0	61	CONVERGENT	SPV_1430	SPV_1431	50	CONVERGENT	SP_RS12320	SP_RS07920
IGR_D39V_1222	IGR_NC_003028.3_1303	34	0	1	34	1	34	3.413E-15	62.0	34	TANDEM(++)	SPV_1464	SPV_2539	95	CONVERGENT	SP_RS08150	SP_RS08155
IGR_D39V_1414	IGR_NC_003028.3_1520	113	0	1	113	1	113	5.571E-60	204.0	113	TANDEM(--)	SPV_1718	SPV_1719	113	TANDEM(--)	SP_RS09635	SP_RS09640
IGR_D39V_0009	IGR_NC_003028.3_0010	121	0	1	121	1	121	1.639E-64	218.0	121	TANDEM(++)	SPV_0013	SPV_0014	121	TANDEM(++)	SP_RS00065	SP_RS00070
IGR_D39V_0073	IGR_NC_003028.3_0081	49	0	1	49	1	49	1.052E-23	89.0	49	TANDEM(--)	SPV_2095	SPV_0101	49	TANDEM(--)	SP_RS00525	SP_RS00530
IGR_D39V_1235	IGR_NC_003028.3_1316	90	0	1	90	1	90	5.983E-47	163.0	90	TANDEM(--)	SPV_1481	SPV_1482	90	TANDEM(--)	SP_RS08240	SP_RS08245
IGR_D39V_1363	IGR_NC_003028.3_1468	180	0	1	180	1	180	6.426E-98	324.0	180	TANDEM(--)	SPV_1631	SPV_1632	180	TANDEM(--)	SP_RS09180	SP_RS09185
IGR_D39V_1523	IGR_NC_003028.3_1631	129	0	1	129	1	129	4.826E-69	233.0	129	DIVERGENT	SPV_1868	SPV_1869	129	DIVERGENT	SP_RS10405	SP_RS10410
IGR_D39V_0246	IGR_NC_003028.3_0232	108	0	1	108	1	108	3.787E-57	195.0	108	TANDEM(--)	SPV_0265	SPV_2134	339	TANDEM(--)	SP_RS01400	SP_RS01405
IGR_D39V_0278	IGR_NC_003028.3_0268	59	0	1	59	1	59	2.240E-29	107.0	59	TANDEM(++)	SPV_2141	SPV_0301	59	TANDEM(++)	SP_RS01600	SP_RS01605
IGR_D39V_0310	IGR_NC_003028.3_0304	57	0	1	57	1	57	3.051E-28	104.0	57	TANDEM(++)	SPV_0338	SPV_0339	69	TANDEM(++)	SP_RS01810	SP_RS01815
IGR_D39V_0342	IGR_NC_003028.3_0343	33	0	1	33	1	33	1.261E-14	61.0	33	TANDEM(++)	SPV_0383	SPV_0384	33	TANDEM(++)	SP_RS02075	SP_RS02080
IGR_D39V_1272	IGR_NC_003028.3_1352	79	0	1	79	10	88	1.026E-40	143.0	79	TANDEM(--)	SPV_2382	SPV_1519	88	TANDEM(--)	SP_RS08445	SP_RS08450
IGR_D39V_1336	IGR_NC_003028.3_1439	69	0	1	69	1	69	4.785E-35	125.0	69	DIVERGENT	SPV_1592	SPV_1593	69	DIVERGENT	SP_RS08970	SP_RS08975
IGR_D39V_1368	IGR_NC_003028.3_1473	243	0	1	243	1	243	1.422E-133	437.0	243	TANDEM(--)	SPV_1637	SPV_1638	243	TANDEM(--)	SP_RS09210	SP_RS09215
IGR_D39V_1400	IGR_NC_003028.3_1505	37	0	1	37	1	37	6.771E-17	68.0	37	DIVERGENT	SPV_1704	SPV_1705	37	DIVERGENT	SP_RS09555	SP_RS09560
IGR_D39V_1432	IGR_NC_003028.3_1543	382	0	1	382	1	382	3.297E-212	686.0	382	TANDEM(--)	SPV_1744	SPV_1745	382	TANDEM(--)	SP_RS09775	SP_RS09780
IGR_D39V_1088	IGR_NC_003028.3_1160	59	0	1	59	1	59	2.240E-29	107.0	59	TANDEM(++)	SPV_1300	SPV_1301	59	TANDEM(++)	SP_RS07225	SP_RS07230
IGR_D39V_1120	IGR_NC_003028.3_1196	87	0	1	87	31	117	2.999E-45	157.0	87	TANDEM(--)	SPV_1343	SPV_1344	507	TANDEM(--)	SP_RS07465	SP_RS07470
IGR_D39V_1668	IGR_NC_003028.3_1782	182	0	1	182	1	182	4.740E-99	328.0	182	DIVERGENT	SPV_2067	SPV_2068	182	DIVERGENT	SP_RS11445	SP_RS11450
IGR_D39V_0005	IGR_NC_003028.3_0006	57	0	1	57	1	57	3.051E-28	104.0	57	TANDEM(++)	SPV_0006	SPV_0007	57	TANDEM(++)	SP_RS00030	SP_RS00035
IGR_D39V_0069	IGR_NC_003028.3_0077	138	0	1	138	1	138	3.862E-74	249.0	138	TANDEM(--)	SPV_0096	SPV_0097	138	TANDEM(--)	SP_RS00505	SP_RS00510
IGR_D39V_0165	IGR_NC_003028.3_0153	100	0	1	100	159	258	1.290E-52	181.0	100	TANDEM(++)	SPV_2479	SPV_0183	258	TANDEM(++)	SP_RS00950	SP_RS00955
IGR_D39V_0718	IGR_NC_003028.3_0758	83	0	1	83	1	83	5.546E-43	150.0	83	TANDEM(++)	SPV_0833	SPV_0834	83	TANDEM(++)	SP_RS04665	SP_RS04670
IGR_D39V_0750	IGR_NC_003028.3_0794	143	0	1	143	1	143	5.695E-77	258.0	143	DIVERGENT	SPV_0873	SPV_0874	143	DIVERGENT	SP_RS04895	SP_RS04900
IGR_D39V_0878	IGR_NC_003028.3_0817	185	0	185	1	329	513	9.498E-101	333.0	185	TANDEM(--)	SPV_0900	SPV_2514	513	TANDEM(++)	SP_RS05020	SP_RS05030
IGR_D39V_0665	IGR_NC_003028.3_0702	51	0	1	51	1	51	1.388E-24	93.0	53	TANDEM(++)	SPV_0765	SPV_0766	53	TANDEM(++)	SP_RS04285	SP_RS04290
IGR_D39V_0761	IGR_NC_003028.3_0806	373	0	1	373	1	373	4.062E-207	670.0	373	TANDEM(++)	SPV_0886	SPV_0887	373	TANDEM(++)	SP_RS04960	SP_RS04965
IGR_D39V_0793	IGR_NC_003028.3_0897	79	0	79	1	1	79	1.026E-40	143.0	79	TANDEM(--)	SPV_1000	SPV_0999	79	TANDEM(++)	SP_RS05520	SP_RS05525
IGR_D39V_0825	IGR_NC_003028.3_0865	30	0	30	1	1	30	6.356E-13	55.0	30	TANDEM(--)	SPV_0962	SPV_0961	30	TANDEM(++)	SP_RS05320	SP_RS05325
IGR_D39V_0379	IGR_NC_003028.3_0386	167	0	1	167	1	167	1.469E-90	301.0	167	TANDEM(++)	SPV_0425	SPV_0426	167	TANDEM(++)	SP_RS02345	SP_RS02350
IGR_D39V_1484	IGR_NC_003028.3_1593	86	0	1	86	1	86	1.106E-44	156.0	86	DIVERGENT	SPV_1821	SPV_1822	86	DIVERGENT	SP_RS10175	SP_RS10180
IGR_D39V_1612	IGR_NC_003028.3_1725	58	0	1	58	1	58	8.266E-29	105.0	58	TANDEM(--)	SPV_1988	SPV_1989	58	TANDEM(--)	SP_RS11020	SP_RS11025
IGR_D39V_0446	IGR_NC_003028.3_0467	28	0	1	28	272	299	8.675E-12	52.0	28	TANDEM(++)	SPV_2497	SPV_0501	299	TANDEM(++)	SP_RS13750	SP_RS02850
IGR_D39V_0478	IGR_NC_003028.3_0503	170	0	1	170	1	170	2.943E-92	306.0	170	DIVERGENT	SPV_0540	SPV_0541	170	DIVERGENT	SP_RS03045	SP_RS03050
IGR_D39V_0510	IGR_NC_003028.3_0541	115	0	1	115	1	115	4.102E-61	208.0	115	TANDEM(++)	SPV_0575	SPV_0576	115	TANDEM(++)	SP_RS03250	SP_RS03255
IGR_D39V_1480	IGR_NC_003028.3_0010	121	0	121	1	1	121	1.639E-64	218.0	121	TANDEM(--)	SPV_1818	SPV_1819	121	TANDEM(++)	SP_RS00065	SP_RS00070
IGR_D39V_1544	IGR_NC_003028.3_1652	166	0	1	166	1	166	5.410E-90	299.0	166	TANDEM(++)	SPV_1909	SPV_1910	166	TANDEM(++)	SP_RS10605	SP_RS10610
IGR_D39V_0213	IGR_NC_003028.3_0198	45	0	1	45	1	45	1.956E-21	82.0	45	TANDEM(++)	SPV_0232	SPV_0233	45	TANDEM(++)	SP_RS01205	SP_RS01210
IGR_D39V_0309	IGR_NC_003028.3_0303	65	0	1	65	1	65	8.868E-33	118.0	65	DIVERGENT	SPV_0337	SPV_0338	65	DIVERGENT	SP_RS01805	SP_RS01810
IGR_D39V_0341	IGR_NC_003028.3_0342	118	0	1	118	1	118	8.198E-63	213.0	118	TANDEM(++)	SPV_0381	SPV_0382	118	TANDEM(++)	SP_RS02065	SP_RS02070
IGR_D39V_0476	IGR_NC_003028.3_0501	39	0	1	39	1	39	4.963E-18	71.0	39	TANDEM(++)	SPV_0537	SPV_0538	39	TANDEM(++)	SP_RS03030	SP_RS03035
IGR_D39V_0540	IGR_NC_003028.3_0572	95	0	1	95	1	95	8.783E-50	172.0	95	TANDEM(++)	SPV_0610	SPV_0611	95	TANDEM(++)	SP_RS13615	SP_RS03440
IGR_D39V_0572	IGR_NC_003028.3_0604	69	0	1	69	105	173	4.785E-35	125.0	69	TANDEM(++)	SPV_2505	SPV_0650	173	TANDEM(++)	SP_RS03650	SP_RS03655
IGR_D39V_1182	IGR_NC_003028.3_1254	125	0	1	125	1	125	8.891E-67	225.0	125	TANDEM(++)	SPV_1417	SPV_1418	125	TANDEM(++)	SP_RS07835	SP_RS07840
IGR_D39V_1246	IGR_NC_003028.3_1329	230	0	1	230	22	251	3.231E-126	414.0	230	TANDEM(--)	SPV_1494	SPV_1495	251	TANDEM(--)	SP_RS08310	SP_RS08315
IGR_D39V_1470	IGR_NC_003028.3_1580	155	0	1	155	1	155	9.139E-84	279.0	155	TANDEM(--)	SPV_1791	SPV_1792	155	TANDEM(--)	SP_RS10020	SP_RS10025
IGR_D39V_0354	IGR_NC_003028.3_0356	33	0	1	33	1	33	1.261E-14	61.0	33	TANDEM(++)	SPV_0399	SPV_2491	282	TANDEM(++)	SP_RS02165	SP_RS11740
IGR_D39V_0676	IGR_NC_003028.3_0714	88	0	35	122	1	88	7.005E-43	159.0	122	TANDEM(++)	SPV_2239	SPV_0782	88	TANDEM(++)	SP_RS13165	SP_RS04370
IGR_D39V_0708	IGR_NC_003028.3_0747	100	0	1	100	1	100	1.290E-52	181.0	100	TANDEM(++)	SPV_0821	SPV_0822	100	TANDEM(++)	SP_RS04600	SP_RS04605
IGR_D39V_0740	IGR_NC_003028.3_0782	48	0	1	48	1	48	3.885E-23	88.0	48	TANDEM(++)	SPV_0857	SPV_0858	48	TANDEM(++)	SP_RS04805	SP_RS04810
IGR_D39V_0868	IGR_NC_003028.3_0829	73	0	73	1	1	73	2.584E-37	132.0	73	TANDEM(--)	SPV_0914	SPV_0913	73	TANDEM(++)	SP_RS05100	SP_RS05105
IGR_D39V_0964	IGR_NC_003028.3_1028	194	0	1	194	1	194	7.646E-106	349.0	194	CONVERGENT	SPV_1141	SPV_1142	194	CONVERGENT	SP_RS06305	SP_RS06310
IGR_D39V_0997	IGR_NC_003028.3_1071	201	0	1	201	1	201	8.346E-110	362.0	201	TANDEM(--)	SPV_2326	SPV_1180	201	TANDEM(--)	SP_RS12830	SP_RS06600
IGR_D39V_1189	IGR_NC_003028.3_1265	45	0	1	45	1	45	1.956E-21	82.0	45	DIVERGENT	SPV_1429	SPV_1430	51	DIVERGENT	SP_RS07910	SP_RS12320
IGR_D39V_1031	IGR_NC_003028.3_1104	111	0	1	111	1	111	7.565E-59	200.0	111	TANDEM(--)	SPV_1222	SPV_1223	111	TANDEM(--)	SP_RS06815	SP_RS06820
IGR_D39V_1127	IGR_NC_003028.3_1202	92	0	1	92	1	92	4.401E-48	166.0	92	TANDEM(--)	SPV_1351	SPV_1352	92	TANDEM(--)	SP_RS07500	SP_RS07505
IGR_D39V_1159	IGR_NC_003028.3_1231	73	0	1	73	1	73	2.584E-37	132.0	73	TANDEM(--)	SPV_1389	SPV_1390	73	TANDEM(--)	SP_RS07680	SP_RS07685
IGR_D39V_1191	IGR_NC_003028.3_1268	102	0	1	102	1	102	9.495E-54	184.0	102	TANDEM(--)	SPV_1432	SPV_2363	300	TANDEM(--)	SP_RS07925	SP_RS07930
IGR_D39V_1223	IGR_NC_003028.3_1303	34	0	1	34	62	95	3.413E-15	62.0	34	CONVERGENT	SPV_2539	SPV_1465	95	CONVERGENT	SP_RS08150	SP_RS08155
IGR_D39V_1285	IGR_NC_003028.3_1365	106	0	1	106	25	130	5.144E-56	191.0	106	TANDEM(--)	SPV_1537	SPV_1538	130	TANDEM(--)	SP_RS08545	SP_RS08550
IGR_D39V_1509	IGR_NC_003028.3_1618	130	0	1	130	1	130	1.310E-69	234.0	130	TANDEM(--)	SPV_1847	SPV_1848	130	TANDEM(--)	SP_RS10305	SP_RS10310
IGR_D39V_0071	IGR_NC_003028.3_0079	41	0	1	41	1	41	3.638E-19	75.0	41	TANDEM(++)	SPV_0098	SPV_0099	41	TANDEM(++)	SP_RS00515	SP_RS00520
IGR_D39V_0135	IGR_NC_003028.3_0123	153	0	1	153	1	153	1.240E-82	276.0	153	TANDEM(++)	SPV_0150	SPV_0151	153	TANDEM(++)	SP_RS00765	SP_RS00770
IGR_D39V_0327	IGR_NC_003028.3_0327	47	0	1	47	1	47	1.434E-22	86.0	47	CONVERGENT	SPV_0365	SPV_0366	47	CONVERGENT	SP_RS01985	SP_RS01990
IGR_D39V_1434	IGR_NC_003028.3_1545	102	0	1	102	1	102	9.495E-54	184.0	102	TANDEM(++)	SPV_1746	SPV_1747	102	TANDEM(++)	SP_RS13695	SP_RS09790
IGR_D39V_1530	IGR_NC_003028.3_1639	75	0	1	75	1	75	1.899E-38	136.0	75	TANDEM(--)	SPV_1877	SPV_1878	75	TANDEM(--)	SP_RS10445	SP_RS10450
IGR_D39V_1626	IGR_NC_003028.3_1741	86	0	1	86	1	86	1.106E-44	156.0	86	CONVERGENT	SPV_2009	SPV_2010	86	CONVERGENT	SP_RS11145	SP_RS11150
IGR_D39V_1658	IGR_NC_003028.3_1771	158	0	1	158	1	158	1.830E-85	285.0	158	DIVERGENT	SPV_2052	SPV_2053	158	DIVERGENT	SP_RS11360	SP_RS11365
IGR_D39V_0059	IGR_NC_003028.3_0064	65	0	1	65	1	65	8.868E-33	118.0	65	TANDEM(++)	SPV_0082	SPV_2464	194	TANDEM(++)	SP_RS00435	SP_RS00440
IGR_D39V_1119	IGR_NC_003028.3_1195	58	0	1	58	387	444	8.266E-29	105.0	58	TANDEM(--)	SPV_2534	SPV_1343	444	TANDEM(--)	SP_RS07460	SP_RS07465
IGR_D39V_1151	IGR_NC_003028.3_1225	115	0	1	115	1	115	4.102E-61	208.0	115	TANDEM(--)	SPV_1381	SPV_1382	115	TANDEM(--)	SP_RS07640	SP_RS07645
IGR_D39V_1215	IGR_NC_003028.3_1297	29	0	1	29	1	29	2.348E-12	53.0	29	TANDEM(--)	SPV_1457	SPV_1458	29	TANDEM(--)	SP_RS08105	SP_RS08110
IGR_D39V_1247	IGR_NC_003028.3_1330	124	0	1	124	1	124	3.276E-66	224.0	124	TANDEM(--)	SPV_1495	SPV_1496	124	TANDEM(--)	SP_RS08315	SP_RS08320
IGR_D39V_1375	IGR_NC_003028.3_1479	681	0	1	681	1	681	0.000E+00	1222.0	681	TANDEM(--)	SPV_1645	SPV_1646	681	TANDEM(--)	SP_RS09245	SP_RS09250
IGR_D39V_1047	IGR_NC_003028.3_1118	129	0	1	129	1	129	4.826E-69	233.0	129	TANDEM(--)	SPV_1244	SPV_1245	129	TANDEM(--)	SP_RS06925	SP_RS06930
IGR_D39V_1079	IGR_NC_003028.3_1151	44	0	1	44	1	44	7.222E-21	80.0	44	TANDEM(++)	SPV_1285	SPV_1286	44	TANDEM(++)	SP_RS07155	SP_RS07160
IGR_D39V_1111	IGR_NC_003028.3_1189	85	0	1	85	1	85	4.078E-44	154.0	85	TANDEM(--)	SPV_1335	SPV_1336	85	TANDEM(--)	SP_RS07425	SP_RS07430
IGR_D39V_1143	IGR_NC_003028.3_1220	66	0	1	66	1	66	2.403E-33	120.0	66	TANDEM(--)	SPV_1374	SPV_2356	320	DIVERGENT	SP_RS07610	SP_RS07620
IGR_D39V_1597	IGR_NC_003028.3_1709	90	0	1	90	1	90	5.983E-47	163.0	90	TANDEM(--)	SPV_1971	SPV_1972	90	TANDEM(--)	SP_RS10935	SP_RS10940
IGR_D39V_1629	IGR_NC_003028.3_1744	41	0	1	41	1	41	3.638E-19	75.0	41	TANDEM(--)	SPV_2012	SPV_2013	41	TANDEM(--)	SP_RS11160	SP_RS11165
IGR_D39V_0030	IGR_NC_003028.3_0034	169	0	1	169	1	169	1.084E-91	304.0	169	TANDEM(++)	SPV_0050	SPV_0051	169	TANDEM(++)	SP_RS00260	SP_RS00265
IGR_D39V_0158	IGR_NC_003028.3_0149	65	0	1	65	1	65	8.868E-33	118.0	65	TANDEM(++)	SPV_0178	SPV_0179	65	TANDEM(++)	SP_RS00930	SP_RS00935
IGR_D39V_0190	IGR_NC_003028.3_0175	46	0	1	46	130	175	5.296E-22	84.0	46	TANDEM(++)	SPV_2484	SPV_2485	284	TANDEM(++)	SP_RS01075	SP_RS01080
IGR_D39V_0171	IGR_NC_003028.3_0158	117	0	1	117	1	117	5.160E-62	211.0	119	TANDEM(++)	SPV_0186	SPV_0187	119	TANDEM(++)	SP_RS00975	SP_RS00980
IGR_D39V_0203	IGR_NC_003028.3_0187	42	0	1	42	1	42	9.850E-20	77.0	42	TANDEM(++)	SPV_0217	SPV_0218	42	TANDEM(++)	SP_RS01135	SP_RS01140
IGR_D39V_0235	IGR_NC_003028.3_0220	103	0	1	103	1	103	2.576E-54	186.0	103	TANDEM(++)	SPV_0253	SPV_0254	103	TANDEM(++)	SP_RS01330	SP_RS01335
IGR_D39V_0331	IGR_NC_003028.3_0332	103	0	1	103	1	103	2.576E-54	186.0	103	TANDEM(++)	SPV_0370	SPV_0371	103	TANDEM(++)	SP_RS02010	SP_RS02015
IGR_D39V_0427	IGR_NC_003028.3_0447	160	0	1	160	1	160	1.349E-86	288.0	160	TANDEM(++)	SPV_0475	SPV_0476	160	TANDEM(++)	SP_RS02695	SP_RS02700
IGR_D39V_0401	IGR_NC_003028.3_0409	95	0	1	95	1	95	8.783E-50	172.0	95	CONVERGENT	SPV_0448	SPV_2168	95	CONVERGENT	SP_RS02470	SP_RS11790
IGR_D39V_0433	IGR_NC_003028.3_0453	278	0	1	278	1	278	2.236E-153	500.0	278	TANDEM(++)	SPV_0483	SPV_0484	278	TANDEM(++)	SP_RS02735	SP_RS02740
IGR_D39V_0465	IGR_NC_003028.3_0489	140	0	1	140	1	140	2.846E-75	252.0	140	TANDEM(++)	SPV_0525	SPV_0526	140	TANDEM(++)	SP_RS02970	SP_RS02975
IGR_D39V_0561	IGR_NC_003028.3_0591	43	0	1	43	164	206	2.667E-20	79.0	43	TANDEM(++)	SPV_2504	SPV_0636	206	TANDEM(++)	SP_RS03570	SP_RS03575
IGR_D39V_0661	IGR_NC_003028.3_0699	75	0	1	75	1	75	1.899E-38	136.0	75	TANDEM(++)	SPV_0761	SPV_2511	149	TANDEM(++)	SP_RS04265	SP_RS04270
IGR_D39V_0725	IGR_NC_003028.3_0768	67	0	1	67	1	67	6.514E-34	122.0	67	TANDEM(++)	SPV_0842	SPV_0843	67	TANDEM(++)	SP_RS04725	SP_RS04730
IGR_D39V_0040	IGR_NC_003028.3_0046	54	0	1	54	1	54	1.534E-26	98.0	54	CONVERGENT	SPV_0062	SPV_0063	54	CONVERGENT	SP_RS00320	SP_RS00325
IGR_D39V_0136	IGR_NC_003028.3_0124	99	0	1	99	1	99	4.756E-52	179.0	99	TANDEM(++)	SPV_0151	SPV_0152	99	TANDEM(++)	SP_RS00770	SP_RS00775
IGR_D39V_0200	IGR_NC_003028.3_0184	24	0	1	24	1	24	1.615E-09	45.0	24	TANDEM(++)	SPV_0215	SPV_2122	24	TANDEM(++)	SP_RS01120	SP_RS01125
IGR_D39V_0144	IGR_NC_003028.3_0131	132	0	1	132	1	132	9.651E-71	238.0	132	TANDEM(++)	SPV_0160	SPV_2476	292	CONVERGENT	SP_RS00815	SP_RS00820
IGR_D39V_0176	IGR_NC_003028.3_0162	216	0	1	216	1	216	2.705E-118	388.0	216	TANDEM(++)	SPV_0192	SPV_0193	216	TANDEM(++)	SP_RS01005	SP_RS01010
IGR_D39V_0400	IGR_NC_003028.3_0408	36	0	1	36	1	36	2.501E-16	66.0	36	TANDEM(++)	SPV_0447	SPV_0448	36	TANDEM(++)	SP_RS02465	SP_RS02470
IGR_D39V_0432	IGR_NC_003028.3_0452	250	0	1	250	1	250	1.556E-137	449.0	250	TANDEM(++)	SPV_0482	SPV_0483	250	TANDEM(++)	SP_RS02730	SP_RS02735
IGR_D39V_0288	IGR_NC_003028.3_0279	295	0	1	295	1	295	5.391E-163	530.0	295	CONVERGENT	SPV_0308	SPV_0309	295	CONVERGENT	SP_RS01650	SP_RS01655
IGR_D39V_1314	IGR_NC_003028.3_1411	67	0	1	67	1	67	6.514E-34	122.0	67	TANDEM(--)	SPV_1570	SPV_2390	67	TANDEM(--)	SP_RS08825	SP_RS12895
IGR_D39V_1346	IGR_NC_003028.3_1446	107	0	1	107	1	107	1.396E-56	193.0	107	TANDEM(--)	SPV_1605	SPV_2395	107	TANDEM(--)	SP_RS09035	SP_RS09040
IGR_D39V_1410	IGR_NC_003028.3_1515	93	0	10	102	1	93	1.203E-47	168.0	102	DIVERGENT	SPV_1715	SPV_2407	93	DIVERGENT	SP_RS09615	SP_RS13690
IGR_D39V_1442	IGR_NC_003028.3_1553	372	0	1	372	574	945	1.494E-206	668.0	372	CONVERGENT	SPV_2572	SPV_1757	945	CONVERGENT	SP_RS09835	SP_RS09845
IGR_D39V_0472	IGR_NC_003028.3_0497	68	0	1	68	1	68	1.765E-34	123.0	68	TANDEM(++)	SPV_0533	SPV_0534	68	TANDEM(++)	SP_RS03010	SP_RS03015
IGR_D39V_0568	IGR_NC_003028.3_0601	124	0	1	124	1	124	3.276E-66	224.0	124	DIVERGENT	SPV_0646	SPV_0647	124	DIVERGENT	SP_RS03635	SP_RS03640
IGR_D39V_0582	IGR_NC_003028.3_0614	51	0	1	51	1	51	7.719E-25	93.0	51	TANDEM(++)	SPV_0661	SPV_0662	51	TANDEM(++)	SP_RS03710	SP_RS03715
IGR_D39V_0742	IGR_NC_003028.3_0784	101	0	1	101	1	101	3.500E-53	182.0	101	TANDEM(++)	SPV_0861	SPV_0862	101	TANDEM(++)	SP_RS04830	SP_RS04835
IGR_D39V_0774	IGR_NC_003028.3_0932	45	0	45	1	1	45	1.956E-21	82.0	45	TANDEM(++)	SPV_1026	SPV_1025	45	TANDEM(--)	SP_RS05725	SP_RS05730
IGR_D39V_0908	IGR_NC_003028.3_0969	107	0	1	107	1	107	1.396E-56	193.0	107	TANDEM(--)	SPV_1068	SPV_1069	107	TANDEM(--)	SP_RS05935	SP_RS05940
IGR_D39V_0972	IGR_NC_003028.3_1037	103	0	1	103	1	103	2.576E-54	186.0	103	DIVERGENT	SPV_1152	SPV_1153	103	DIVERGENT	SP_RS06365	SP_RS06370
IGR_D39V_1358	IGR_NC_003028.3_1459	42	0	1	42	1	42	9.850E-20	77.0	42	TANDEM(--)	SPV_1619	SPV_1620	42	TANDEM(--)	SP_RS09110	SP_RS09115
IGR_D39V_1390	IGR_NC_003028.3_1495	66	0	1	66	1	66	2.403E-33	120.0	66	TANDEM(--)	SPV_1670	SPV_1671	66	TANDEM(--)	SP_RS09390	SP_RS09395
IGR_D39V_1454	IGR_NC_003028.3_1565	77	0	1	77	1	77	1.396E-39	139.0	77	TANDEM(++)	SPV_1772	SPV_1773	77	TANDEM(++)	SP_RS09925	SP_RS09930
IGR_D39V_1518	IGR_NC_003028.3_1626	75	0	1	75	1	75	1.899E-38	136.0	75	TANDEM(--)	SPV_1863	SPV_1864	75	TANDEM(--)	SP_RS10380	SP_RS10385
IGR_D39V_1624	IGR_NC_003028.3_1735	313	0	1	313	1	313	3.537E-173	562.0	313	TANDEM(--)	SPV_2006	SPV_2007	313	TANDEM(--)	SP_RS11105	SP_RS11110
IGR_D39V_0185	IGR_NC_003028.3_0171	25	0	1	25	1	25	4.373E-10	46.0	25	TANDEM(++)	SPV_0202	SPV_0203	25	TANDEM(++)	SP_RS01055	SP_RS01060
IGR_D39V_0970	IGR_NC_003028.3_1035	118	0	1	118	1	118	8.198E-63	213.0	118	TANDEM(--)	SPV_1148	SPV_1149	118	TANDEM(--)	SP_RS06345	SP_RS06350
IGR_D39V_1066	IGR_NC_003028.3_1133	121	0	1	121	389	509	1.639E-64	218.0	121	CONVERGENT	SPV_1261	SPV_1262	509	CONVERGENT	SP_RS07025	SP_RS07030
IGR_D39V_1098	IGR_NC_003028.3_1175	342	0	1	342	1	342	1.392E-189	614.0	342	TANDEM(--)	SPV_1318	SPV_1319	921	TANDEM(--)	SP_RS07325	SP_RS07340
IGR_D39V_1109	IGR_NC_003028.3_1187	44	0	1	44	1	44	7.222E-21	80.0	44	CONVERGENT	SPV_1333	SPV_1334	44	CONVERGENT	SP_RS07415	SP_RS07420
IGR_D39V_1141	IGR_NC_003028.3_1218	152	0	1	152	1	152	4.565E-82	274.0	152	TANDEM(--)	SPV_1370	SPV_1371	152	TANDEM(--)	SP_RS07590	SP_RS07595
IGR_D39V_1205	IGR_NC_003028.3_1287	155	0	1	155	1	155	9.139E-84	279.0	155	DIVERGENT	SPV_1446	SPV_1447	155	DIVERGENT	SP_RS08050	SP_RS08055
IGR_D39V_1237	IGR_NC_003028.3_1318	175	0	1	175	1	175	4.348E-95	315.0	175	TANDEM(--)	SPV_1484	SPV_1485	175	TANDEM(--)	SP_RS08255	SP_RS08260
IGR_D39V_1333	IGR_NC_003028.3_1435	38	0	1	38	1	38	1.833E-17	70.0	38	TANDEM(++)	SPV_1589	SPV_1590	38	TANDEM(++)	SP_RS08950	SP_RS08955
IGR_D39V_1397	IGR_NC_003028.3_1502	91	0	1	91	1	91	1.623E-47	165.0	91	TANDEM(--)	SPV_1677	SPV_1678	91	TANDEM(--)	SP_RS09425	SP_RS09430
IGR_D39V_0806	IGR_NC_003028.3_0886	401	0	413	13	1	401	1.110E-221	720.0	413	DIVERGENT	SPV_0988	SPV_0987	401	DIVERGENT	SP_RS05465	SP_RS05470
IGR_D39V_0902	IGR_NC_003028.3_0964	37	0	1	37	376	412	6.771E-17	68.0	37	CONVERGENT	SPV_1059	SPV_2520	455	TANDEM(--)	SP_RS05890	SP_RS05895
IGR_D39V_0966	IGR_NC_003028.3_1030	90	0	1	90	1	90	5.983E-47	163.0	90	TANDEM(--)	SPV_1143	SPV_1144	90	TANDEM(--)	SP_RS06315	SP_RS06320
IGR_D39V_1030	IGR_NC_003028.3_1103	58	0	1	58	1	58	8.266E-29	105.0	58	TANDEM(--)	SPV_1221	SPV_1222	58	TANDEM(--)	SP_RS06810	SP_RS06815
IGR_D39V_1094	IGR_NC_003028.3_1167	113	0	1	113	1	113	5.571E-60	204.0	113	TANDEM(--)	SPV_1308	SPV_1309	113	TANDEM(--)	SP_RS07260	SP_RS07265
IGR_D39V_0623	IGR_NC_003028.3_0654	81	0	1	81	1	81	7.542E-42	147.0	81	TANDEM(++)	SPV_0709	SPV_0710	81	TANDEM(++)	SP_RS03950	SP_RS03955
IGR_D39V_0815	IGR_NC_003028.3_0877	82	0	82	1	1	82	2.045E-42	148.0	82	TANDEM(++)	SPV_0977	SPV_0976	82	TANDEM(--)	SP_RS05400	SP_RS05405
IGR_D39V_0179	IGR_NC_003028.3_0165	103	0	1	103	1	103	2.576E-54	186.0	103	TANDEM(++)	SPV_0196	SPV_0197	103	TANDEM(++)	SP_RS01025	SP_RS01030
IGR_D39V_0600	IGR_NC_003028.3_0633	97	0	1	97	1	97	6.462E-51	175.0	97	DIVERGENT	SPV_0681	SPV_0683	97	DIVERGENT	SP_RS03810	SP_RS03815
IGR_D39V_0792	IGR_NC_003028.3_0898	92	0	92	1	1	92	4.401E-48	166.0	92	TANDEM(--)	SPV_1001	SPV_1000	92	TANDEM(++)	SP_RS05525	SP_RS05530
IGR_D39V_0824	IGR_NC_003028.3_0866	58	0	58	1	1	58	8.266E-29	105.0	58	TANDEM(--)	SPV_0963	SPV_0962	58	TANDEM(++)	SP_RS05325	SP_RS05330
IGR_D39V_1116	IGR_NC_003028.3_1194	74	0	1	74	1	74	7.004E-38	134.0	74	TANDEM(--)	SPV_1341	SPV_1342	74	TANDEM(--)	SP_RS07455	SP_RS07460
IGR_D39V_1148	IGR_NC_003028.3_1222	78	0	1	78	1	78	3.784E-40	141.0	78	TANDEM(--)	SPV_1378	SPV_1379	78	TANDEM(--)	SP_RS07625	SP_RS07630
IGR_D39V_1443	IGR_NC_003028.3_1554	110	0	1	110	1	110	2.788E-58	199.0	110	TANDEM(--)	SPV_1757	SPV_1758	110	TANDEM(--)	SP_RS09845	SP_RS09850
IGR_D39V_1475	IGR_NC_003028.3_1586	424	0	1	424	1	424	5.799E-236	761.0	424	TANDEM(--)	SPV_1797	SPV_1798	424	TANDEM(--)	SP_RS10050	SP_RS10055
IGR_D39V_1507	IGR_NC_003028.3_1616	76	0	1	76	1	76	5.148E-39	138.0	76	TANDEM(--)	SPV_1845	SPV_1846	76	TANDEM(--)	SP_RS10295	SP_RS10300
IGR_D39V_1539	IGR_NC_003028.3_1648	50	0	1	50	1	50	2.850E-24	91.0	50	TANDEM(--)	SPV_1903	SPV_1904	50	TANDEM(--)	SP_RS10575	SP_RS10580
IGR_D39V_1603	IGR_NC_003028.3_1715	208	0	1	208	1	208	9.113E-114	374.0	208	TANDEM(++)	SPV_1977	SPV_1978	208	TANDEM(++)	SP_RS10965	SP_RS10970
IGR_D39V_1667	IGR_NC_003028.3_1781	281	0	1	281	1	281	4.490E-155	505.0	281	TANDEM(--)	SPV_2065	SPV_2067	281	TANDEM(--)	SP_RS11435	SP_RS11445
IGR_D39V_0004	IGR_NC_003028.3_0005	70	0	1	70	1	70	1.297E-35	127.0	70	TANDEM(++)	SPV_0004	SPV_0005	70	TANDEM(++)	SP_RS00020	SP_RS00025
IGR_D39V_1041	IGR_NC_003028.3_1112	120	0	1	120	344	463	6.038E-64	216.0	120	CONVERGENT	SPV_2332	SPV_2333	573	TANDEM(--)	SP_RS06865	SP_RS06870
IGR_D39V_1073	IGR_NC_003028.3_1144	42	0	1	42	1	42	9.850E-20	77.0	42	CONVERGENT	SPV_1275	SPV_1276	42	CONVERGENT	SP_RS07105	SP_RS07110
IGR_D39V_1169	IGR_NC_003028.3_1241	37	0	1	37	1	37	6.771E-17	68.0	37	TANDEM(--)	SPV_1403	SPV_1404	37	TANDEM(--)	SP_RS07755	SP_RS07760
IGR_D39V_0889	IGR_NC_003028.3_0947	350	0	1	350	1	350	4.153E-194	629.0	350	DIVERGENT	SPV_1040	SPV_1041	350	DIVERGENT	SP_RS05800	SP_RS05805
IGR_D39V_1049	IGR_NC_003028.3_1119	40	0	1	40	100	139	1.344E-18	73.0	40	TANDEM(--)	SPV_2529	SPV_1246	145	TANDEM(--)	SP_RS06930	SP_RS06935
IGR_D39V_1081	IGR_NC_003028.3_1153	65	0	1	65	1	65	8.868E-33	118.0	65	TANDEM(--)	SPV_1287	SPV_1288	65	TANDEM(--)	SP_RS07165	SP_RS07170
IGR_D39V_0212	IGR_NC_003028.3_0197	194	0	1	194	1	194	7.646E-106	349.0	194	TANDEM(++)	SPV_0231	SPV_0232	194	TANDEM(++)	SP_RS01200	SP_RS01205
IGR_D39V_0244	IGR_NC_003028.3_0230	27	0	1	27	1	27	3.205E-11	50.0	27	TANDEM(--)	SPV_0263	SPV_0264	27	TANDEM(--)	SP_RS01390	SP_RS01395
IGR_D39V_0340	IGR_NC_003028.3_0341	59	0	1	59	1	59	2.240E-29	107.0	59	TANDEM(++)	SPV_0380	SPV_0381	59	TANDEM(++)	SP_RS02060	SP_RS02065
IGR_D39V_0404	IGR_NC_003028.3_0412	56	0	1	56	1	56	1.126E-27	102.0	56	TANDEM(++)	SPV_0453	SPV_0452	56	TANDEM(++)	SP_RS02480	SP_RS02485
IGR_D39V_0159	IGR_NC_003028.3_0150	86	0	1	86	1	86	1.106E-44	156.0	86	TANDEM(++)	SPV_0179	SPV_0180	86	TANDEM(++)	SP_RS00935	SP_RS00940
IGR_D39V_0191	IGR_NC_003028.3_0175	46	0	1	46	239	284	5.296E-22	84.0	46	TANDEM(++)	SPV_2485	SPV_0207	284	TANDEM(++)	SP_RS01075	SP_RS01080
IGR_D39V_0223	IGR_NC_003028.3_0209	230	0	1	230	1	230	3.231E-126	414.0	230	TANDEM(++)	SPV_0242	SPV_0243	230	TANDEM(++)	SP_RS01275	SP_RS01280
IGR_D39V_0255	IGR_NC_003028.3_0239	30	0	1	30	326	355	6.356E-13	55.0	30	TANDEM(++)	SPV_2487	SPV_0274	355	DIVERGENT	SP_RS01440	SP_RS01445
IGR_D39V_0351	IGR_NC_003028.3_0354	128	0	1	128	1	128	1.778E-68	231.0	128	TANDEM(--)	SPV_0395	SPV_0396	128	TANDEM(--)	SP_RS02145	SP_RS02150
IGR_D39V_0627	IGR_NC_003028.3_0662	228	0	1	228	1	228	4.377E-125	410.0	228	TANDEM(--)	SPV_0717	SPV_0718	228	TANDEM(--)	SP_RS04015	SP_RS04020
IGR_D39V_0755	IGR_NC_003028.3_0799	97	0	1	97	1	97	6.462E-51	175.0	97	TANDEM(++)	SPV_0878	SPV_0879	97	TANDEM(++)	SP_RS04920	SP_RS04925
IGR_D39V_0506	IGR_NC_003028.3_0537	210	0	1	210	1	210	6.726E-115	378.0	210	TANDEM(++)	SPV_0570	SPV_0571	210	TANDEM(++)	SP_RS03225	SP_RS03230
IGR_D39V_0538	IGR_NC_003028.3_0570	33	0	1	33	1	33	1.261E-14	61.0	33	TANDEM(++)	SPV_0608	SPV_0609	33	TANDEM(++)	SP_RS03425	SP_RS03430
IGR_D39V_0570	IGR_NC_003028.3_0603	67	0	1	67	1	67	6.514E-34	122.0	67	TANDEM(++)	SPV_0648	SPV_0649	88	TANDEM(++)	SP_RS03645	SP_RS03650
IGR_D39V_0730	IGR_NC_003028.3_0773	32	0	1	32	1	32	4.657E-14	59.0	32	TANDEM(++)	SPV_0847	SPV_0848	32	TANDEM(++)	SP_RS04755	SP_RS04760
IGR_D39V_0524	IGR_NC_003028.3_0554	39	0	1	39	1	39	4.963E-18	71.0	39	CONVERGENT	SPV_0591	SPV_0592	39	CONVERGENT	SP_RS03335	SP_RS03340
IGR_D39V_0556	IGR_NC_003028.3_0588	54	0	1	54	1	54	1.534E-26	98.0	54	TANDEM(--)	SPV_0632	SPV_2503	365	DIVERGENT	SP_RS03555	SP_RS03560
IGR_D39V_0588	IGR_NC_003028.3_0619	172	0	1	172	1	172	2.170E-93	310.0	172	TANDEM(++)	SPV_0666	SPV_0667	172	TANDEM(++)	SP_RS03735	SP_RS03740
IGR_D39V_0684	IGR_NC_003028.3_0724	58	0	1	58	1	58	8.266E-29	105.0	58	TANDEM(++)	SPV_0789	SPV_0790	58	TANDEM(++)	SP_RS04420	SP_RS04425
IGR_D39V_0722	IGR_NC_003028.3_0762	85	0	1	85	1	85	4.078E-44	154.0	85	TANDEM(++)	SPV_0837	SPV_0838	85	TANDEM(++)	SP_RS04685	SP_RS04690
IGR_D39V_0754	IGR_NC_003028.3_0798	76	0	1	76	1	76	5.148E-39	138.0	76	TANDEM(++)	SPV_0877	SPV_0878	76	TANDEM(++)	SP_RS04915	SP_RS04920
IGR_D39V_0786	IGR_NC_003028.3_0905	163	0	163	1	1	163	2.702E-88	294.0	163	DIVERGENT	SPV_1012	SPV_1010	163	DIVERGENT	SP_RS05585	SP_RS05590
IGR_D39V_0882	IGR_NC_003028.3_0814	41	0	41	1	1	41	3.638E-19	75.0	41	CONVERGENT	SPV_0896	SPV_0895	41	CONVERGENT	SP_RS05005	SP_RS05010
IGR_D39V_0914	IGR_NC_003028.3_0975	193	0	1	193	1	193	2.815E-105	347.0	193	DIVERGENT	SPV_1077	SPV_1078	193	DIVERGENT	SP_RS05975	SP_RS05980
IGR_D39V_0946	IGR_NC_003028.3_1009	183	0	1	183	1	183	1.287E-99	329.0	183	CONVERGENT	SPV_2314	SPV_1122	183	CONVERGENT	SP_RS13660	SP_RS06205
IGR_D39V_1025	IGR_NC_003028.3_1099	89	0	1	89	1	89	2.206E-46	161.0	89	CONVERGENT	SPV_1215	SPV_1216	89	CONVERGENT	SP_RS06775	SP_RS06780
IGR_D39V_1057	IGR_NC_003028.3_1126	115	0	1	115	1	115	4.102E-61	208.0	115	TANDEM(--)	SPV_1251	SPV_1252	115	TANDEM(--)	SP_RS06970	SP_RS06975
IGR_D39V_1121	IGR_NC_003028.3_1196	27	0	1	27	481	507	3.205E-11	50.0	27	TANDEM(--)	SPV_1344	SPV_1345	507	TANDEM(--)	SP_RS07465	SP_RS07470
IGR_D39V_0366	IGR_NC_003028.3_0366	321	0	1	321	414	734	1.054E-177	577.0	321	TANDEM(++)	SPV_2493	SPV_0410	734	TANDEM(++)	SP_RS02215	SP_RS02220
IGR_D39V_1006	IGR_NC_003028.3_1081	57	0	1	57	1	57	3.051E-28	104.0	57	TANDEM(--)	SPV_1192	SPV_1193	57	TANDEM(--)	SP_RS06645	SP_RS06650
IGR_D39V_1166	IGR_NC_003028.3_1238	31	0	1	31	1	31	1.721E-13	57.0	31	TANDEM(--)	SPV_1399	SPV_1400	201	TANDEM(--)	SP_RS07735	SP_RS07745
IGR_D39V_0271	IGR_NC_003028.3_0259	30	0	1	30	1	30	6.356E-13	55.0	30	TANDEM(--)	SPV_0290	SPV_0291	30	TANDEM(--)	SP_RS01545	SP_RS01550
IGR_D39V_0335	IGR_NC_003028.3_0336	24	0	1	24	1	24	1.615E-09	45.0	24	CONVERGENT	SPV_0374	SPV_0375	24	CONVERGENT	SP_RS02030	SP_RS02035
IGR_D39V_0367	IGR_NC_003028.3_0367	108	0	1	108	1	108	3.787E-57	195.0	108	CONVERGENT	SPV_0410	SPV_0411	108	CONVERGENT	SP_RS02220	SP_RS02225
IGR_D39V_0399	IGR_NC_003028.3_0407	76	0	1	76	1	76	5.148E-39	138.0	76	TANDEM(++)	SPV_0446	SPV_0447	76	TANDEM(++)	SP_RS02460	SP_RS02465
IGR_D39V_1519	IGR_NC_003028.3_1627	150	0	1	150	1	150	6.192E-81	270.0	150	TANDEM(--)	SPV_1864	SPV_1865	150	TANDEM(--)	SP_RS10385	SP_RS10390
IGR_D39V_1583	IGR_NC_003028.3_1693	25	0	1	25	1	25	4.373E-10	46.0	25	CONVERGENT	SPV_1955	SPV_1956	25	CONVERGENT	SP_RS13555	SP_RS10850
IGR_D39V_1615	IGR_NC_003028.3_1728	114	0	1	114	1	114	1.512E-60	206.0	114	TANDEM(--)	SPV_1994	SPV_1995	114	TANDEM(--)	SP_RS11050	SP_RS11055
IGR_D39V_0016	IGR_NC_003028.3_0019	72	0	1	72	1	72	9.531E-37	131.0	72	TANDEM(++)	SPV_0029	SPV_0030	72	TANDEM(++)	SP_RS00155	SP_RS00160
IGR_D39V_0112	IGR_NC_003028.3_0097	65	0	1	65	1	65	8.868E-33	118.0	65	TANDEM(++)	SPV_0127	SPV_2474	140	TANDEM(++)	SP_RS00600	SP_RS00605
IGR_D39V_0720	IGR_NC_003028.3_0760	59	0	1	59	1	59	2.240E-29	107.0	59	TANDEM(++)	SPV_0835	SPV_0836	59	TANDEM(++)	SP_RS04675	SP_RS04680
IGR_D39V_1520	IGR_NC_003028.3_1628	162	0	1	162	1	162	9.948E-88	292.0	162	TANDEM(--)	SPV_1865	SPV_1866	162	TANDEM(--)	SP_RS10390	SP_RS10395
IGR_D39V_1616	IGR_NC_003028.3_1729	175	0	1	175	1	175	4.348E-95	315.0	175	DIVERGENT	SPV_1995	SPV_1996	175	DIVERGENT	SP_RS11055	SP_RS11060
IGR_D39V_1648	IGR_NC_003028.3_1759	79	0	1	79	1	79	1.026E-40	143.0	79	TANDEM(--)	SPV_2033	SPV_2034	79	TANDEM(--)	SP_RS11265	SP_RS11270
IGR_D39V_0146	IGR_NC_003028.3_0132	309	0	1	309	1	309	6.478E-171	555.0	309	TANDEM(--)	SPV_0161	SPV_0162	309	TANDEM(--)	SP_RS00820	SP_RS00825
IGR_D39V_0242	IGR_NC_003028.3_0228	55	0	1	55	1	55	4.156E-27	100.0	55	CONVERGENT	SPV_0261	SPV_0262	55	CONVERGENT	SP_RS01380	SP_RS01385
IGR_D39V_1010	IGR_NC_003028.3_1085	150	0	1	150	1	150	6.192E-81	270.0	150	TANDEM(--)	SPV_1195	SPV_1196	150	TANDEM(--)	SP_RS06665	SP_RS06670
IGR_D39V_1170	IGR_NC_003028.3_1242	97	0	1	97	1	97	6.462E-51	175.0	97	TANDEM(--)	SPV_1404	SPV_1405	97	TANDEM(--)	SP_RS07760	SP_RS07765
IGR_D39V_1202	IGR_NC_003028.3_1283	53	0	1	53	184	236	5.664E-26	96.0	53	TANDEM(++)	SPV_1441	SPV_2364	236	DIVERGENT	SP_RS08025	SP_RS13810
IGR_D39V_1234	IGR_NC_003028.3_1315	218	0	1	218	1	218	1.996E-119	392.0	218	TANDEM(--)	SPV_1480	SPV_1481	218	TANDEM(--)	SP_RS08235	SP_RS08240
IGR_D39V_0731	IGR_NC_003028.3_0774	51	0	1	51	1	51	7.719E-25	93.0	51	TANDEM(++)	SPV_0848	SPV_0849	51	TANDEM(++)	SP_RS04760	SP_RS04765
IGR_D39V_0955	IGR_NC_003028.3_1018	312	0	1	312	1	312	1.301E-172	560.0	312	TANDEM(--)	SPV_1131	SPV_1132	312	TANDEM(--)	SP_RS06250	SP_RS06255
IGR_D39V_0381	IGR_NC_003028.3_0388	68	0	1	68	1	68	1.765E-34	123.0	68	TANDEM(++)	SPV_0427	SPV_0428	68	TANDEM(++)	SP_RS02355	SP_RS02360
IGR_D39V_0573	IGR_NC_003028.3_0605	78	0	1	78	1	78	3.784E-40	141.0	78	TANDEM(++)	SPV_0650	SPV_0651	78	TANDEM(++)	SP_RS03655	SP_RS03660
IGR_D39V_0606	IGR_NC_003028.3_0639	49	0	1	49	1	49	1.052E-23	89.0	49	TANDEM(++)	SPV_0689	SPV_0690	49	TANDEM(++)	SP_RS03850	SP_RS13340
IGR_D39V_0670	IGR_NC_003028.3_0707	39	0	1	39	1	39	2.112E-17	71.0	44	CONVERGENT	SPV_0774	SPV_0775	44	CONVERGENT	SP_RS04330	SP_RS04335
IGR_D39V_0734	IGR_NC_003028.3_0776	49	0	1	49	201	249	1.052E-23	89.0	49	TANDEM(++)	SPV_2513	SPV_0851	249	TANDEM(++)	SP_RS04770	SP_RS04775
IGR_D39V_0830	IGR_NC_003028.3_0860	89	0	89	1	1	89	2.206E-46	161.0	89	TANDEM(--)	SPV_0957	SPV_0956	89	TANDEM(++)	SP_RS05295	SP_RS05300
IGR_D39V_0353	IGR_NC_003028.3_0355	35	0	1	35	178	212	9.239E-16	64.0	35	TANDEM(++)	SPV_2489	SPV_0399	212	DIVERGENT	SP_RS02160	SP_RS02165
IGR_D39V_0513	IGR_NC_003028.3_0544	49	0	1	49	1	49	1.052E-23	89.0	49	TANDEM(++)	SPV_2202	SPV_0579	49	TANDEM(++)	SP_RS03270	SP_RS03275
IGR_D39V_1281	IGR_NC_003028.3_1362	148	0	1	148	1	148	8.400E-80	267.0	148	TANDEM(--)	SPV_1531	SPV_1532	148	TANDEM(--)	SP_RS08515	SP_RS08520
IGR_D39V_1313	IGR_NC_003028.3_1410	110	0	1	110	1	110	2.788E-58	199.0	110	TANDEM(--)	SPV_1569	SPV_1570	110	TANDEM(--)	SP_RS08820	SP_RS08825
IGR_D39V_1345	IGR_NC_003028.3_1445	34	0	1	34	574	607	3.413E-15	62.0	34	TANDEM(--)	SPV_2571	SPV_1605	607	TANDEM(--)	SP_RS13485	SP_RS09035
IGR_D39V_1441	IGR_NC_003028.3_1553	555	0	1	555	1	555	4.797E-310	996.0	555	TANDEM(++)	SPV_1755	SPV_2572	945	CONVERGENT	SP_RS09835	SP_RS09845
IGR_D39V_1569	IGR_NC_003028.3_1678	252	0	1	252	1	252	1.149E-138	453.0	252	TANDEM(++)	SPV_1936	SPV_1937	252	TANDEM(++)	SP_RS10755	SP_RS10760
IGR_D39V_1665	IGR_NC_003028.3_1779	242	0	1	242	1	242	5.234E-133	435.0	242	CONVERGENT	SPV_2060	SPV_2063	242	CONVERGENT	SP_RS11410	SP_RS11425
IGR_D39V_0034	IGR_NC_003028.3_0039	83	0	1	83	1	83	5.546E-43	150.0	83	TANDEM(++)	SPV_0055	SPV_0056	83	TANDEM(++)	SP_RS00285	SP_RS00290
IGR_D39V_0578	IGR_NC_003028.3_0610	107	0	1	107	1	107	1.396E-56	193.0	107	TANDEM(++)	SPV_0657	SPV_2506	107	TANDEM(++)	SP_RS03690	SP_RS03695
IGR_D39V_0642	IGR_NC_003028.3_0680	90	0	1	90	1	90	5.983E-47	163.0	90	TANDEM(++)	SPV_0734	SPV_2228	206	TANDEM(++)	SP_RS13765	SP_RS04115
IGR_D39V_0738	IGR_NC_003028.3_0780	104	0	1	104	1	104	6.989E-55	188.0	104	DIVERGENT	SPV_0854	SPV_0855	104	DIVERGENT	SP_RS04790	SP_RS04795
IGR_D39V_0930	IGR_NC_003028.3_0993	148	0	1	148	1	148	8.400E-80	267.0	148	TANDEM(++)	SPV_1099	SPV_1100	148	TANDEM(++)	SP_RS06085	SP_RS06090
IGR_D39V_1090	IGR_NC_003028.3_1162	116	0	1	116	1	116	1.113E-61	209.0	116	CONVERGENT	SPV_1302	SPV_1303	222	CONVERGENT	SP_RS07235	SP_RS07240
IGR_D39V_1122	IGR_NC_003028.3_1197	70	0	1	70	1	70	1.297E-35	127.0	70	TANDEM(--)	SPV_1345	SPV_1346	70	TANDEM(--)	SP_RS07470	SP_RS07475
IGR_D39V_0227	IGR_NC_003028.3_0213	98	0	1	98	1	98	2.306E-51	177.0	99	TANDEM(++)	SPV_0246	SPV_0247	98	TANDEM(++)	SP_RS01295	SP_RS01300
IGR_D39V_0259	IGR_NC_003028.3_0246	51	0	1	51	1	51	7.719E-25	93.0	51	TANDEM(++)	SPV_0277	SPV_0278	51	TANDEM(++)	SP_RS01480	SP_RS01485
IGR_D39V_0355	IGR_NC_003028.3_0356	110	0	1	110	67	176	2.788E-58	199.0	110	TANDEM(++)	SPV_2491	SPV_2490	282	TANDEM(++)	SP_RS02165	SP_RS11740
IGR_D39V_0515	IGR_NC_003028.3_0546	96	0	1	96	1	96	2.382E-50	174.0	96	TANDEM(++)	SPV_0580	SPV_0581	96	TANDEM(++)	SP_RS03280	SP_RS03285
IGR_D39V_0675	IGR_NC_003028.3_0713	259	0	1	259	1	259	1.258E-142	466.0	259	TANDEM(++)	SPV_0781	SPV_2239	259	TANDEM(++)	SP_RS04365	SP_RS13165
IGR_D39V_1123	IGR_NC_003028.3_1198	80	0	1	80	1	80	2.782E-41	145.0	80	TANDEM(--)	SPV_1346	SPV_1347	80	TANDEM(--)	SP_RS07475	SP_RS07480
IGR_D39V_1187	IGR_NC_003028.3_1263	130	0	1	130	1	130	1.310E-69	234.0	130	TANDEM(--)	SPV_1427	SPV_1428	130	TANDEM(--)	SP_RS07900	SP_RS07905
IGR_D39V_1219	IGR_NC_003028.3_1300	290	0	1	290	1	290	3.634E-160	521.0	290	DIVERGENT	SPV_1460	SPV_1461	290	DIVERGENT	SP_RS08130	SP_RS08135
IGR_D39V_1283	IGR_NC_003028.3_1363	52	0	1	52	324	375	2.091E-25	95.0	52	DIVERGENT	SPV_1533	SPV_1534	375	DIVERGENT	SP_RS08520	SP_RS08530
IGR_D39V_1379	IGR_NC_003028.3_1484	95	0	1	95	1	95	8.783E-50	172.0	95	TANDEM(++)	SPV_1651	SPV_1652	95	TANDEM(++)	SP_RS09280	SP_RS09285
IGR_D39V_0132	IGR_NC_003028.3_0119	71	0	1	71	1	71	3.516E-36	129.0	71	TANDEM(++)	SPV_0147	SPV_0148	71	TANDEM(++)	SP_RS00740	SP_RS00745
IGR_D39V_0196	IGR_NC_003028.3_0180	144	0	1	144	1	144	1.546E-77	259.0	144	TANDEM(++)	SPV_0211	SPV_0212	144	TANDEM(++)	SP_RS01100	SP_RS01105
IGR_D39V_0260	IGR_NC_003028.3_0247	129	0	1	129	1	129	4.826E-69	233.0	129	TANDEM(++)	SPV_0278	SPV_0279	129	TANDEM(++)	SP_RS01485	SP_RS01490
IGR_D39V_0516	IGR_NC_003028.3_0547	47	0	1	47	1	47	1.434E-22	86.0	47	CONVERGENT	SPV_0581	SPV_0582	47	CONVERGENT	SP_RS03285	SP_RS03290
IGR_D39V_0548	IGR_NC_003028.3_0581	54	0	1	54	1	54	1.534E-26	98.0	54	CONVERGENT	SPV_0622	SPV_2213	236	TANDEM(++)	SP_RS03505	SP_RS03510
IGR_D39V_0644	IGR_NC_003028.3_0682	89	0	1	89	1	89	2.206E-46	161.0	89	TANDEM(++)	SPV_0738	SPV_0739	89	TANDEM(++)	SP_RS04130	SP_RS04135
IGR_D39V_0996	IGR_NC_003028.3_1070	178	0	1	178	1	178	8.710E-97	320.0	178	TANDEM(--)	SPV_1179	SPV_2326	178	TANDEM(--)	SP_RS06595	SP_RS12830
IGR_D39V_1220	IGR_NC_003028.3_1301	31	0	1	31	1	31	1.721E-13	57.0	31	TANDEM(++)	SPV_1462	SPV_1463	31	TANDEM(++)	SP_RS08140	SP_RS08145
IGR_D39V_1284	IGR_NC_003028.3_1364	34	0	1	34	1	34	3.413E-15	62.0	34	CONVERGENT	SPV_1535	SPV_1536	34	CONVERGENT	SP_RS08535	SP_RS08540
IGR_D39V_1412	IGR_NC_003028.3_1518	160	0	25	184	1	160	3.391E-84	288.0	184	TANDEM(--)	SPV_1716	SPV_1717	160	TANDEM(--)	SP_RS09625	SP_RS09630
IGR_D39V_1444	IGR_NC_003028.3_1555	32	0	1	32	1	32	4.657E-14	59.0	32	TANDEM(--)	SPV_1758	SPV_1759	32	TANDEM(--)	SP_RS09850	SP_RS09855
IGR_D39V_1510	IGR_NC_003028.3_1619	50	0	1	50	1	50	2.850E-24	91.0	50	TANDEM(--)	SPV_1848	SPV_1849	50	TANDEM(--)	SP_RS10310	SP_RS10315
IGR_D39V_1574	IGR_NC_003028.3_1683	41	0	1	41	1	41	3.638E-19	75.0	41	TANDEM(--)	SPV_1942	SPV_1943	41	TANDEM(--)	SP_RS13550	SP_RS10790
IGR_D39V_1670	IGR_NC_003028.3_0001	196	0	17	212	1	196	2.698E-105	353.0	212	UNKNOWN	SPV_2069	CHROM_END	196	UNKNOWN	CHROM_START	SP_RS00005
IGR_D39V_0039	IGR_NC_003028.3_0045	62	0	1	62	1	62	4.456E-31	113.0	62	TANDEM(++)	SPV_0061	SPV_0062	62	TANDEM(++)	SP_RS00315	SP_RS00320
IGR_D39V_0392	IGR_NC_003028.3_0399	127	0	1	127	1	127	6.550E-68	229.0	127	TANDEM(++)	SPV_0440	SPV_0441	127	TANDEM(++)	SP_RS02420	SP_RS02425
IGR_D39V_0520	IGR_NC_003028.3_0551	53	0	1	53	1	53	5.664E-26	96.0	53	CONVERGENT	SPV_0587	SPV_0588	53	CONVERGENT	SP_RS03315	SP_RS03320
IGR_D39V_0616	IGR_NC_003028.3_0647	33	0	1	33	1	33	1.261E-14	61.0	33	CONVERGENT	SPV_0702	SPV_0703	33	CONVERGENT	SP_RS03910	SP_RS03915
IGR_D39V_0425	IGR_NC_003028.3_0446	88	0	1	88	1	88	8.134E-46	159.0	88	TANDEM(++)	SPV_0474	SPV_2495	150	TANDEM(++)	SP_RS02690	SP_RS02695
IGR_D39V_0425	IGR_NC_003028.3_0227	78	0	1	78	40	117	4.898E-39	141.0	88	TANDEM(++)	SPV_0474	SPV_2495	217	TANDEM(++)	SP_RS01370	SP_RS01380
IGR_D39V_0585	IGR_NC_003028.3_0616	27	0	1	27	188	214	3.205E-11	50.0	27	TANDEM(++)	SPV_2507	SPV_0664	214	TANDEM(++)	SP_RS03720	SP_RS03725
IGR_D39V_0617	IGR_NC_003028.3_0648	139	0	1	139	1	139	1.048E-74	251.0	139	DIVERGENT	SPV_0703	SPV_0704	139	DIVERGENT	SP_RS03915	SP_RS03920
IGR_D39V_0809	IGR_NC_003028.3_0883	43	0	43	1	1	43	2.667E-20	79.0	43	TANDEM(--)	SPV_0985	SPV_0984	43	TANDEM(++)	SP_RS05440	SP_RS05445
IGR_D39V_1001	IGR_NC_003028.3_1077	75	0	1	75	1	75	1.899E-38	136.0	75	TANDEM(--)	SPV_1187	SPV_1188	75	TANDEM(--)	SP_RS06625	SP_RS06630
IGR_D39V_1481	IGR_NC_003028.3_1590	54	0	1	54	1	54	1.534E-26	98.0	54	TANDEM(--)	SPV_1819	SPV_1820	54	TANDEM(--)	SP_RS10160	SP_RS10165
IGR_D39V_1513	IGR_NC_003028.3_1622	50	0	1	50	1	50	2.850E-24	91.0	50	TANDEM(--)	SPV_1853	SPV_1854	50	TANDEM(--)	SP_RS10330	SP_RS10335
IGR_D39V_1545	IGR_NC_003028.3_1653	117	0	1	117	1	117	3.021E-62	211.0	117	TANDEM(++)	SPV_1910	SPV_1911	117	TANDEM(++)	SP_RS10610	SP_RS10615
IGR_D39V_0138	IGR_NC_003028.3_0126	29	0	1	29	1	29	2.348E-12	53.0	29	CONVERGENT	SPV_0154	SPV_0155	29	CONVERGENT	SP_RS00785	SP_RS00790
IGR_D39V_0170	IGR_NC_003028.3_0157	36	0	1	36	1	36	2.501E-16	66.0	36	TANDEM(++)	SPV_2121	SPV_0186	36	TANDEM(++)	SP_RS12970	SP_RS00975
IGR_D39V_0522	IGR_NC_003028.3_0553	29	0	1	29	1	29	2.348E-12	53.0	29	TANDEM(++)	SPV_0590	SPV_2501	88	TANDEM(++)	SP_RS03330	SP_RS03335
IGR_D39V_0586	IGR_NC_003028.3_0617	552	0	1	552	1	552	2.385E-308	990.0	552	TANDEM(++)	SPV_0664	SPV_0665	552	TANDEM(++)	SP_RS03725	SP_RS03730
IGR_D39V_0810	IGR_NC_003028.3_0882	127	0	127	1	1	127	6.550E-68	229.0	127	DIVERGENT	SPV_0982	SPV_0981	127	DIVERGENT	SP_RS05425	SP_RS05430
IGR_D39V_1642	IGR_NC_003028.3_1754	111	0	1	111	145	255	7.565E-59	200.0	111	TANDEM(--)	SPV_2553	SPV_2028	255	TANDEM(--)	SP_RS11235	SP_RS11240
IGR_D39V_0011	IGR_NC_003028.3_0014	188	0	1	188	1	188	1.903E-102	338.0	188	TANDEM(++)	SPV_0023	SPV_0024	230	TANDEM(++)	SP_RS00130	SP_RS00135
IGR_D39V_0043	IGR_NC_003028.3_0049	27	0	1	27	1	27	3.205E-11	50.0	27	TANDEM(++)	SPV_0066	SPV_0067	27	TANDEM(++)	SP_RS00340	SP_RS00345
IGR_D39V_0076	IGR_NC_003028.3_0084	241	0	1	241	1	241	1.926E-132	433.0	241	DIVERGENT	SPV_0103	SPV_0104	241	DIVERGENT	SP_RS00540	SP_RS00545
IGR_D39V_0364	IGR_NC_003028.3_0365	49	0	1	49	1	49	1.052E-23	89.0	49	TANDEM(++)	SPV_0408	SPV_0409	49	TANDEM(++)	SP_RS02210	SP_RS02215
IGR_D39V_0013	IGR_NC_003028.3_0016	54	0	1	54	1	54	1.534E-26	98.0	54	TANDEM(++)	SPV_0025	SPV_2459	186	TANDEM(++)	SP_RS00140	SP_RS00145
IGR_D39V_0173	IGR_NC_003028.3_0160	43	0	1	43	1	43	2.667E-20	79.0	43	TANDEM(++)	SPV_0188	SPV_0189	43	TANDEM(++)	SP_RS12975	SP_RS00990
IGR_D39V_0205	IGR_NC_003028.3_0189	264	0	1	264	1	264	1.865E-145	474.0	264	TANDEM(++)	SPV_0219	SPV_0220	264	TANDEM(++)	SP_RS01145	SP_RS01150
IGR_D39V_0397	IGR_NC_003028.3_0405	89	0	1	89	1	89	2.206E-46	161.0	89	TANDEM(++)	SPV_0444	SPV_0445	89	TANDEM(++)	SP_RS02450	SP_RS02455
IGR_D39V_0429	IGR_NC_003028.3_0449	43	0	1	43	1	43	2.667E-20	79.0	43	TANDEM(++)	SPV_0478	SPV_0479	43	TANDEM(++)	SP_RS02710	SP_RS02715
IGR_D39V_0557	IGR_NC_003028.3_0588	260	0	1	260	106	365	3.418E-143	467.0	260	DIVERGENT	SPV_2503	SPV_0633	365	DIVERGENT	SP_RS03555	SP_RS03560
IGR_D39V_0621	IGR_NC_003028.3_0652	84	0	1	84	1	84	1.504E-43	152.0	84	TANDEM(++)	SPV_0707	SPV_0708	84	TANDEM(++)	SP_RS03940	SP_RS03945
IGR_D39V_1646	IGR_NC_003028.3_1758	98	0	1	98	1	98	1.753E-51	177.0	98	TANDEM(--)	SPV_2032	SPV_2554	135	TANDEM(--)	SP_RS11260	SP_RS11265
IGR_D39V_0143	IGR_NC_003028.3_0130	77	0	1	77	1	77	1.396E-39	139.0	77	TANDEM(++)	SPV_0159	SPV_0160	77	TANDEM(++)	SP_RS00810	SP_RS00815
IGR_D39V_0785	IGR_NC_003028.3_0921	137	0	137	1	183	319	1.423E-73	247.0	137	CONVERGENT	SPV_1013	SPV_1012	319	CONVERGENT	SP_RS13035	SP_RS12125
IGR_D39V_0817	IGR_NC_003028.3_0875	42	0	42	1	1	42	9.850E-20	77.0	42	TANDEM(--)	SPV_0975	SPV_0973	42	TANDEM(++)	SP_RS05385	SP_RS05390
IGR_D39V_0881	IGR_NC_003028.3_0815	81	0	81	1	1	81	7.542E-42	147.0	81	TANDEM(++)	SPV_0897	SPV_0896	81	TANDEM(--)	SP_RS05010	SP_RS05015
IGR_D39V_0660	IGR_NC_003028.3_0698	27	0	1	27	1	27	3.205E-11	50.0	27	TANDEM(++)	SPV_0760	SPV_0761	27	TANDEM(++)	SP_RS04260	SP_RS04265
IGR_D39V_0438	IGR_NC_003028.3_0458	95	0	1	95	1	95	8.783E-50	172.0	95	TANDEM(++)	SPV_0489	SPV_0490	95	TANDEM(++)	SP_RS02765	SP_RS02770
IGR_D39V_0662	IGR_NC_003028.3_0699	38	0	1	38	112	149	1.833E-17	70.0	38	TANDEM(++)	SPV_2511	SPV_0762	149	TANDEM(++)	SP_RS04265	SP_RS04270
IGR_D39V_0358	IGR_NC_003028.3_0359	156	0	1	156	1	156	2.482E-84	281.0	156	TANDEM(++)	SPV_0401	SPV_0402	156	TANDEM(++)	SP_RS02175	SP_RS02180
IGR_D39V_0390	IGR_NC_003028.3_0397	27	0	1	27	1	27	3.205E-11	50.0	27	TANDEM(++)	SPV_0438	SPV_0439	27	TANDEM(++)	SP_RS02410	SP_RS02415
IGR_D39V_0454	IGR_NC_003028.3_0476	63	0	1	63	1	63	1.207E-31	114.0	63	TANDEM(++)	SPV_0510	SPV_0511	63	TANDEM(++)	SP_RS02900	SP_RS02905
IGR_D39V_0663	IGR_NC_003028.3_0700	27	0	1	27	1	27	3.205E-11	50.0	27	TANDEM(++)	SPV_0762	SPV_0763	27	TANDEM(++)	SP_RS04270	SP_RS04275
IGR_D39V_0759	IGR_NC_003028.3_0804	230	0	1	230	1	230	3.231E-126	414.0	230	TANDEM(++)	SPV_0884	SPV_0885	230	TANDEM(++)	SP_RS04950	SP_RS04955
IGR_D39V_0791	IGR_NC_003028.3_0899	111	0	111	1	1	111	7.565E-59	200.0	111	TANDEM(--)	SPV_1002	SPV_1001	111	TANDEM(++)	SP_RS05530	SP_RS05535
IGR_D39V_0823	IGR_NC_003028.3_0867	63	0	63	1	1	63	1.207E-31	114.0	63	TANDEM(--)	SPV_0964	SPV_0963	63	TANDEM(++)	SP_RS05330	SP_RS05335
IGR_D39V_0951	IGR_NC_003028.3_1014	335	0	1	335	1	335	1.269E-185	602.0	335	DIVERGENT	SPV_1127	SPV_1128	335	DIVERGENT	SP_RS06230	SP_RS06235
IGR_D39V_1298	IGR_NC_003028.3_1379	102	0	1	102	7	108	9.495E-54	184.0	102	TANDEM(--)	SPV_1553	SPV_1554	108	TANDEM(--)	SP_RS08625	SP_RS08630
IGR_D39V_1522	IGR_NC_003028.3_1630	97	0	1	97	1	97	6.462E-51	175.0	97	TANDEM(--)	SPV_1867	SPV_1868	97	TANDEM(--)	SP_RS10400	SP_RS10405
IGR_D39V_1554	IGR_NC_003028.3_1665	229	0	1	229	1	229	1.189E-125	412.0	229	TANDEM(--)	SPV_1923	SPV_1924	229	TANDEM(--)	SP_RS10680	SP_RS10685
IGR_D39V_1472	IGR_NC_003028.3_1582	34	0	1	34	1	34	3.413E-15	62.0	34	CONVERGENT	SPV_1793	SPV_1794	34	CONVERGENT	SP_RS10030	SP_RS10035
IGR_D39V_1536	IGR_NC_003028.3_1644	138	0	1	138	1	138	3.862E-74	249.0	138	TANDEM(--)	SPV_1899	SPV_1900	138	TANDEM(--)	SP_RS10555	SP_RS10560
IGR_D39V_1101	IGR_NC_003028.3_1177	110	0	1	110	1	110	2.788E-58	199.0	110	TANDEM(--)	SPV_1322	SPV_1323	110	TANDEM(--)	SP_RS07350	SP_RS07355
IGR_D39V_1261	IGR_NC_003028.3_1344	44	0	1	44	1	44	7.222E-21	80.0	44	TANDEM(--)	SPV_1509	SPV_1510	44	TANDEM(--)	SP_RS08400	SP_RS08405
IGR_D39V_1293	IGR_NC_003028.3_1374	129	0	1	129	1	129	4.826E-69	233.0	129	TANDEM(--)	SPV_1548	SPV_1549	129	TANDEM(--)	SP_RS08600	SP_RS08605
IGR_D39V_1421	IGR_NC_003028.3_1531	58	0	1	58	1	58	8.266E-29	105.0	58	TANDEM(--)	SPV_1731	SPV_1732	58	TANDEM(--)	SP_RS09700	SP_RS09705
IGR_D39V_1453	IGR_NC_003028.3_1564	33	0	1	33	1	33	1.261E-14	61.0	33	DIVERGENT	SPV_1771	SPV_1772	33	DIVERGENT	SP_RS09920	SP_RS09925
IGR_D39V_1485	IGR_NC_003028.3_1594	67	0	1	67	1	67	6.514E-34	122.0	67	CONVERGENT	SPV_1822	SPV_1823	67	CONVERGENT	SP_RS10180	SP_RS10185
IGR_D39V_1549	IGR_NC_003028.3_1658	48	0	1	48	1	48	3.885E-23	88.0	48	TANDEM(--)	SPV_1916	SPV_1917	169	DIVERGENT	SP_RS10640	SP_RS10645
IGR_D39V_0880	IGR_NC_003028.3_0816	122	0	122	1	1	122	4.447E-65	220.0	122	DIVERGENT	SPV_0898	SPV_0897	122	DIVERGENT	SP_RS05015	SP_RS05020
IGR_D39V_0944	IGR_NC_003028.3_1008	165	0	1	165	1	165	1.992E-89	297.0	165	TANDEM(--)	SPV_1121	SPV_2521	583	DIVERGENT	SP_RS06200	SP_RS13660
IGR_D39V_0467	IGR_NC_003028.3_0491	257	0	1	257	1	257	1.703E-141	462.0	257	TANDEM(--)	SPV_0527	SPV_0528	257	TANDEM(--)	SP_RS02980	SP_RS02985
IGR_D39V_0499	IGR_NC_003028.3_0527	37	0	1	37	1	37	6.771E-17	68.0	37	TANDEM(++)	SPV_0559	SPV_0560	37	TANDEM(++)	SP_RS03155	SP_RS03160
IGR_D39V_1398	IGR_NC_003028.3_1503	107	0	1	107	1	107	1.396E-56	193.0	107	DIVERGENT	SPV_1678	SPV_1679	107	DIVERGENT	SP_RS09430	SP_RS09435
IGR_D39V_1462	IGR_NC_003028.3_1573	130	0	1	130	1	130	1.310E-69	234.0	130	TANDEM(--)	SPV_1782	SPV_1783	130	TANDEM(--)	SP_RS09975	SP_RS09980
IGR_D39V_1590	IGR_NC_003028.3_1700	151	0	1	151	1	151	1.681E-81	272.0	151	TANDEM(++)	SPV_2438	SPV_1963	151	TANDEM(++)	SP_RS10885	SP_RS10890
IGR_D39V_1654	IGR_NC_003028.3_1767	93	0	1	93	1	93	1.194E-48	168.0	93	TANDEM(--)	SPV_2043	SPV_2044	93	TANDEM(--)	SP_RS11315	SP_RS11320
IGR_D39V_1178	IGR_NC_003028.3_1251	44	0	1	44	1	44	7.222E-21	80.0	44	TANDEM(--)	SPV_1413	SPV_2536	198	TANDEM(--)	SP_RS07815	SP_RS07820
IGR_D39V_1370	IGR_NC_003028.3_1475	166	0	1	166	1	166	5.410E-90	299.0	166	CONVERGENT	SPV_1639	SPV_1640	166	CONVERGENT	SP_RS09220	SP_RS09225
IGR_D39V_1308	IGR_NC_003028.3_1405	97	0	1	97	1	97	8.503E-51	175.0	98	TANDEM(++)	SPV_1565	SPV_1566	98	TANDEM(++)	SP_RS08795	SP_RS08800
IGR_D39V_1404	IGR_NC_003028.3_1509	98	0	1	98	1	98	1.753E-51	177.0	98	CONVERGENT	SPV_1708	SPV_1709	98	CONVERGENT	SP_RS12420	SP_RS09585
IGR_D39V_1468	IGR_NC_003028.3_1579	107	0	1	107	1	107	1.832E-56	193.0	108	TANDEM(--)	SPV_1790	SPV_2547	144	TANDEM(--)	SP_RS10015	SP_RS10020
IGR_D39V_1500	IGR_NC_003028.3_1609	116	0	1	116	1	116	1.113E-61	209.0	116	TANDEM(--)	SPV_1838	SPV_1839	116	TANDEM(--)	SP_RS10260	SP_RS10265
IGR_D39V_1564	IGR_NC_003028.3_1674	25	0	1	25	1	25	4.373E-10	46.0	25	TANDEM(--)	SPV_1932	SPV_1933	25	TANDEM(--)	SP_RS10735	SP_RS10740
IGR_D39V_0575	IGR_NC_003028.3_0607	267	0	1	267	1	267	3.743E-147	480.0	267	TANDEM(++)	SPV_0652	SPV_0653	267	TANDEM(++)	SP_RS03665	SP_RS03670
IGR_D39V_0639	IGR_NC_003028.3_0677	52	0	1	52	1	52	2.091E-25	95.0	52	TANDEM(--)	SPV_0731	SPV_0732	52	TANDEM(--)	SP_RS04095	SP_RS04100
IGR_D39V_0671	IGR_NC_003028.3_0708	137	0	1	137	1	137	1.423E-73	247.0	137	DIVERGENT	SPV_0775	SPV_0776	137	DIVERGENT	SP_RS04335	SP_RS04340
IGR_D39V_1439	IGR_NC_003028.3_1551	50	0	1	50	1	50	5.939E-23	91.0	62	TANDEM(++)	SPV_1753	SPV_1754	50	TANDEM(++)	SP_RS13515	SP_RS09830
IGR_D39V_1471	IGR_NC_003028.3_1581	161	0	1	161	1	161	3.664E-87	290.0	161	DIVERGENT	SPV_1792	SPV_1793	161	DIVERGENT	SP_RS10025	SP_RS10030
IGR_D39V_1503	IGR_NC_003028.3_1612	178	0	1	178	1	178	8.710E-97	320.0	178	TANDEM(--)	SPV_1841	SPV_1842	178	TANDEM(--)	SP_RS10275	SP_RS10280
IGR_D39V_1567	IGR_NC_003028.3_1676	110	0	1	110	1	110	2.788E-58	199.0	110	TANDEM(++)	SPV_1934	SPV_1935	110	TANDEM(++)	SP_RS10745	SP_RS10750
IGR_D39V_1599	IGR_NC_003028.3_1711	39	0	1	39	1	39	4.963E-18	71.0	39	CONVERGENT	SPV_1973	SPV_1974	39	CONVERGENT	SP_RS10945	SP_RS10950
IGR_D39V_1663	IGR_NC_003028.3_1776	61	0	1	61	1	61	1.644E-30	111.0	61	TANDEM(++)	SPV_2057	SPV_2058	61	TANDEM(++)	SP_RS11385	SP_RS11390
IGR_D39V_0032	IGR_NC_003028.3_0037	92	0	1	92	1	92	4.401E-48	166.0	92	TANDEM(++)	SPV_0052	SPV_0053	92	TANDEM(++)	SP_RS00270	SP_RS00275
IGR_D39V_0416	IGR_NC_003028.3_0423	67	0	1	67	1	67	6.514E-34	122.0	67	DIVERGENT	SPV_0463	SPV_0464	67	DIVERGENT	SP_RS02550	SP_RS02555
IGR_D39V_0480	IGR_NC_003028.3_0505	53	0	1	53	1	53	5.664E-26	96.0	53	TANDEM(++)	SPV_0542	SPV_0543	53	TANDEM(++)	SP_RS03055	SP_RS03060
IGR_D39V_0544	IGR_NC_003028.3_0577	66	0	1	66	13	78	2.403E-33	120.0	66	TANDEM(++)	SPV_0619	SPV_2502	139	TANDEM(++)	SP_RS03485	SP_RS03490
IGR_D39V_0640	IGR_NC_003028.3_0678	67	0	1	67	1	67	6.514E-34	122.0	67	TANDEM(--)	SPV_0732	SPV_0733	67	TANDEM(--)	SP_RS04100	SP_RS04105
IGR_D39V_0832	IGR_NC_003028.3_0858	412	0	412	1	1	412	3.550E-229	740.0	412	TANDEM(--)	SPV_0954	SPV_0953	412	TANDEM(++)	SP_RS05280	SP_RS05285
IGR_D39V_0928	IGR_NC_003028.3_0991	76	0	1	76	1	76	5.148E-39	138.0	76	TANDEM(--)	SPV_1096	SPV_1097	76	TANDEM(--)	SP_RS06070	SP_RS06075
IGR_D39V_0992	IGR_NC_003028.3_1066	132	0	1	132	1	132	9.651E-71	238.0	132	TANDEM(--)	SPV_2325	SPV_1175	132	TANDEM(--)	SP_RS12825	SP_RS06575
IGR_D39V_1573	IGR_NC_003028.3_1682	118	0	1	118	1	118	8.198E-63	213.0	118	TANDEM(--)	SPV_1941	SPV_1942	118	TANDEM(--)	SP_RS10780	SP_RS13550
IGR_D39V_1669	IGR_NC_003028.3_1783	57	0	1	57	1	57	1.147E-26	104.0	72	TANDEM(++)	SPV_2068	SPV_2069	57	TANDEM(++)	SP_RS11450	SP_RS11455
IGR_D39V_0134	IGR_NC_003028.3_0122	103	0	1	103	1	103	2.576E-54	186.0	103	TANDEM(++)	SPV_0149	SPV_0150	103	TANDEM(++)	SP_RS13240	SP_RS00765
IGR_D39V_1100	IGR_NC_003028.3_1176	223	0	1	223	1	223	2.956E-122	401.0	223	TANDEM(--)	SPV_1320	SPV_1321	223	TANDEM(--)	SP_RS07340	SP_RS07345
IGR_D39V_1132	IGR_NC_003028.3_1209	42	0	1	42	1	42	2.401E-19	77.0	45	CONVERGENT	SPV_1359	SPV_1360	42	CONVERGENT	SP_RS07535	SP_RS07540
IGR_D39V_1292	IGR_NC_003028.3_1373	24	0	1	24	1	24	1.615E-09	45.0	24	TANDEM(--)	SPV_1547	SPV_1548	24	TANDEM(--)	SP_RS08595	SP_RS08600
IGR_D39V_1324	IGR_NC_003028.3_1421	281	0	1	281	11	291	4.490E-155	505.0	281	DIVERGENT	SPV_1579	SPV_1580	291	DIVERGENT	SP_RS08880	SP_RS08885
IGR_D39V_0471	IGR_NC_003028.3_0496	174	0	1	174	1	174	1.601E-94	313.0	174	TANDEM(++)	SPV_0532	SPV_0533	174	TANDEM(++)	SP_RS03005	SP_RS03010
IGR_D39V_0567	IGR_NC_003028.3_0600	58	0	1	58	1	58	8.266E-29	105.0	58	TANDEM(--)	SPV_0645	SPV_0646	58	TANDEM(--)	SP_RS03630	SP_RS03635
IGR_D39V_0599	IGR_NC_003028.3_0632	30	0	1	30	1	30	6.356E-13	55.0	30	CONVERGENT	SPV_0680	SPV_0681	30	CONVERGENT	SP_RS03805	SP_RS03810
IGR_D39V_1174	IGR_NC_003028.3_1246	207	0	1	207	1	207	3.355E-113	372.0	207	DIVERGENT	SPV_1408	SPV_2357	207	DIVERGENT	SP_RS07780	SP_RS13055
IGR_D39V_1206	IGR_NC_003028.3_1288	90	0	1	90	1	90	5.983E-47	163.0	90	CONVERGENT	SPV_1447	SPV_2366	90	CONVERGENT	SP_RS08055	SP_RS08060
IGR_D39V_1334	IGR_NC_003028.3_1436	30	0	1	30	1	30	6.356E-13	55.0	30	TANDEM(++)	SPV_1590	SPV_1591	30	TANDEM(++)	SP_RS08955	SP_RS08960
IGR_D39V_1021	IGR_NC_003028.3_1096	112	0	1	112	1	112	2.053E-59	202.0	112	DIVERGENT	SPV_1212	SPV_2524	354	TANDEM(--)	SP_RS06755	SP_RS13795
IGR_D39V_1628	IGR_NC_003028.3_1743	69	0	1	69	1	69	4.785E-35	125.0	69	TANDEM(--)	SPV_2011	SPV_2012	69	TANDEM(--)	SP_RS11155	SP_RS11160
IGR_D39V_1660	IGR_NC_003028.3_1773	50	0	1	50	1	50	2.850E-24	91.0	50	CONVERGENT	SPV_2054	SPV_2055	50	CONVERGENT	SP_RS11370	SP_RS11375
IGR_D39V_0157	IGR_NC_003028.3_0148	131	0	1	131	1	131	3.555E-70	236.0	131	TANDEM(++)	SPV_0177	SPV_0178	131	TANDEM(++)	SP_RS00925	SP_RS00930
IGR_D39V_0189	IGR_NC_003028.3_0175	45	0	1	45	1	45	1.956E-21	82.0	45	TANDEM(++)	SPV_0206	SPV_2484	284	TANDEM(++)	SP_RS01075	SP_RS01080
IGR_D39V_0253	IGR_NC_003028.3_0238	44	0	1	44	1	44	7.222E-21	80.0	44	CONVERGENT	SPV_0272	SPV_0273	149	CONVERGENT	SP_RS01435	SP_RS01440
IGR_D39V_0193	IGR_NC_003028.3_0177	83	0	1	83	1	83	5.546E-43	150.0	83	TANDEM(++)	SPV_0208	SPV_0209	83	TANDEM(++)	SP_RS01085	SP_RS01090
IGR_D39V_0289	IGR_NC_003028.3_0280	94	0	1	94	1	94	3.238E-49	170.0	94	TANDEM(--)	SPV_0309	SPV_0310	94	TANDEM(--)	SP_RS01655	SP_RS01660
IGR_D39V_0771	IGR_NC_003028.3_0935	153	0	153	1	1	153	1.240E-82	276.0	153	TANDEM(++)	SPV_1029	SPV_1028	153	TANDEM(--)	SP_RS05740	SP_RS05745
IGR_D39V_0867	IGR_NC_003028.3_0830	153	0	153	1	1	153	1.240E-82	276.0	153	TANDEM(--)	SPV_2567	SPV_0914	213	TANDEM(++)	SP_RS05105	SP_RS05110
IGR_D39V_0931	IGR_NC_003028.3_0994	45	0	1	45	1	45	1.956E-21	82.0	45	CONVERGENT	SPV_1100	SPV_1101	45	CONVERGENT	SP_RS06090	SP_RS06095
IGR_D39V_0995	IGR_NC_003028.3_1069	32	0	1	32	1	32	4.657E-14	59.0	32	TANDEM(--)	SPV_1178	SPV_1179	32	TANDEM(--)	SP_RS06590	SP_RS06595
IGR_D39V_1027	IGR_NC_003028.3_1101	33	0	1	33	1	33	1.261E-14	61.0	33	TANDEM(--)	SPV_1217	SPV_2527	274	TANDEM(--)	SP_RS06785	SP_RS06790
IGR_D39V_1162	IGR_NC_003028.3_1234	33	0	1	33	1	33	1.261E-14	61.0	33	CONVERGENT	SPV_1393	SPV_1394	33	CONVERGENT	SP_RS07705	SP_RS07710
IGR_D39V_1322	IGR_NC_003028.3_1419	136	0	1	136	1	136	5.240E-73	245.0	136	TANDEM(--)	SPV_2391	SPV_1578	136	TANDEM(--)	SP_RS08870	SP_RS08875
IGR_D39V_1450	IGR_NC_003028.3_1561	64	0	1	64	1	64	3.272E-32	116.0	64	TANDEM(--)	SPV_1767	SPV_1768	64	TANDEM(--)	SP_RS09900	SP_RS09905
IGR_D39V_1104	IGR_NC_003028.3_1181	278	0	1	278	1	278	2.236E-153	500.0	278	CONVERGENT	SPV_1327	SPV_1328	278	CONVERGENT	SP_RS07380	SP_RS07385
IGR_D39V_1200	IGR_NC_003028.3_1282	81	0	1	81	60	140	7.542E-42	147.0	81	TANDEM(--)	SPV_2538	SPV_1440	140	TANDEM(--)	SP_RS08020	SP_RS08025
IGR_D39V_1556	IGR_NC_003028.3_1667	141	0	1	141	1	141	7.726E-76	254.0	141	DIVERGENT	SPV_1925	SPV_1926	141	DIVERGENT	SP_RS10690	SP_RS10695
IGR_D39V_1652	IGR_NC_003028.3_1765	65	0	1	65	1	65	8.868E-33	118.0	65	TANDEM(--)	SPV_2041	SPV_2042	78	TANDEM(--)	SP_RS11305	SP_RS11310
IGR_D39V_0775	IGR_NC_003028.3_0931	63	0	63	1	1	63	1.207E-31	114.0	63	TANDEM(++)	SPV_1025	SPV_1024	63	TANDEM(--)	SP_RS05720	SP_RS05725
IGR_D39V_0871	IGR_NC_003028.3_0826	61	0	61	1	1	61	1.644E-30	111.0	61	TANDEM(--)	SPV_0910	SPV_0909	61	TANDEM(++)	SP_RS05080	SP_RS05085
IGR_D39V_0935	IGR_NC_003028.3_0998	163	0	1	163	1	163	2.702E-88	294.0	163	TANDEM(--)	SPV_1109	SPV_1110	163	TANDEM(--)	SP_RS06135	SP_RS13410
IGR_D39V_0967	IGR_NC_003028.3_1031	71	0	1	71	1	71	3.516E-36	129.0	71	DIVERGENT	SPV_1144	SPV_1145	71	DIVERGENT	SP_RS06320	SP_RS06325
IGR_D39V_1167	IGR_NC_003028.3_1239	129	0	1	129	1	129	4.826E-69	233.0	129	TANDEM(--)	SPV_1401	SPV_1402	129	TANDEM(--)	SP_RS07745	SP_RS07750
IGR_D39V_1263	IGR_NC_003028.3_1346	80	0	1	80	1	80	2.782E-41	145.0	80	TANDEM(--)	SPV_1511	SPV_1512	80	TANDEM(--)	SP_RS08410	SP_RS08415
IGR_D39V_1359	IGR_NC_003028.3_1460	172	0	1	172	1	172	2.170E-93	310.0	172	TANDEM(--)	SPV_1620	SPV_1621	172	TANDEM(--)	SP_RS09115	SP_RS09120
IGR_D39V_1455	IGR_NC_003028.3_1566	74	0	1	74	1	74	7.004E-38	134.0	74	CONVERGENT	SPV_1773	SPV_1774	74	CONVERGENT	SP_RS09930	SP_RS09935
IGR_D39V_0875	IGR_NC_003028.3_0822	136	0	136	1	1	136	5.240E-73	245.0	136	TANDEM(++)	SPV_0903	SPV_0902	136	TANDEM(--)	SP_RS05045	SP_RS05050
IGR_D39V_0907	IGR_NC_003028.3_0968	127	0	1	127	1	127	6.550E-68	229.0	127	TANDEM(--)	SPV_1067	SPV_1068	127	TANDEM(--)	SP_RS05930	SP_RS05935
IGR_D39V_0971	IGR_NC_003028.3_1036	115	0	1	115	1	115	4.102E-61	208.0	115	TANDEM(--)	SPV_1151	SPV_1152	115	TANDEM(--)	SP_RS06360	SP_RS06365
IGR_D39V_1067	IGR_NC_003028.3_1134	159	0	1	159	1	159	4.968E-86	286.0	159	DIVERGENT	SPV_1262	SPV_1263	159	DIVERGENT	SP_RS07030	SP_RS07035
IGR_D39V_1083	IGR_NC_003028.3_1155	157	0	1	157	1	157	6.738E-85	283.0	157	TANDEM(--)	SPV_1290	SPV_1291	157	TANDEM(--)	SP_RS07180	SP_RS07185
IGR_D39V_1115	IGR_NC_003028.3_1193	34	0	1	34	1	34	3.413E-15	62.0	34	TANDEM(--)	SPV_1340	SPV_1341	34	TANDEM(--)	SP_RS07450	SP_RS07455
IGR_D39V_1179	IGR_NC_003028.3_1251	25	0	1	25	174	198	4.373E-10	46.0	25	TANDEM(--)	SPV_2536	SPV_1414	198	TANDEM(--)	SP_RS07815	SP_RS07820
IGR_D39V_1243	IGR_NC_003028.3_1326	96	0	1	96	1	96	2.382E-50	174.0	96	TANDEM(--)	SPV_1491	SPV_1492	96	TANDEM(--)	SP_RS08295	SP_RS08300
IGR_D39V_1351	IGR_NC_003028.3_1451	24	0	1	24	1	24	1.615E-09	45.0	24	TANDEM(--)	SPV_1609	SPV_1610	24	TANDEM(--)	SP_RS09060	SP_RS09065
IGR_D39V_1383	IGR_NC_003028.3_1487	116	0	1	116	92	207	1.113E-61	209.0	116	TANDEM(--)	SPV_2544	SPV_1662	207	TANDEM(--)	SP_RS09330	SP_RS09335
IGR_D39V_1447	IGR_NC_003028.3_1558	38	0	1	38	1	38	1.833E-17	70.0	38	TANDEM(--)	SPV_1762	SPV_1763	38	TANDEM(--)	SP_RS09870	SP_RS09875
IGR_D39V_1607	IGR_NC_003028.3_1009	31	0	1	31	1	31	7.643E-13	57.0	36	CONVERGENT	SPV_1983	SPV_1984	183	CONVERGENT	SP_RS13660	SP_RS06205
IGR_D39V_1607	IGR_NC_003028.3_0587	29	0	1	29	134	162	1.757E-11	53.0	36	CONVERGENT	SPV_1983	SPV_1984	209	CONVERGENT	SP_RS03550	SP_RS03555
IGR_D39V_1607	IGR_NC_003028.3_0051	28	0	28	1	1	28	8.270E-11	52.0	36	CONVERGENT	SPV_1983	SPV_1984	298	TANDEM(++)	SP_RS00355	SP_RS00360
IGR_D39V_1639	IGR_NC_003028.3_1752	118	0	1	118	1	118	8.198E-63	213.0	118	TANDEM(--)	SPV_2023	SPV_2024	118	TANDEM(--)	SP_RS11215	SP_RS11220
IGR_D39V_1437	IGR_NC_003028.3_1548	349	0	1	349	1	349	1.528E-193	627.0	349	TANDEM(++)	SPV_1749	SPV_1750	349	TANDEM(++)	SP_RS09800	SP_RS09805
IGR_D39V_1501	IGR_NC_003028.3_1610	113	0	1	113	1	113	5.571E-60	204.0	113	TANDEM(--)	SPV_1839	SPV_1840	113	TANDEM(--)	SP_RS10265	SP_RS10270
IGR_D39V_1538	IGR_NC_003028.3_1647	146	0	1	146	1	146	1.140E-78	263.0	146	TANDEM(--)	SPV_1902	SPV_1903	146	TANDEM(--)	SP_RS10570	SP_RS10575
IGR_D39V_1634	IGR_NC_003028.3_1749	82	0	1	82	1	82	2.045E-42	148.0	82	TANDEM(--)	SPV_2018	SPV_2019	82	TANDEM(--)	SP_RS11190	SP_RS11195
IGR_D39V_0003	IGR_NC_003028.3_0004	83	0	1	83	1	83	5.546E-43	150.0	83	TANDEM(++)	SPV_0003	SPV_0004	83	TANDEM(++)	SP_RS00015	SP_RS00020
IGR_D39V_0035	IGR_NC_003028.3_0040	24	0	1	24	1	24	1.615E-09	45.0	24	TANDEM(++)	SPV_0056	SPV_0057	24	TANDEM(++)	SP_RS00290	SP_RS00295
IGR_D39V_0067	IGR_NC_003028.3_0075	67	0	1	67	1	67	1.970E-33	122.0	71	CONVERGENT	SPV_0092	SPV_0093	177	CONVERGENT	SP_RS00485	SP_RS00490
IGR_D39V_1502	IGR_NC_003028.3_1611	111	0	1	111	1	111	7.565E-59	200.0	111	TANDEM(--)	SPV_1840	SPV_1841	111	TANDEM(--)	SP_RS10270	SP_RS10275
IGR_D39V_1534	IGR_NC_003028.3_1642	123	0	1	123	1	123	1.207E-65	222.0	123	TANDEM(--)	SPV_1896	SPV_1897	123	TANDEM(--)	SP_RS10540	SP_RS10545
IGR_D39V_1630	IGR_NC_003028.3_1745	158	0	1	158	1	158	1.830E-85	285.0	158	TANDEM(--)	SPV_2013	SPV_2014	158	TANDEM(--)	SP_RS11165	SP_RS11170
IGR_D39V_1662	IGR_NC_003028.3_1775	203	0	1	203	1	203	1.031E-110	365.0	205	DIVERGENT	SPV_2056	SPV_2057	205	DIVERGENT	SP_RS11380	SP_RS11385
IGR_D39V_0261	IGR_NC_003028.3_0248	117	0	1	117	1	117	1.437E-61	211.0	123	TANDEM(++)	SPV_0279	SPV_0280	117	TANDEM(++)	SP_RS01490	SP_RS01495
IGR_D39V_0517	IGR_NC_003028.3_0548	120	0	1	120	1	120	6.038E-64	216.0	120	DIVERGENT	SPV_0582	SPV_0583	120	DIVERGENT	SP_RS03290	SP_RS03295
IGR_D39V_1367	IGR_NC_003028.3_1472	45	0	1	45	1	45	1.956E-21	82.0	45	CONVERGENT	SPV_1635	SPV_1636	45	CONVERGENT	SP_RS09200	SP_RS09205
IGR_D39V_1431	IGR_NC_003028.3_1542	85	0	1	85	1	85	4.078E-44	154.0	85	TANDEM(--)	SPV_1743	SPV_1744	85	TANDEM(--)	SP_RS09770	SP_RS09775
IGR_D39V_1559	IGR_NC_003028.3_1670	151	0	1	151	1	151	1.681E-81	272.0	151	DIVERGENT	SPV_1928	SPV_1929	151	DIVERGENT	SP_RS10705	SP_RS10710
IGR_D39V_0943	IGR_NC_003028.3_1007	166	0	1	166	1	166	5.410E-90	299.0	166	TANDEM(--)	SPV_1120	SPV_1121	166	TANDEM(--)	SP_RS06195	SP_RS06200
IGR_D39V_1007	IGR_NC_003028.3_1082	28	0	1	28	1	28	8.675E-12	52.0	28	TANDEM(--)	SPV_1193	SPV_2331	66	TANDEM(--)	SP_RS06650	SP_RS13420
IGR_D39V_1039	IGR_NC_003028.3_1112	131	0	1	131	1	131	3.555E-70	236.0	131	TANDEM(--)	SPV_1232	SPV_2528	573	TANDEM(--)	SP_RS06865	SP_RS06870
IGR_D39V_1103	IGR_NC_003028.3_1180	110	0	1	110	1	110	2.788E-58	199.0	110	TANDEM(++)	SPV_1326	SPV_1327	110	TANDEM(++)	SP_RS07375	SP_RS07380
IGR_D39V_1135	IGR_NC_003028.3_1212	70	0	1	70	1	70	1.297E-35	127.0	70	TANDEM(--)	SPV_1363	SPV_1364	70	TANDEM(--)	SP_RS07555	SP_RS07560
IGR_D39V_0648	IGR_NC_003028.3_0687	135	0	1	135	1	135	1.930E-72	243.0	135	DIVERGENT	SPV_0745	SPV_0746	135	DIVERGENT	SP_RS04175	SP_RS04180
IGR_D39V_0712	IGR_NC_003028.3_0751	39	0	1	39	1	39	4.963E-18	71.0	39	TANDEM(++)	SPV_0826	SPV_0827	39	TANDEM(++)	SP_RS04625	SP_RS04630
IGR_D39V_0744	IGR_NC_003028.3_0786	72	0	1	72	1	72	9.531E-37	131.0	72	TANDEM(++)	SPV_0864	SPV_0865	72	TANDEM(++)	SP_RS04845	SP_RS04850
IGR_D39V_0904	IGR_NC_003028.3_0965	78	0	1	78	1	78	3.784E-40	141.0	78	TANDEM(--)	SPV_1060	SPV_1061	78	TANDEM(--)	SP_RS05895	SP_RS05900
IGR_D39V_0113	IGR_NC_003028.3_0097	39	0	1	39	102	140	4.963E-18	71.0	39	TANDEM(++)	SPV_2474	SPV_0128	140	TANDEM(++)	SP_RS00600	SP_RS00605
IGR_D39V_0145	IGR_NC_003028.3_0131	118	0	1	118	175	292	8.198E-63	213.0	118	CONVERGENT	SPV_2476	SPV_0161	292	CONVERGENT	SP_RS00815	SP_RS00820
IGR_D39V_0177	IGR_NC_003028.3_0163	24	0	1	24	1	24	1.615E-09	45.0	24	TANDEM(++)	SPV_0193	SPV_0194	24	TANDEM(++)	SP_RS01010	SP_RS01015
IGR_D39V_0758	IGR_NC_003028.3_0803	41	0	1	41	1	41	3.638E-19	75.0	41	TANDEM(++)	SPV_0883	SPV_0884	41	TANDEM(++)	SP_RS04945	SP_RS04950
IGR_D39V_0854	IGR_NC_003028.3_0839	61	0	61	1	1	61	1.644E-30	111.0	61	TANDEM(--)	SPV_0924	SPV_0923	61	TANDEM(++)	SP_RS05160	SP_RS05165
IGR_D39V_0886	IGR_NC_003028.3_0944	157	0	1	157	1	157	6.738E-85	283.0	157	TANDEM(--)	SPV_2297	SPV_1038	157	TANDEM(--)	SP_RS05785	SP_RS05790
IGR_D39V_0918	IGR_NC_003028.3_0980	90	0	1	90	1	90	5.983E-47	163.0	90	TANDEM(--)	SPV_1082	SPV_1083	90	TANDEM(--)	SP_RS06000	SP_RS06005
IGR_D39V_0958	IGR_NC_003028.3_1021	210	0	1	210	1	210	6.726E-115	378.0	210	TANDEM(--)	SPV_1134	SPV_1135	210	TANDEM(--)	SP_RS06265	SP_RS06270
IGR_D39V_1022	IGR_NC_003028.3_1096	50	0	1	50	188	237	2.850E-24	91.0	50	TANDEM(++)	SPV_2524	SPV_2525	354	TANDEM(--)	SP_RS06755	SP_RS13795
IGR_D39V_1118	IGR_NC_003028.3_1195	107	0	1	107	256	362	1.396E-56	193.0	107	TANDEM(--)	SPV_2533	SPV_2534	444	TANDEM(--)	SP_RS07460	SP_RS07465
