Sequence_ID	Locus_Tag	Position	Strand	Window_Size	GC_Content
TIGR4_NEG_SP_0001-857-f	SP_0001	857	+	81	40.74
TIGR4_NEG_SP_0001-1067-f	SP_0001	1067	+	81	35.8
TIGR4_NEG_SP_0002-1867-f	SP_0002	1867	+	81	25.93
TIGR4_NEG_SP_0002-2287-f	SP_0002	2287	+	81	35.8
TIGR4_NEG_SP_0006-5362-f	SP_0006	5362	+	81	33.33
TIGR4_NEG_SP_0006-7412-f	SP_0006	7412	+	81	37.04
TIGR4_NEG_SP_0010-10036-f	SP_0010	10036	+	81	30.86
TIGR4_NEG_SP_0011-11311-f	SP_0011	11311	+	81	34.57
TIGR4_NEG_SP_0013-13880-f	SP_0013	13880	+	81	41.98
TIGR4_NEG_SP_0019-23062-f	SP_0019	23062	+	81	39.51
TIGR4_NEG_SP_0019-23452-f	SP_0019	23452	+	81	41.98
TIGR4_NEG_SP_0026-28304-f	SP_0026	28304	+	81	33.33
TIGR4_NEG_SP_0032-32225-f	SP_0032	32225	+	81	40.74
TIGR4_NEG_SP_0032-33715-f	SP_0032	33715	+	81	35.8
TIGR4_NEG_SP_0035-36848-f	SP_0035	36848	+	81	48.15
TIGR4_NEG_SP_0042-41056-f	SP_0042	41056	+	81	45.68
TIGR4_NEG_SP_0043-44052-f	SP_0043	44052	+	81	40.74
TIGR4_NEG_SP_0043-44152-f	SP_0043	44152	+	81	43.21
TIGR4_NEG_SP_0045-45690-f	SP_0045	45690	+	81	51.85
TIGR4_NEG_SP_0045-46040-f	SP_0045	46040	+	81	45.68
TIGR4_NEG_SP_0045-46690-f	SP_0045	46690	+	81	50.62
TIGR4_NEG_SP_0045-47710-f	SP_0045	47710	+	81	46.91
TIGR4_NEG_SP_0045-48650-f	SP_0045	48650	+	81	48.15
TIGR4_NEG_SP_0045-48910-f	SP_0045	48910	+	81	38.27
TIGR4_NEG_SP_0050-53521-f	SP_0050	53521	+	81	45.68
TIGR4_NEG_SP_0051-55210-f	SP_0051	55210	+	81	53.09
TIGR4_NEG_SP_0056-58671-f	SP_0056	58671	+	81	49.38
TIGR4_NEG_SP_0057-61094-r	SP_0057	61094	-	81	45.68
TIGR4_NEG_SP_0058-64310-r	SP_0058	64310	-	81	33.33
TIGR4_NEG_SP_0060-65815-f	SP_0060	65815	+	81	46.91
TIGR4_NEG_SP_0065-70670-f	SP_0065	70670	+	81	35.8
TIGR4_NEG_SP_0071-74941-f	SP_0071	74941	+	81	53.09
TIGR4_NEG_SP_0071-75411-f	SP_0071	75411	+	81	35.8
TIGR4_NEG_SP_0071-77781-f	SP_0071	77781	+	81	37.04
TIGR4_NEG_SP_0082-87288-f	SP_0082	87288	+	81	50.62
TIGR4_NEG_SP_0082-87458-f	SP_0082	87458	+	81	45.68
TIGR4_NEG_SP_0096-98551-f	SP_0096	98551	+	81	43.21
TIGR4_NEG_SP_0101-103145-r	SP_0101	103145	-	81	49.38
TIGR4_NEG_SP_0103-104868-f	SP_0103	104868	+	81	38.27
TIGR4_NEG_SP_0112-114266-f	SP_0112	114266	+	81	41.98
TIGR4_NEG_SP_0113-114969-f	SP_0113	114969	+	81	37.04
TIGR4_NEG_SP_0120-122965-f	SP_0120	122965	+	81	50.62
TIGR4_NEG_SP_0120-124325-f	SP_0120	124325	+	81	49.38
TIGR4_NEG_SP_0124-127833-r	SP_0124	127833	-	81	39.51
TIGR4_NEG_SP_0137-135463-f	SP_0137	135463	+	81	33.33
TIGR4_NEG_SP_0137-136333-f	SP_0137	136333	+	81	33.33
TIGR4_NEG_SP_0144-142342-f	SP_0144	142342	+	81	43.21
TIGR4_NEG_SP_0153-150882-r	SP_0153	150882	-	81	49.38
TIGR4_NEG_SP_0156-153990-f	SP_0156	153990	+	81	40.74
TIGR4_NEG_SP_0159-156702-r	SP_0159	156702	-	81	49.38
TIGR4_NEG_SP_0159-156802-r	SP_0159	156802	-	81	40.74
TIGR4_NEG_SP_0161-158499-r	SP_0161	158499	-	81	46.91
TIGR4_NEG_SP_0176-169133-r	SP_0176	169133	-	81	29.63
TIGR4_NEG_SP_0182-173840-r	SP_0182	173840	-	81	49.38
TIGR4_NEG_SP_0184-175646-r	SP_0184	175646	-	81	40.74
TIGR4_NEG_SP_0186-177857-f	SP_0186	177857	+	81	43.21
TIGR4_NEG_SP_0199-186341-f	SP_0199	186341	+	81	38.27
TIGR4_NEG_SP_0200-187831-f	SP_0200	187831	+	81	32.1
TIGR4_NEG_SP_0200-188301-f	SP_0200	188301	+	81	50.62
TIGR4_NEG_SP_0202-189004-f	SP_0202	189004	+	81	34.57
TIGR4_NEG_SP_0212-195305-f	SP_0212	195305	+	81	43.21
TIGR4_NEG_SP_0229-202887-f	SP_0229	202887	+	81	38.27
TIGR4_NEG_SP_0230-203720-f	SP_0230	203720	+	81	30.86
TIGR4_NEG_SP_0247-217551-f	SP_0247	217551	+	81	35.8
TIGR4_NEG_SP_0250-219383-f	SP_0250	219383	+	81	34.57
TIGR4_NEG_SP_0254-225192-f	SP_0254	225192	+	81	48.15
TIGR4_NEG_SP_0259-231820-f	SP_0259	231820	+	81	41.98
TIGR4_NEG_SP_0261-233552-f	SP_0261	233552	+	81	49.38
TIGR4_NEG_SP_0265-238648-f	SP_0265	238648	+	81	34.57
TIGR4_NEG_SP_0266-239900-f	SP_0266	239900	+	81	50.62
TIGR4_NEG_SP_0266-240710-f	SP_0266	240710	+	81	45.68
TIGR4_NEG_SP_0268-246386-r	SP_0268	246386	-	81	41.98
TIGR4_NEG_SP_0274-251978-f	SP_0274	251978	+	81	37.04
TIGR4_NEG_SP_0274-252588-f	SP_0274	252588	+	81	50.62
TIGR4_NEG_SP_0274-253928-f	SP_0274	253928	+	81	38.27
TIGR4_NEG_SP_0274-254128-f	SP_0274	254128	+	81	51.85
TIGR4_NEG_SP_0278-256460-f	SP_0278	256460	+	81	46.91
TIGR4_NEG_SP_0282-260559-r	SP_0282	260559	-	81	50.62
TIGR4_NEG_SP_0289-268051-f	SP_0289	268051	+	81	41.98
TIGR4_NEG_SP_0290-269277-f	SP_0290	269277	+	81	41.98
TIGR4_NEG_SP_0298-274793-r	SP_0298	274793	-	81	37.04
TIGR4_NEG_SP_0314-289280-f	SP_0314	289280	+	81	41.98
TIGR4_NEG_SP_0314-289790-f	SP_0314	289790	+	81	40.74
TIGR4_NEG_SP_0330-303433-f	SP_0330	303433	+	81	41.98
TIGR4_NEG_SP_0332-304699-r	SP_0332	304699	-	81	43.21
TIGR4_NEG_SP_0336-307370-f	SP_0336	307370	+	81	41.98
TIGR4_NEG_SP_0337-309174-f	SP_0337	309174	+	81	39.51
TIGR4_NEG_SP_0338-311923-f	SP_0338	311923	+	81	41.98
TIGR4_NEG_SP_0338-312483-f	SP_0338	312483	+	81	45.68
TIGR4_NEG_SP_0338-312723-f	SP_0338	312723	+	81	40.74
TIGR4_NEG_SP_0346-320737-f	SP_0346	320737	+	81	40.74
TIGR4_NEG_SP_0346-320837-f	SP_0346	320837	+	81	43.21
TIGR4_NEG_SP_0347-321834-f	SP_0347	321834	+	81	39.51
TIGR4_NEG_SP_0348-322514-f	SP_0348	322514	+	81	37.04
TIGR4_NEG_SP_0368-341973-f	SP_0368	341973	+	81	34.57
TIGR4_NEG_SP_0368-342383-f	SP_0368	342383	+	81	48.15
TIGR4_NEG_SP_0368-343243-f	SP_0368	343243	+	81	41.98
TIGR4_NEG_SP_0369-348163-r	SP_0369	348163	-	81	37.04
TIGR4_NEG_SP_0369-348813-r	SP_0369	348813	-	81	37.04
TIGR4_NEG_SP_0373-351213-f	SP_0373	351213	+	81	44.44
TIGR4_NEG_SP_0384-364309-f	SP_0384	364309	+	81	45.68
TIGR4_NEG_SP_0391-369981-f	SP_0391	369981	+	81	38.27
TIGR4_NEG_SP_0394-372520-f	SP_0394	372520	+	81	48.15
TIGR4_NEG_SP_0394-372920-f	SP_0394	372920	+	81	44.44
TIGR4_NEG_SP_0394-373540-f	SP_0394	373540	+	81	34.57
TIGR4_NEG_SP_0394-373800-f	SP_0394	373800	+	81	41.98
TIGR4_NEG_SP_0400-379211-f	SP_0400	379211	+	81	38.27
TIGR4_NEG_SP_0400-379581-f	SP_0400	379581	+	81	40.74
TIGR4_NEG_SP_0401-379992-r	SP_0401	379992	-	81	43.21
TIGR4_NEG_SP_0401-381612-r	SP_0401	381612	-	81	40.74
TIGR4_NEG_SP_0406-385754-f	SP_0406	385754	+	81	49.38
TIGR4_NEG_SP_0406-386404-f	SP_0406	386404	+	81	45.68
TIGR4_NEG_SP_0408-388213-f	SP_0408	388213	+	81	44.44
TIGR4_NEG_SP_0409-389483-f	SP_0409	389483	+	81	37.04
TIGR4_NEG_SP_0410-390611-f	SP_0410	390611	+	81	44.44
TIGR4_NEG_SP_0411-391205-r	SP_0411	391205	-	81	50.62
TIGR4_NEG_SP_0411-391765-r	SP_0411	391765	-	81	38.27
TIGR4_NEG_SP_0413-393186-r	SP_0413	393186	-	81	46.91
TIGR4_NEG_SP_0413-393496-r	SP_0413	393496	-	81	41.98
TIGR4_NEG_SP_0436-409899-r	SP_0436	409899	-	81	46.91
TIGR4_NEG_SP_0437-411541-r	SP_0437	411541	-	81	48.15
TIGR4_NEG_SP_0445-417989-f	SP_0445	417989	+	81	38.27
TIGR4_NEG_SP_0445-418439-f	SP_0445	418439	+	81	39.51
TIGR4_NEG_SP_0454-427085-f	SP_0454	427085	+	81	35.8
TIGR4_NEG_SP_0457-430507-f	SP_0457	430507	+	81	39.51
TIGR4_NEG_SP_0459-432938-f	SP_0459	432938	+	81	43.21
TIGR4_NEG_SP_0459-433198-f	SP_0459	433198	+	81	32.1
TIGR4_NEG_SP_0460-434860-r	SP_0460	434860	-	81	41.98
TIGR4_NEG_SP_0460-435060-r	SP_0460	435060	-	81	35.8
TIGR4_NEG_SP_0462-439948-f	SP_0462	439948	+	81	38.27
TIGR4_NEG_SP_0462-440638-f	SP_0462	440638	+	81	35.8
TIGR4_NEG_SP_0463-441632-f	SP_0463	441632	+	81	34.57
TIGR4_NEG_SP_0463-441962-f	SP_0463	441962	+	81	39.51
TIGR4_NEG_SP_0463-441992-f	SP_0463	441992	+	81	35.8
TIGR4_NEG_SP_0466-445035-f	SP_0466	445035	+	81	46.91
TIGR4_NEG_SP_0469-448098-r	SP_0469	448098	-	81	37.04
TIGR4_NEG_SP_0469-448388-r	SP_0469	448388	-	81	33.33
TIGR4_NEG_SP_0479-460248-r	SP_0479	460248	-	81	40.74
TIGR4_NEG_SP_0480-461221-r	SP_0480	461221	-	81	40.74
TIGR4_NEG_SP_0483-465325-f	SP_0483	465325	+	81	40.74
TIGR4_NEG_SP_0496-474895-r	SP_0496	474895	-	81	43.21
TIGR4_NEG_SP_0496-475635-r	SP_0496	475635	-	81	44.44
TIGR4_NEG_SP_0496-475985-r	SP_0496	475985	-	81	48.15
TIGR4_NEG_SP_0498-476659-f	SP_0498	476659	+	81	44.44
TIGR4_NEG_SP_0498-477049-f	SP_0498	477049	+	81	33.33
TIGR4_NEG_SP_0498-477099-f	SP_0498	477099	+	81	49.38
TIGR4_NEG_SP_0498-477949-f	SP_0498	477949	+	81	30.86
TIGR4_NEG_SP_0498-478649-f	SP_0498	478649	+	81	40.74
TIGR4_NEG_SP_0498-479689-f	SP_0498	479689	+	81	45.68
TIGR4_NEG_SP_0499-482228-f	SP_0499	482228	+	81	40.74
TIGR4_NEG_SP_0499-482508-f	SP_0499	482508	+	81	44.44
TIGR4_NEG_SP_0500-483080-f	SP_0500	483080	+	81	41.98
TIGR4_NEG_SP_0506-487781-f	SP_0506	487781	+	81	32.1
TIGR4_NEG_SP_0508-489452-r	SP_0508	489452	-	81	27.16
TIGR4_NEG_SP_0509-491160-r	SP_0509	491160	-	81	48.15
TIGR4_NEG_SP_0510-492406-r	SP_0510	492406	-	81	44.44
TIGR4_NEG_SP_0517-497785-f	SP_0517	497785	+	81	46.91
TIGR4_NEG_SP_0517-497965-f	SP_0517	497965	+	81	44.44
TIGR4_NEG_SP_0517-498495-f	SP_0517	498495	+	81	46.91
TIGR4_NEG_SP_0523-503506-f	SP_0523	503506	+	81	37.04
TIGR4_NEG_SP_0523-504066-f	SP_0523	504066	+	81	49.38
TIGR4_NEG_SP_0527-507122-f	SP_0527	507122	+	81	39.51
TIGR4_NEG_SP_0556-524254-f	SP_0556	524254	+	81	37.04
TIGR4_NEG_SP_0556-524644-f	SP_0556	524644	+	81	50.62
TIGR4_NEG_SP_0556-525464-f	SP_0556	525464	+	81	51.85
TIGR4_NEG_SP_0557-526271-f	SP_0557	526271	+	81	45.68
TIGR4_NEG_SP_0568-533805-f	SP_0568	533805	+	81	50.62
TIGR4_NEG_SP_0568-533865-f	SP_0568	533865	+	81	51.85
TIGR4_NEG_SP_0568-534175-f	SP_0568	534175	+	81	49.38
TIGR4_NEG_SP_0568-534765-f	SP_0568	534765	+	81	50.62
TIGR4_NEG_SP_0570-535912-f	SP_0570	535912	+	81	29.63
TIGR4_NEG_SP_0570-536082-f	SP_0570	536082	+	81	30.86
TIGR4_NEG_SP_0570-536652-f	SP_0570	536652	+	81	28.4
TIGR4_NEG_SP_0570-536662-f	SP_0570	536662	+	81	28.4
TIGR4_NEG_SP_0574-540192-f	SP_0574	540192	+	81	41.98
TIGR4_NEG_SP_0578-547182-f	SP_0578	547182	+	81	30.86
TIGR4_NEG_SP_0581-549961-f	SP_0581	549961	+	81	39.51
TIGR4_NEG_SP_0581-550941-f	SP_0581	550941	+	81	40.74
TIGR4_NEG_SP_0583-553171-f	SP_0583	553171	+	81	48.15
TIGR4_NEG_SP_0585-554379-f	SP_0585	554379	+	81	50.62
TIGR4_NEG_SP_0585-554749-f	SP_0585	554749	+	81	37.04
TIGR4_NEG_SP_0585-555319-f	SP_0585	555319	+	81	39.51
TIGR4_NEG_SP_0589-560262-f	SP_0589	560262	+	81	51.85
TIGR4_NEG_SP_0591-562697-f	SP_0591	562697	+	81	43.21
TIGR4_NEG_SP_0593-563693-f	SP_0593	563693	+	81	45.68
TIGR4_NEG_SP_0605-571914-f	SP_0605	571914	+	81	38.27
TIGR4_NEG_SP_0605-572094-f	SP_0605	572094	+	81	49.38
TIGR4_NEG_SP_0613-580819-f	SP_0613	580819	+	81	43.21
TIGR4_NEG_SP_0614-582109-f	SP_0614	582109	+	81	41.98
TIGR4_NEG_SP_0616-583745-f	SP_0616	583745	+	81	43.21
TIGR4_NEG_SP_0618-586847-f	SP_0618	586847	+	81	48.15
TIGR4_NEG_SP_0618-586907-f	SP_0618	586907	+	81	43.21
TIGR4_NEG_SP_0619-587921-f	SP_0619	587921	+	81	35.8
TIGR4_NEG_SP_0620-588956-r	SP_0620	588956	-	81	41.98
TIGR4_NEG_SP_0626-593030-f	SP_0626	593030	+	81	43.21
TIGR4_NEG_SP_0626-593450-f	SP_0626	593450	+	81	33.33
TIGR4_NEG_SP_0627-594458-f	SP_0627	594458	+	81	51.85
TIGR4_NEG_SP_0648-615712-f	SP_0648	615712	+	81	40.74
TIGR4_NEG_SP_0648-615822-f	SP_0648	615822	+	81	35.8
TIGR4_NEG_SP_0648-618032-f	SP_0648	618032	+	81	45.68
TIGR4_NEG_SP_0648-620542-f	SP_0648	620542	+	81	49.38
TIGR4_NEG_SP_0648-620612-f	SP_0648	620612	+	81	41.98
TIGR4_NEG_SP_0648-621032-f	SP_0648	621032	+	81	44.44
TIGR4_NEG_SP_0648-621572-f	SP_0648	621572	+	81	41.98
TIGR4_NEG_SP_0662-632619-f	SP_0662	632619	+	81	45.68
TIGR4_NEG_SP_0664-637021-f	SP_0664	637021	+	81	28.4
TIGR4_NEG_SP_0664-637801-f	SP_0664	637801	+	81	33.33
TIGR4_NEG_SP_0664-638931-f	SP_0664	638931	+	81	33.33
TIGR4_NEG_SP_0665-640952-f	SP_0665	640952	+	81	40.74
TIGR4_NEG_SP_0672-647287-f	SP_0672	647287	+	81	45.68
TIGR4_NEG_SP_0676-651345-r	SP_0676	651345	-	81	43.21
TIGR4_NEG_SP_0681-654319-f	SP_0681	654319	+	81	49.38
TIGR4_NEG_SP_0686-657017-f	SP_0686	657017	+	81	34.57
TIGR4_NEG_SP_0686-657427-f	SP_0686	657427	+	81	39.51
TIGR4_NEG_SP_0688-660305-f	SP_0688	660305	+	81	46.91
TIGR4_NEG_SP_0689-661419-f	SP_0689	661419	+	81	48.15
TIGR4_NEG_SP_0696-665336-f	SP_0696	665336	+	81	32.1
TIGR4_NEG_SP_0704-670857-f	SP_0704	670857	+	81	29.63
TIGR4_NEG_SP_0711-675871-r	SP_0711	675871	-	81	44.44
TIGR4_NEG_SP_0723-688386-f	SP_0723	688386	+	81	44.44
TIGR4_NEG_SP_0726-690878-r	SP_0726	690878	-	81	40.74
TIGR4_NEG_SP_0729-692912-f	SP_0729	692912	+	81	48.15
TIGR4_NEG_SP_0729-694062-f	SP_0729	694062	+	81	39.51
TIGR4_NEG_SP_0737-700254-r	SP_0737	700254	-	81	43.21
TIGR4_NEG_SP_0741-703413-r	SP_0741	703413	-	81	43.21
TIGR4_NEG_SP_0742-704407-r	SP_0742	704407	-	81	39.51
TIGR4_NEG_SP_0746-707072-f	SP_0746	707072	+	81	43.21
TIGR4_NEG_SP_0746-707232-f	SP_0746	707232	+	81	46.91
TIGR4_NEG_SP_0753-712001-f	SP_0753	712001	+	81	48.15
TIGR4_NEG_SP_0753-712481-f	SP_0753	712481	+	81	41.98
TIGR4_NEG_SP_0754-713409-f	SP_0754	713409	+	81	34.57
TIGR4_NEG_SP_0758-717613-f	SP_0758	717613	+	81	40.74
TIGR4_NEG_SP_0762-722378-f	SP_0762	722378	+	81	48.15
TIGR4_NEG_SP_0764-723441-f	SP_0764	723441	+	81	39.51
TIGR4_NEG_SP_0768-727514-f	SP_0768	727514	+	81	35.8
TIGR4_NEG_SP_0768-727634-f	SP_0768	727634	+	81	45.68
TIGR4_NEG_SP_0770-728593-f	SP_0770	728593	+	81	43.21
TIGR4_NEG_SP_0777-733106-f	SP_0777	733106	+	81	32.1
TIGR4_NEG_SP_0781-735403-r	SP_0781	735403	-	81	37.04
TIGR4_NEG_SP_0784-737445-r	SP_0784	737445	-	81	49.38
TIGR4_NEG_SP_0787-740762-f	SP_0787	740762	+	81	35.8
TIGR4_NEG_SP_0788-742685-f	SP_0788	742685	+	81	39.51
TIGR4_NEG_SP_0793-746753-f	SP_0793	746753	+	81	45.68
TIGR4_NEG_SP_0797-749587-f	SP_0797	749587	+	81	40.74
TIGR4_NEG_SP_0797-751167-f	SP_0797	751167	+	81	44.44
TIGR4_NEG_SP_0797-751547-f	SP_0797	751547	+	81	50.62
TIGR4_NEG_SP_0800-754014-r	SP_0800	754014	-	81	37.04
TIGR4_NEG_SP_0802-756700-f	SP_0802	756700	+	81	41.98
TIGR4_NEG_SP_0806-760968-f	SP_0806	760968	+	81	39.51
TIGR4_NEG_SP_0820-770298-r	SP_0820	770298	-	81	37.04
TIGR4_NEG_SP_0820-770528-r	SP_0820	770528	-	81	43.21
TIGR4_NEG_SP_0820-771118-r	SP_0820	771118	-	81	41.98
TIGR4_NEG_SP_0825-775061-f	SP_0825	775061	+	81	43.21
TIGR4_NEG_SP_0825-775461-f	SP_0825	775461	+	81	51.85
TIGR4_NEG_SP_0831-780817-f	SP_0831	780817	+	81	44.44
TIGR4_NEG_SP_0835-784173-f	SP_0835	784173	+	81	46.91
TIGR4_NEG_SP_0836-784953-r	SP_0836	784953	-	81	35.8
TIGR4_NEG_SP_0836-785143-r	SP_0836	785143	-	81	38.27
TIGR4_NEG_SP_0839-787210-r	SP_0839	787210	-	81	41.98
TIGR4_NEG_SP_0845-791730-f	SP_0845	791730	+	81	37.04
TIGR4_NEG_SP_0847-794164-f	SP_0847	794164	+	81	39.51
TIGR4_NEG_SP_0852-798857-f	SP_0852	798857	+	81	37.04
TIGR4_NEG_SP_0852-799147-f	SP_0852	799147	+	81	48.15
TIGR4_NEG_SP_0852-799557-f	SP_0852	799557	+	81	44.44
TIGR4_NEG_SP_0852-799567-f	SP_0852	799567	+	81	46.91
TIGR4_NEG_SP_0865-812694-f	SP_0865	812694	+	81	43.21
TIGR4_NEG_SP_0872-819032-r	SP_0872	819032	-	81	46.91
TIGR4_NEG_SP_0873-820956-f	SP_0873	820956	+	81	30.86
TIGR4_NEG_SP_0873-821066-f	SP_0873	821066	+	81	41.98
TIGR4_NEG_SP_0875-822897-f	SP_0875	822897	+	81	35.8
TIGR4_NEG_SP_0886-835735-f	SP_0886	835735	+	81	32.1
TIGR4_NEG_SP_0886-836025-f	SP_0886	836025	+	81	44.44
TIGR4_NEG_SP_0890-838556-f	SP_0890	838556	+	81	32.1
TIGR4_NEG_SP_0892-840315-f	SP_0892	840315	+	81	37.04
TIGR4_NEG_SP_0892-842755-f	SP_0892	842755	+	81	45.68
TIGR4_NEG_SP_0892-842855-f	SP_0892	842855	+	81	33.33
TIGR4_NEG_SP_0908-861109-f	SP_0908	861109	+	81	44.44
TIGR4_NEG_SP_0912-864897-f	SP_0912	864897	+	81	41.98
TIGR4_NEG_SP_0913-866547-f	SP_0913	866547	+	81	37.04
TIGR4_NEG_SP_0923-877803-r	SP_0923	877803	-	81	39.51
TIGR4_NEG_SP_0923-878263-r	SP_0923	878263	-	81	41.98
TIGR4_NEG_SP_0930-882728-f	SP_0930	882728	+	81	33.33
TIGR4_NEG_SP_0932-886301-f	SP_0932	886301	+	81	46.91
TIGR4_NEG_SP_0950-898969-f	SP_0950	898969	+	81	29.63
TIGR4_NEG_SP_0955-903746-f	SP_0955	903746	+	81	37.04
TIGR4_NEG_SP_0955-904496-f	SP_0955	904496	+	81	41.98
TIGR4_NEG_SP_0955-904566-f	SP_0955	904566	+	81	43.21
TIGR4_NEG_SP_0958-906287-f	SP_0958	906287	+	81	43.21
TIGR4_NEG_SP_0965-911435-f	SP_0965	911435	+	81	39.51
TIGR4_NEG_SP_0965-912145-f	SP_0965	912145	+	81	38.27
TIGR4_NEG_SP_0965-912165-f	SP_0965	912165	+	81	39.51
TIGR4_NEG_SP_0965-912365-f	SP_0965	912365	+	81	37.04
TIGR4_NEG_SP_0969-915929-f	SP_0969	915929	+	81	46.91
TIGR4_NEG_SP_0969-916089-f	SP_0969	916089	+	81	40.74
TIGR4_NEG_SP_0975-920786-f	SP_0975	920786	+	81	49.38
TIGR4_NEG_SP_0975-921116-f	SP_0975	921116	+	81	45.68
TIGR4_NEG_SP_0987-931495-r	SP_0987	931495	-	81	43.21
TIGR4_NEG_SP_0987-931765-r	SP_0987	931765	-	81	37.04
TIGR4_NEG_SP_0994-936757-f	SP_0994	936757	+	81	40.74
TIGR4_NEG_SP_0999-940506-f	SP_0999	940506	+	81	30.86
TIGR4_NEG_SP_1001-942045-f	SP_1001	942045	+	81	48.15
TIGR4_NEG_SP_1004-947693-f	SP_1004	947693	+	81	41.98
TIGR4_NEG_SP_1004-947903-f	SP_1004	947903	+	81	44.44
TIGR4_NEG_SP_1004-949143-f	SP_1004	949143	+	81	40.74
TIGR4_NEG_SP_1014-958393-f	SP_1014	958393	+	81	48.15
TIGR4_NEG_SP_1014-958893-f	SP_1014	958893	+	81	44.44
TIGR4_NEG_SP_1016-960858-r	SP_1016	960858	-	81	40.74
TIGR4_NEG_SP_1016-960938-r	SP_1016	960938	-	81	45.68
TIGR4_NEG_SP_1027-969597-f	SP_1027	969597	+	81	37.04
TIGR4_NEG_SP_1027-969787-f	SP_1027	969787	+	81	44.44
TIGR4_NEG_SP_1029-971345-f	SP_1029	971345	+	81	40.74
TIGR4_NEG_SP_1032-974286-f	SP_1032	974286	+	81	40.74
TIGR4_NEG_SP_1040-979533-f	SP_1040	979533	+	81	32.1
TIGR4_NEG_SP_1052-989397-f	SP_1052	989397	+	81	28.4
TIGR4_NEG_SP_1057-994204-f	SP_1057	994204	+	81	27.16
TIGR4_NEG_SP_1083-1019108-f	SP_1083	1019108	+	81	43.21
TIGR4_NEG_SP_1087-1022745-f	SP_1087	1022745	+	81	53.09
TIGR4_NEG_SP_1087-1024275-f	SP_1087	1024275	+	81	38.27
TIGR4_NEG_SP_1087-1024395-f	SP_1087	1024395	+	81	40.74
TIGR4_NEG_SP_1094-1028182-r	SP_1094	1028182	-	81	44.44
TIGR4_NEG_SP_1094-1028412-r	SP_1094	1028412	-	81	41.98
TIGR4_NEG_SP_1095-1029027-r	SP_1095	1029027	-	81	41.98
TIGR4_NEG_SP_1101-1034342-r	SP_1101	1034342	-	81	35.8
TIGR4_NEG_SP_1104-1036700-f	SP_1104	1036700	+	81	46.91
TIGR4_NEG_SP_1104-1036710-f	SP_1104	1036710	+	81	41.98
TIGR4_NEG_SP_1114-1044000-f	SP_1114	1044000	+	81	44.44
TIGR4_NEG_SP_1116-1046627-f	SP_1116	1046627	+	81	34.57
TIGR4_NEG_SP_1118-1050828-f	SP_1118	1050828	+	81	46.91
TIGR4_NEG_SP_1124-1059005-f	SP_1124	1059005	+	81	48.15
TIGR4_NEG_SP_1124-1059025-f	SP_1124	1059025	+	81	46.91
TIGR4_NEG_SP_1124-1059105-f	SP_1124	1059105	+	81	45.68
TIGR4_NEG_SP_1129-1064001-r	SP_1129	1064001	-	81	38.27
TIGR4_NEG_SP_1142-1070828-f	SP_1142	1070828	+	81	37.04
TIGR4_NEG_SP_1145-1072971-f	SP_1145	1072971	+	81	32.1
TIGR4_NEG_SP_1151-1075777-f	SP_1151	1075777	+	81	40.74
TIGR4_NEG_SP_1151-1076067-f	SP_1151	1076067	+	81	44.44
TIGR4_NEG_SP_1151-1076747-f	SP_1151	1076747	+	81	39.51
TIGR4_NEG_SP_1151-1078007-f	SP_1151	1078007	+	81	48.15
TIGR4_NEG_SP_1152-1078949-f	SP_1152	1078949	+	81	48.15
TIGR4_NEG_SP_1152-1079289-f	SP_1152	1079289	+	81	38.27
TIGR4_NEG_SP_1152-1079369-f	SP_1152	1079369	+	81	40.74
TIGR4_NEG_SP_1152-1079479-f	SP_1152	1079479	+	81	53.09
TIGR4_NEG_SP_1152-1080489-f	SP_1152	1080489	+	81	46.91
TIGR4_NEG_SP_1152-1081059-f	SP_1152	1081059	+	81	39.51
TIGR4_NEG_SP_1154-1083961-f	SP_1154	1083961	+	81	35.8
TIGR4_NEG_SP_1154-1084511-f	SP_1154	1084511	+	81	34.57
TIGR4_NEG_SP_1154-1085301-f	SP_1154	1085301	+	81	40.74
TIGR4_NEG_SP_1154-1087561-f	SP_1154	1087561	+	81	39.51
TIGR4_NEG_SP_1154-1088121-f	SP_1154	1088121	+	81	39.51
TIGR4_NEG_SP_1154-1088411-f	SP_1154	1088411	+	81	45.68
TIGR4_NEG_SP_1160-1095784-r	SP_1160	1095784	-	81	49.38
TIGR4_NEG_SP_1160-1095874-r	SP_1160	1095874	-	81	45.68
TIGR4_NEG_SP_1163-1099597-r	SP_1163	1099597	-	81	39.51
TIGR4_NEG_SP_1167-1103213-r	SP_1167	1103213	-	81	41.98
TIGR4_NEG_SP_1174-1108418-r	SP_1174	1108418	-	81	45.68
TIGR4_NEG_SP_1175-1111405-r	SP_1175	1111405	-	81	40.74
TIGR4_NEG_SP_1175-1111445-r	SP_1175	1111445	-	81	43.21
TIGR4_NEG_SP_1175-1111455-r	SP_1175	1111455	-	81	43.21
TIGR4_NEG_SP_1176-1114128-r	SP_1176	1114128	-	81	50.62
TIGR4_NEG_SP_1176-1114448-r	SP_1176	1114448	-	81	44.44
TIGR4_NEG_SP_1179-1117020-f	SP_1179	1117020	+	81	34.57
TIGR4_NEG_SP_1179-1117500-f	SP_1179	1117500	+	81	43.21
TIGR4_NEG_SP_1180-1118787-f	SP_1180	1118787	+	81	46.91
TIGR4_NEG_SP_1182-1120187-f	SP_1182	1120187	+	81	30.86
TIGR4_NEG_SP_1182-1120237-f	SP_1182	1120237	+	81	34.57
TIGR4_NEG_SP_1191-1128199-r	SP_1191	1128199	-	81	37.04
TIGR4_NEG_SP_1200-1133664-r	SP_1200	1133664	-	81	45.68
TIGR4_NEG_SP_1200-1134074-r	SP_1200	1134074	-	81	50.62
TIGR4_NEG_SP_1201-1134796-r	SP_1201	1134796	-	81	44.44
TIGR4_NEG_SP_1201-1135046-r	SP_1201	1135046	-	81	44.44
TIGR4_NEG_SP_1207-1139854-r	SP_1207	1139854	-	81	41.98
TIGR4_NEG_SP_1213-1143699-r	SP_1213	1143699	-	81	40.74
TIGR4_NEG_SP_1213-1143749-r	SP_1213	1143749	-	81	44.44
TIGR4_NEG_SP_1215-1146106-r	SP_1215	1146106	-	81	35.8
TIGR4_NEG_SP_1219-1148090-r	SP_1219	1148090	-	81	41.98
TIGR4_NEG_SP_1221-1151448-r	SP_1221	1151448	-	81	30.86
TIGR4_NEG_SP_1221-1151488-r	SP_1221	1151488	-	81	37.04
TIGR4_NEG_SP_1221-1152698-r	SP_1221	1152698	-	81	37.04
TIGR4_NEG_SP_1221-1152898-r	SP_1221	1152898	-	81	39.51
TIGR4_NEG_SP_1221-1153878-r	SP_1221	1153878	-	81	38.27
TIGR4_NEG_SP_1222-1155897-r	SP_1222	1155897	-	81	32.1
TIGR4_NEG_SP_1225-1157662-r	SP_1225	1157662	-	81	43.21
TIGR4_NEG_SP_1227-1159525-r	SP_1227	1159525	-	81	45.68
TIGR4_NEG_SP_1229-1162358-r	SP_1229	1162358	-	81	49.38
TIGR4_NEG_SP_1237-1167850-r	SP_1237	1167850	-	81	30.86
TIGR4_NEG_SP_1241-1172851-f	SP_1241	1172851	+	81	38.27
TIGR4_NEG_SP_1243-1175225-f	SP_1243	1175225	+	81	53.09
TIGR4_NEG_SP_1244-1176498-r	SP_1244	1176498	-	81	51.85
TIGR4_NEG_SP_1244-1176938-r	SP_1244	1176938	-	81	44.44
TIGR4_NEG_SP_1244-1177098-r	SP_1244	1177098	-	81	38.27
TIGR4_NEG_SP_1247-1180680-r	SP_1247	1180680	-	81	45.68
TIGR4_NEG_SP_1251-1187200-r	SP_1251	1187200	-	81	28.4
TIGR4_NEG_SP_1262-1194574-f	SP_1262	1194574	+	81	43.21
TIGR4_NEG_SP_1262-1194804-f	SP_1262	1194804	+	81	35.8
TIGR4_NEG_SP_1263-1195705-r	SP_1263	1195705	-	81	44.44
TIGR4_NEG_SP_1270-1203453-r	SP_1270	1203453	-	81	49.38
TIGR4_NEG_SP_1274-1207285-f	SP_1274	1207285	+	81	37.04
TIGR4_NEG_SP_1275-1209469-r	SP_1275	1209469	-	81	40.74
TIGR4_NEG_SP_1287-1222810-r	SP_1287	1222810	-	81	49.38
TIGR4_NEG_SP_1287-1222830-r	SP_1287	1222830	-	81	43.21
TIGR4_NEG_SP_1290-1224675-f	SP_1290	1224675	+	81	54.32
TIGR4_NEG_SP_1290-1225165-f	SP_1290	1225165	+	81	48.15
TIGR4_NEG_SP_1292-1226971-f	SP_1292	1226971	+	81	27.16
TIGR4_NEG_SP_1299-1231130-f	SP_1299	1231130	+	81	48.15
TIGR4_NEG_SP_1336-1259105-r	SP_1336	1259105	-	81	44.44
TIGR4_NEG_SP_1337-1260750-r	SP_1337	1260750	-	81	44.44
TIGR4_NEG_SP_1343-1266678-r	SP_1343	1266678	-	81	37.04
TIGR4_NEG_SP_1343-1267478-r	SP_1343	1267478	-	81	25.93
TIGR4_NEG_SP_1344-1268721-r	SP_1344	1268721	-	81	25.93
TIGR4_NEG_SP_1357-1278928-r	SP_1357	1278928	-	81	40.74
TIGR4_NEG_SP_1358-1280661-r	SP_1358	1280661	-	81	43.21
TIGR4_NEG_SP_1359-1281023-r	SP_1359	1281023	-	81	45.68
TIGR4_NEG_SP_1360-1282666-r	SP_1360	1282666	-	81	44.44
TIGR4_NEG_SP_1360-1282796-r	SP_1360	1282796	-	81	53.09
TIGR4_NEG_SP_1361-1283547-r	SP_1361	1283547	-	81	45.68
TIGR4_NEG_SP_1363-1285821-r	SP_1363	1285821	-	81	33.33
TIGR4_NEG_SP_1371-1294793-r	SP_1371	1294793	-	81	41.98
TIGR4_NEG_SP_1372-1295298-r	SP_1372	1295298	-	81	39.51
TIGR4_NEG_SP_1374-1297090-r	SP_1374	1297090	-	81	49.38
TIGR4_NEG_SP_1374-1297270-r	SP_1374	1297270	-	81	53.09
TIGR4_NEG_SP_1375-1298746-r	SP_1375	1298746	-	81	46.91
TIGR4_NEG_SP_1382-1305233-f	SP_1382	1305233	+	81	48.15
TIGR4_NEG_SP_1383-1306717-r	SP_1383	1306717	-	81	43.21
TIGR4_NEG_SP_1396-1319994-r	SP_1396	1319994	-	81	45.68
TIGR4_NEG_SP_1398-1321599-r	SP_1398	1321599	-	81	51.85
TIGR4_NEG_SP_1399-1322653-r	SP_1399	1322653	-	81	43.21
TIGR4_NEG_SP_1400-1323740-r	SP_1400	1323740	-	81	50.62
TIGR4_NEG_SP_1402-1325132-r	SP_1402	1325132	-	81	51.85
TIGR4_NEG_SP_1402-1325342-r	SP_1402	1325342	-	81	48.15
TIGR4_NEG_SP_1420-1340889-r	SP_1420	1340889	-	81	50.62
TIGR4_NEG_SP_1429-1347667-r	SP_1429	1347667	-	81	44.44
TIGR4_NEG_SP_1438-1357978-f	SP_1438	1357978	+	81	34.57
TIGR4_NEG_SP_1449-1369486-r	SP_1449	1369486	-	81	38.27
TIGR4_NEG_SP_1451-1370722-r	SP_1451	1370722	-	81	46.91
TIGR4_NEG_SP_1461-1376713-r	SP_1461	1376713	-	81	48.15
TIGR4_NEG_SP_1472-1385130-f	SP_1472	1385130	+	81	43.21
TIGR4_NEG_SP_1472-1385630-f	SP_1472	1385630	+	81	48.15
TIGR4_NEG_SP_1472-1385720-f	SP_1472	1385720	+	81	49.38
TIGR4_NEG_SP_1478-1391385-r	SP_1478	1391385	-	81	43.21
TIGR4_NEG_SP_1478-1391605-r	SP_1478	1391605	-	81	44.44
TIGR4_NEG_SP_1489-1400256-r	SP_1489	1400256	-	81	51.85
TIGR4_NEG_SP_1500-1408915-r	SP_1500	1408915	-	81	43.21
TIGR4_NEG_SP_1504-1413458-r	SP_1504	1413458	-	81	41.98
TIGR4_NEG_SP_1505-1414157-r	SP_1505	1414157	-	81	35.8
TIGR4_NEG_SP_1505-1414397-r	SP_1505	1414397	-	81	39.51
TIGR4_NEG_SP_1505-1414567-r	SP_1505	1414567	-	81	30.86
TIGR4_NEG_SP_1510-1419361-r	SP_1510	1419361	-	81	44.44
TIGR4_NEG_SP_1517-1424978-r	SP_1517	1424978	-	81	48.15
TIGR4_NEG_SP_1518-1425961-r	SP_1518	1425961	-	81	41.98
TIGR4_NEG_SP_1521-1428242-r	SP_1521	1428242	-	81	45.68
TIGR4_NEG_SP_1523-1430282-r	SP_1523	1430282	-	81	55.56
TIGR4_NEG_SP_1523-1432002-r	SP_1523	1432002	-	81	37.04
TIGR4_NEG_SP_1529-1440307-r	SP_1529	1440307	-	81	49.38
TIGR4_NEG_SP_1534-1444932-r	SP_1534	1444932	-	81	39.51
TIGR4_NEG_SP_1534-1445022-r	SP_1534	1445022	-	81	49.38
TIGR4_NEG_SP_1536-1446117-r	SP_1536	1446117	-	81	40.74
TIGR4_NEG_SP_1538-1447531-r	SP_1538	1447531	-	81	30.86
TIGR4_NEG_SP_1542-1450582-r	SP_1542	1450582	-	81	39.51
TIGR4_NEG_SP_1544-1452392-r	SP_1544	1452392	-	81	46.91
TIGR4_NEG_SP_1544-1452552-r	SP_1544	1452552	-	81	43.21
TIGR4_NEG_SP_1551-1458595-r	SP_1551	1458595	-	81	48.15
TIGR4_NEG_SP_1551-1459245-r	SP_1551	1459245	-	81	43.21
TIGR4_NEG_SP_1553-1463612-r	SP_1553	1463612	-	81	49.38
TIGR4_NEG_SP_1559-1468688-r	SP_1559	1468688	-	81	43.21
TIGR4_NEG_SP_1565-1473620-r	SP_1565	1473620	-	81	46.91
TIGR4_NEG_SP_1568-1475837-r	SP_1568	1475837	-	81	45.68
TIGR4_NEG_SP_1569-1476793-r	SP_1569	1476793	-	81	44.44
TIGR4_NEG_SP_1578-1484316-r	SP_1578	1484316	-	81	35.8
TIGR4_NEG_SP_1580-1485915-r	SP_1580	1485915	-	81	35.8
TIGR4_NEG_SP_1583-1488189-r	SP_1583	1488189	-	81	38.27
TIGR4_NEG_SP_1588-1493798-f	SP_1588	1493798	+	81	43.21
TIGR4_NEG_SP_1593-1498857-r	SP_1593	1498857	-	81	30.86
TIGR4_NEG_SP_1601-1505114-r	SP_1601	1505114	-	81	45.68
TIGR4_NEG_SP_1612-1513297-f	SP_1612	1513297	+	81	24.69
TIGR4_NEG_SP_1615-1515819-r	SP_1615	1515819	-	81	43.21
TIGR4_NEG_SP_1615-1515879-r	SP_1615	1515879	-	81	43.21
TIGR4_NEG_SP_1615-1516789-r	SP_1615	1516789	-	81	39.51
TIGR4_NEG_SP_1621-1520837-r	SP_1621	1520837	-	81	41.98
TIGR4_NEG_SP_1623-1523488-r	SP_1623	1523488	-	81	44.44
TIGR4_NEG_SP_1623-1524238-r	SP_1623	1524238	-	81	51.85
TIGR4_NEG_SP_1623-1524378-r	SP_1623	1524378	-	81	43.21
TIGR4_NEG_SP_1623-1524958-r	SP_1623	1524958	-	81	45.68
TIGR4_NEG_SP_1623-1525418-r	SP_1623	1525418	-	81	46.91
TIGR4_NEG_SP_1631-1530666-f	SP_1631	1530666	+	81	44.44
TIGR4_NEG_SP_1631-1531386-f	SP_1631	1531386	+	81	45.68
TIGR4_NEG_SP_1632-1533238-r	SP_1632	1533238	-	81	44.44
TIGR4_NEG_SP_1634-1534948-f	SP_1634	1534948	+	81	39.51
TIGR4_NEG_SP_1638-1537709-f	SP_1638	1537709	+	81	49.38
TIGR4_NEG_SP_1639-1538411-r	SP_1639	1538411	-	81	34.57
TIGR4_NEG_SP_1641-1540564-f	SP_1641	1540564	+	81	33.33
TIGR4_NEG_SP_1645-1542661-r	SP_1645	1542661	-	81	49.38
TIGR4_NEG_SP_1645-1543381-r	SP_1645	1543381	-	81	46.91
TIGR4_NEG_SP_1645-1543441-r	SP_1645	1543441	-	81	45.68
TIGR4_NEG_SP_1645-1543711-r	SP_1645	1543711	-	81	44.44
TIGR4_NEG_SP_1647-1546024-r	SP_1647	1546024	-	81	44.44
TIGR4_NEG_SP_1648-1548427-f	SP_1648	1548427	+	81	46.91
TIGR4_NEG_SP_1649-1548976-f	SP_1649	1548976	+	81	41.98
TIGR4_NEG_SP_1650-1550056-f	SP_1650	1550056	+	81	41.98
TIGR4_NEG_SP_1652-1552455-r	SP_1652	1552455	-	81	44.44
TIGR4_NEG_SP_1659-1561405-r	SP_1659	1561405	-	81	44.44
TIGR4_NEG_SP_1661-1562935-r	SP_1661	1562935	-	81	38.27
TIGR4_NEG_SP_1662-1563882-r	SP_1662	1563882	-	81	37.04
TIGR4_NEG_SP_1667-1567288-r	SP_1667	1567288	-	81	46.91
TIGR4_NEG_SP_1667-1567548-r	SP_1667	1567548	-	81	41.98
TIGR4_NEG_SP_1668-1568580-r	SP_1668	1568580	-	81	37.04
TIGR4_NEG_SP_1671-1571640-r	SP_1671	1571640	-	81	44.44
TIGR4_NEG_SP_1673-1573836-r	SP_1673	1573836	-	81	51.85
TIGR4_NEG_SP_1673-1574126-r	SP_1673	1574126	-	81	39.51
TIGR4_NEG_SP_1675-1576710-r	SP_1675	1576710	-	81	46.91
TIGR4_NEG_SP_1683-1583047-r	SP_1683	1583047	-	81	38.27
TIGR4_NEG_SP_1683-1583057-r	SP_1683	1583057	-	81	35.8
TIGR4_NEG_SP_1695-1600308-r	SP_1695	1600308	-	81	46.91
TIGR4_NEG_SP_1698-1603657-r	SP_1698	1603657	-	81	48.15
TIGR4_NEG_SP_1702-1607652-r	SP_1702	1607652	-	81	53.09
TIGR4_NEG_SP_1702-1608022-r	SP_1702	1608022	-	81	44.44
TIGR4_NEG_SP_1703-1609361-r	SP_1703	1609361	-	81	40.74
TIGR4_NEG_SP_1709-1613261-r	SP_1709	1613261	-	81	44.44
TIGR4_NEG_SP_1711-1615355-r	SP_1711	1615355	-	81	40.74
TIGR4_NEG_SP_1716-1619875-r	SP_1716	1619875	-	81	40.74
TIGR4_NEG_SP_1721-1624657-r	SP_1721	1624657	-	81	50.62
TIGR4_NEG_SP_1722-1625303-r	SP_1722	1625303	-	81	35.8
TIGR4_NEG_SP_1722-1625373-r	SP_1722	1625373	-	81	49.38
TIGR4_NEG_SP_1726-1630947-r	SP_1726	1630947	-	81	53.09
TIGR4_NEG_SP_1729-1633190-r	SP_1729	1633190	-	81	41.98
TIGR4_NEG_SP_1732-1635739-r	SP_1732	1635739	-	81	45.68
TIGR4_NEG_SP_1732-1636109-r	SP_1732	1636109	-	81	53.09
TIGR4_NEG_SP_1735-1639336-r	SP_1735	1639336	-	81	49.38
TIGR4_NEG_SP_1736-1640574-r	SP_1736	1640574	-	81	45.68
TIGR4_NEG_SP_1739-1644081-r	SP_1739	1644081	-	81	45.68
TIGR4_NEG_SP_1739-1644481-r	SP_1739	1644481	-	81	41.98
TIGR4_NEG_SP_1742-1646755-r	SP_1742	1646755	-	81	50.62
TIGR4_NEG_SP_1747-1649231-r	SP_1747	1649231	-	81	56.79
TIGR4_NEG_SP_1749-1650907-r	SP_1749	1650907	-	81	43.21
TIGR4_NEG_SP_1754-1655439-f	SP_1754	1655439	+	81	40.74
TIGR4_NEG_SP_1762-1664872-r	SP_1762	1664872	-	81	33.33
TIGR4_NEG_SP_1762-1664932-r	SP_1762	1664932	-	81	39.51
TIGR4_NEG_SP_1763-1666172-r	SP_1763	1666172	-	81	32.1
TIGR4_NEG_SP_1763-1666552-r	SP_1763	1666552	-	81	43.21
TIGR4_NEG_SP_1766-1669496-r	SP_1766	1669496	-	81	32.1
TIGR4_NEG_SP_1767-1670907-r	SP_1767	1670907	-	81	37.04
TIGR4_NEG_SP_1767-1671147-r	SP_1767	1671147	-	81	39.51
TIGR4_NEG_SP_1767-1671497-r	SP_1767	1671497	-	81	37.04
TIGR4_NEG_SP_1767-1672087-r	SP_1767	1672087	-	81	35.8
TIGR4_NEG_SP_1771-1676822-r	SP_1771	1676822	-	81	38.27
TIGR4_NEG_SP_1772-1678927-r	SP_1772	1678927	-	81	55.56
TIGR4_NEG_SP_1772-1679067-r	SP_1772	1679067	-	81	51.85
TIGR4_NEG_SP_1772-1680477-r	SP_1772	1680477	-	81	56.79
TIGR4_NEG_SP_1772-1681977-r	SP_1772	1681977	-	81	56.79
TIGR4_NEG_SP_1772-1683857-r	SP_1772	1683857	-	81	55.56
TIGR4_NEG_SP_1772-1684117-r	SP_1772	1684117	-	81	55.56
TIGR4_NEG_SP_1772-1686767-r	SP_1772	1686767	-	81	51.85
TIGR4_NEG_SP_1772-1687937-r	SP_1772	1687937	-	81	56.79
TIGR4_NEG_SP_1772-1688377-r	SP_1772	1688377	-	81	54.32
TIGR4_NEG_SP_1772-1690027-r	SP_1772	1690027	-	81	58.02
TIGR4_NEG_SP_1772-1690507-r	SP_1772	1690507	-	81	53.09
TIGR4_NEG_SP_1772-1692257-r	SP_1772	1692257	-	81	51.85
TIGR4_NEG_SP_1777-1695481-f	SP_1777	1695481	+	81	49.38
TIGR4_NEG_SP_1780-1698178-r	SP_1780	1698178	-	81	50.62
TIGR4_NEG_SP_1784-1702535-r	SP_1784	1702535	-	81	39.51
TIGR4_NEG_SP_1785-1702992-r	SP_1785	1702992	-	81	45.68
TIGR4_NEG_SP_1790-1705735-f	SP_1790	1705735	+	81	45.68
TIGR4_NEG_SP_1790-1706005-f	SP_1790	1706005	+	81	43.21
TIGR4_NEG_SP_1792-1707383-r	SP_1792	1707383	-	81	40.74
TIGR4_NEG_SP_1798-1714447-r	SP_1798	1714447	-	81	35.8
TIGR4_NEG_SP_1800-1716888-r	SP_1800	1716888	-	81	32.1
TIGR4_NEG_SP_1811-1724582-r	SP_1811	1724582	-	81	50.62
TIGR4_NEG_SP_1812-1726061-r	SP_1812	1726061	-	81	49.38
TIGR4_NEG_SP_1812-1726321-r	SP_1812	1726321	-	81	44.44
TIGR4_NEG_SP_1817-1729960-r	SP_1817	1729960	-	81	35.8
TIGR4_NEG_SP_1817-1730420-r	SP_1817	1730420	-	81	46.91
TIGR4_NEG_SP_1833-1743823-r	SP_1833	1743823	-	81	34.57
TIGR4_NEG_SP_1837-1746442-r	SP_1837	1746442	-	81	43.21
TIGR4_NEG_SP_1840-1750887-r	SP_1840	1750887	-	81	41.98
TIGR4_NEG_SP_1840-1751727-r	SP_1840	1751727	-	81	44.44
TIGR4_NEG_SP_1841-1752298-r	SP_1841	1752298	-	81	45.68
TIGR4_NEG_SP_1848-1756418-f	SP_1848	1756418	+	81	53.09
TIGR4_NEG_SP_1850-1758098-r	SP_1850	1758098	-	81	34.57
TIGR4_NEG_SP_1854-1762471-f	SP_1854	1762471	+	81	38.27
TIGR4_NEG_SP_1857-1764859-r	SP_1857	1764859	-	81	39.51
TIGR4_NEG_SP_1874-1778744-r	SP_1874	1778744	-	81	50.62
TIGR4_NEG_SP_1875-1779683-r	SP_1875	1779683	-	81	48.15
TIGR4_NEG_SP_1883-1785789-r	SP_1883	1785789	-	81	39.51
TIGR4_NEG_SP_1883-1786299-r	SP_1883	1786299	-	81	41.98
TIGR4_NEG_SP_1888-1792497-r	SP_1888	1792497	-	81	40.74
TIGR4_NEG_SP_1888-1792807-r	SP_1888	1792807	-	81	44.44
TIGR4_NEG_SP_1890-1794449-r	SP_1890	1794449	-	81	43.21
TIGR4_NEG_SP_1891-1796222-r	SP_1891	1796222	-	81	41.98
TIGR4_NEG_SP_1891-1796612-r	SP_1891	1796612	-	81	41.98
TIGR4_NEG_SP_1891-1797302-r	SP_1891	1797302	-	81	40.74
TIGR4_NEG_SP_1891-1797352-r	SP_1891	1797352	-	81	32.1
TIGR4_NEG_SP_1893-1798516-r	SP_1893	1798516	-	81	39.51
TIGR4_NEG_SP_1898-1805225-r	SP_1898	1805225	-	81	32.1
TIGR4_NEG_SP_1898-1805295-r	SP_1898	1805295	-	81	41.98
TIGR4_NEG_SP_1898-1805935-r	SP_1898	1805935	-	81	45.68
TIGR4_NEG_SP_1899-1806925-f	SP_1899	1806925	+	81	38.27
TIGR4_NEG_SP_1901-1816065-r	SP_1901	1816065	-	81	32.1
TIGR4_NEG_SP_1902-1817038-f	SP_1902	1817038	+	81	29.63
TIGR4_NEG_SP_1906-1821002-r	SP_1906	1821002	-	81	48.15
TIGR4_NEG_SP_1908-1822600-r	SP_1908	1822600	-	81	48.15
TIGR4_NEG_SP_1917-1827520-r	SP_1917	1827520	-	81	40.74
TIGR4_NEG_SP_1923-1832416-r	SP_1923	1832416	-	81	49.38
TIGR4_NEG_SP_1933-1837652-r	SP_1933	1837652	-	81	34.57
TIGR4_NEG_SP_1937-1840815-r	SP_1937	1840815	-	81	45.68
TIGR4_NEG_SP_1937-1841155-r	SP_1937	1841155	-	81	45.68
TIGR4_NEG_SP_1940-1844273-r	SP_1940	1844273	-	81	48.15
TIGR4_NEG_SP_1950-1852612-f	SP_1950	1852612	+	81	27.16
TIGR4_NEG_SP_1950-1853392-f	SP_1950	1853392	+	81	24.69
TIGR4_NEG_SP_1959-1862181-r	SP_1959	1862181	-	81	40.74
TIGR4_NEG_SP_1960-1862835-r	SP_1960	1862835	-	81	51.85
TIGR4_NEG_SP_1960-1863055-r	SP_1960	1863055	-	81	44.44
TIGR4_NEG_SP_1960-1864915-r	SP_1960	1864915	-	81	49.38
TIGR4_NEG_SP_1960-1865315-r	SP_1960	1865315	-	81	45.68
TIGR4_NEG_SP_1960-1865885-r	SP_1960	1865885	-	81	49.38
TIGR4_NEG_SP_1960-1865965-r	SP_1960	1865965	-	81	45.68
TIGR4_NEG_SP_1961-1867495-r	SP_1961	1867495	-	81	48.15
TIGR4_NEG_SP_1961-1867705-r	SP_1961	1867705	-	81	45.68
TIGR4_NEG_SP_1961-1868025-r	SP_1961	1868025	-	81	50.62
TIGR4_NEG_SP_1961-1868125-r	SP_1961	1868125	-	81	45.68
TIGR4_NEG_SP_1961-1869395-r	SP_1961	1869395	-	81	45.68
TIGR4_NEG_SP_1963-1870970-r	SP_1963	1870970	-	81	44.44
TIGR4_NEG_SP_1963-1871330-r	SP_1963	1871330	-	81	43.21
TIGR4_NEG_SP_1970-1877182-r	SP_1970	1877182	-	81	41.98
TIGR4_NEG_SP_1973-1879135-r	SP_1973	1879135	-	81	44.44
TIGR4_NEG_SP_1976-1881166-r	SP_1976	1881166	-	81	41.98
TIGR4_NEG_SP_1981-1885878-r	SP_1981	1885878	-	81	48.15
TIGR4_NEG_SP_1994-1897509-r	SP_1994	1897509	-	81	40.74
TIGR4_NEG_SP_2012-1919182-r	SP_2012	1919182	-	81	43.21
TIGR4_NEG_SP_2013-1920586-r	SP_2013	1920586	-	81	28.4
TIGR4_NEG_SP_2017-1923884-f	SP_2017	1923884	+	81	44.44
TIGR4_NEG_SP_2021-1926707-f	SP_2021	1926707	+	81	38.27
TIGR4_NEG_SP_2021-1926777-f	SP_2021	1926777	+	81	35.8
TIGR4_NEG_SP_2022-1928096-f	SP_2022	1928096	+	81	32.1
TIGR4_NEG_SP_2022-1928356-f	SP_2022	1928356	+	81	32.1
TIGR4_NEG_SP_2026-1930905-r	SP_2026	1930905	-	81	37.04
TIGR4_NEG_SP_2026-1931885-r	SP_2026	1931885	-	81	44.44
TIGR4_NEG_SP_2026-1932915-r	SP_2026	1932915	-	81	51.85
TIGR4_NEG_SP_2027-1933786-r	SP_2027	1933786	-	81	41.98
TIGR4_NEG_SP_2030-1936538-r	SP_2030	1936538	-	81	40.74
TIGR4_NEG_SP_2044-1948430-r	SP_2044	1948430	-	81	40.74
TIGR4_NEG_SP_2045-1949611-r	SP_2045	1949611	-	81	45.68
TIGR4_NEG_SP_2052-1953041-r	SP_2052	1953041	-	81	44.44
TIGR4_NEG_SP_2053-1954395-r	SP_2053	1954395	-	81	40.74
TIGR4_NEG_SP_2055-1955518-r	SP_2055	1955518	-	81	38.27
TIGR4_NEG_SP_2055-1955588-r	SP_2055	1955588	-	81	45.68
TIGR4_NEG_SP_2056-1956629-r	SP_2056	1956629	-	81	48.15
TIGR4_NEG_SP_2056-1957299-r	SP_2056	1957299	-	81	38.27
TIGR4_NEG_SP_2057-1957783-r	SP_2057	1957783	-	81	45.68
TIGR4_NEG_SP_2057-1958013-r	SP_2057	1958013	-	81	37.04
TIGR4_NEG_SP_2057-1958203-r	SP_2057	1958203	-	81	45.68
TIGR4_NEG_SP_2057-1958553-r	SP_2057	1958553	-	81	37.04
TIGR4_NEG_SP_2057-1958743-r	SP_2057	1958743	-	81	35.8
TIGR4_NEG_SP_2059-1961160-f	SP_2059	1961160	+	81	41.98
TIGR4_NEG_SP_2059-1961190-f	SP_2059	1961190	+	81	39.51
TIGR4_NEG_SP_2059-1961390-f	SP_2059	1961390	+	81	39.51
TIGR4_NEG_SP_2061-1962686-r	SP_2061	1962686	-	81	38.27
TIGR4_NEG_SP_2063-1963974-r	SP_2063	1963974	-	81	44.44
TIGR4_NEG_SP_2065-1965886-r	SP_2065	1965886	-	81	43.21
TIGR4_NEG_SP_2069-1977467-r	SP_2069	1977467	-	81	45.68
TIGR4_NEG_SP_2075-1983666-r	SP_2075	1983666	-	81	48.15
TIGR4_NEG_SP_2075-1984496-r	SP_2075	1984496	-	81	38.27
TIGR4_NEG_SP_2085-1994750-f	SP_2085	1994750	+	81	37.04
TIGR4_NEG_SP_2089-1997758-f	SP_2089	1997758	+	81	40.74
TIGR4_NEG_SP_2090-1998408-r	SP_2090	1998408	-	81	32.1
TIGR4_NEG_SP_2092-2000238-f	SP_2092	2000238	+	81	49.38
TIGR4_NEG_SP_2093-2001505-f	SP_2093	2001505	+	81	22.22
TIGR4_NEG_SP_2097-2005037-r	SP_2097	2005037	-	81	55.56
TIGR4_NEG_SP_2098-2006225-r	SP_2098	2006225	-	81	37.04
TIGR4_NEG_SP_2099-2007361-r	SP_2099	2007361	-	81	37.04
TIGR4_NEG_SP_2100-2010028-f	SP_2100	2010028	+	81	44.44
TIGR4_NEG_SP_2101-2012162-r	SP_2101	2012162	-	81	37.04
TIGR4_NEG_SP_2107-2018743-r	SP_2107	2018743	-	81	48.15
TIGR4_NEG_SP_2107-2019883-r	SP_2107	2019883	-	81	41.98
TIGR4_NEG_SP_2107-2020013-r	SP_2107	2020013	-	81	44.44
TIGR4_NEG_SP_2108-2021050-f	SP_2108	2021050	+	81	48.15
TIGR4_NEG_SP_2108-2021420-f	SP_2108	2021420	+	81	40.74
TIGR4_NEG_SP_2108-2021510-f	SP_2108	2021510	+	81	40.74
TIGR4_NEG_SP_2108-2021590-f	SP_2108	2021590	+	81	40.74
TIGR4_NEG_SP_2109-2022337-f	SP_2109	2022337	+	81	33.33
TIGR4_NEG_SP_2112-2025621-f	SP_2112	2025621	+	81	46.91
TIGR4_NEG_SP_2113-2026639-r	SP_2113	2026639	-	81	35.8
TIGR4_NEG_SP_2114-2027948-r	SP_2114	2027948	-	81	51.85
TIGR4_NEG_SP_2122-2034875-r	SP_2122	2034875	-	81	43.21
TIGR4_NEG_SP_2131-2042873-r	SP_2131	2042873	-	81	34.57
TIGR4_NEG_SP_2144-2056964-r	SP_2144	2056964	-	81	50.62
TIGR4_NEG_SP_2145-2058196-f	SP_2145	2058196	+	81	40.74
TIGR4_NEG_SP_2145-2058306-f	SP_2145	2058306	+	81	46.91
TIGR4_NEG_SP_2145-2058536-f	SP_2145	2058536	+	81	44.44
TIGR4_NEG_SP_2145-2059366-f	SP_2145	2059366	+	81	48.15
TIGR4_NEG_SP_2145-2059486-f	SP_2145	2059486	+	81	35.8
TIGR4_NEG_SP_2146-2061050-r	SP_2146	2061050	-	81	50.62
TIGR4_NEG_SP_2152-2066918-f	SP_2152	2066918	+	81	38.27
TIGR4_NEG_SP_2156-2070226-r	SP_2156	2070226	-	81	48.15
TIGR4_NEG_SP_2157-2071245-r	SP_2157	2071245	-	81	45.68
TIGR4_NEG_SP_2171-2089571-r	SP_2171	2089571	-	81	34.57
TIGR4_NEG_SP_2171-2089591-r	SP_2171	2089591	-	81	38.27
TIGR4_NEG_SP_2173-2091030-r	SP_2173	2091030	-	81	37.04
TIGR4_NEG_SP_2185-2103369-r	SP_2185	2103369	-	81	45.68
TIGR4_NEG_SP_2186-2105657-r	SP_2186	2105657	-	81	46.91
TIGR4_NEG_SP_2190-2111555-r	SP_2190	2111555	-	81	48.15
TIGR4_NEG_SP_2192-2113155-r	SP_2192	2113155	-	81	37.04
TIGR4_NEG_SP_2197-2119757-r	SP_2197	2119757	-	81	40.74
TIGR4_NEG_SP_2201-2121920-r	SP_2201	2121920	-	81	35.8
TIGR4_NEG_SP_2205-2126568-r	SP_2205	2126568	-	81	39.51
TIGR4_NEG_SP_2206-2127387-r	SP_2206	2127387	-	81	30.86
TIGR4_NEG_SP_2208-2128814-r	SP_2208	2128814	-	81	34.57
TIGR4_NEG_SP_2220-2139277-r	SP_2220	2139277	-	81	34.57
TIGR4_NEG_SP_2221-2140061-r	SP_2221	2140061	-	81	35.8
TIGR4_NEG_SP_2221-2140091-r	SP_2221	2140091	-	81	40.74
TIGR4_NEG_SP_2225-2143324-r	SP_2225	2143324	-	81	39.51
TIGR4_NEG_SP_2228-2146492-r	SP_2228	2146492	-	81	46.91
TIGR4_NEG_SP_2230-2149723-f	SP_2230	2149723	+	81	35.8
TIGR4_NEG_SP_2231-2152377-f	SP_2231	2152377	+	81	22.22
TIGR4_NEG_SP_2231-2152607-f	SP_2231	2152607	+	81	28.4
TIGR4_NEG_SP_2231-2152747-f	SP_2231	2152747	+	81	32.1
TIGR4_NEG_SP_2235-2156155-r	SP_2235	2156155	-	81	38.27
TIGR4_NEG_SP_2239-2159657-f	SP_2239	2159657	+	81	37.04
TIGR4_NEG_SP_RS00155-26027-f	SP_RS00155	26027	+	81	48.15
TIGR4_NEG_SP_RS01250-229445-f	SP_RS01250	229445	+	81	39.51
TIGR4_NEG_SP_RS01495-279447-f	SP_RS01495	279447	+	81	30.86
TIGR4_NEG_SP_RS01940-371293-r	SP_RS01940	371293	-	81	35.8
TIGR4_NEG_SP_RS02290-444356-f	SP_RS02290	444356	+	81	38.27
TIGR4_NEG_SP_RS03180-622671-r	SP_RS03180	622671	-	81	37.04
TIGR4_NEG_SP_RS04045-776632-f	SP_RS04045	776632	+	81	46.91
TIGR4_NEG_SP_RS04045-777032-f	SP_RS04045	777032	+	81	37.04
TIGR4_NEG_SP_RS04045-777312-f	SP_RS04045	777312	+	81	44.44
TIGR4_NEG_SP_RS05915-1137824-r	SP_RS05915	1137824	-	81	50.62
TIGR4_NEG_SP_RS05970-1146717-r	SP_RS05970	1146717	-	81	37.04
TIGR4_NEG_SP_RS07460-1423081-r	SP_RS07460	1423081	-	81	35.8
TIGR4_NEG_SP_RS08480-1617995-f	SP_RS08480	1617995	+	81	50.62
TIGR4_NEG_SP_RS10215-1924930-r	SP_RS10215	1924930	-	81	29.63
TIGR4_NEG_SP_RS11565-117055-f	SP_RS11565	117055	+	81	23.46
TIGR4_NEG_SP_RS11655-275488-f	SP_RS11655	275488	+	81	33.33
TIGR4_NEG_SP_RS12005-832750-f	SP_RS12005	832750	+	81	45.68
TIGR4_NEG_SP_RS12110-1022271-f	SP_RS12110	1022271	+	81	32.1
TIGR4_NEG_SP_RS12150-1130880-r	SP_RS12150	1130880	-	81	33.33
TIGR4_NEG_SP_rrnaA16S-15709-f	SP_rrnaA16S	15709	+	81	53.09
TIGR4_NEG_SP_rrnaD23S-1811662-r	SP_rrnaD23S	1811662	-	81	41.98
TIGR4_NEG_SP_rrnaD23S-1813012-r	SP_rrnaD23S	1813012	-	81	48.15
