Sequence_ID	Chromosome	Start	End	Strand	IGR_ID	Length	GC_Content(%)	Label
NEG_IGR_0001_D39V_1382376_+	D39V	1382376	1382456	+	IGR_D39V_1123	81	37.037	0
NEG_IGR_0002_D39V_289730_+	D39V	289730	289810	+	IGR_D39V_0274	81	27.16	0
NEG_IGR_0003_D39V_90162_-	D39V	90162	90242	-	IGR_D39V_0073	81	39.506	0
NEG_IGR_0004_D39V_1608594_-	D39V	1608594	1608674	-	IGR_D39V_1316	81	35.802	0
NEG_IGR_0005_D39V_679097_+	D39V	679097	679177	+	IGR_D39V_0578	81	37.037	0
NEG_IGR_0006_D39V_587062_+	D39V	587062	587142	+	IGR_D39V_0500	81	41.975	0
NEG_IGR_0007_D39V_564291_+	D39V	564291	564371	+	IGR_D39V_0486	81	39.506	0
NEG_IGR_0008_D39V_410912_+	D39V	410912	410992	+	IGR_D39V_0366	81	43.21	0
NEG_IGR_0009_D39V_1598628_+	D39V	1598628	1598708	+	IGR_D39V_1307	81	20.988	0
NEG_IGR_0010_D39V_281579_+	D39V	281579	281659	+	IGR_D39V_0269	81	25.926	0
NEG_IGR_0011_D39V_1487378_+	D39V	1487378	1487458	+	IGR_D39V_1212	81	25.926	0
NEG_IGR_0012_D39V_1604660_+	D39V	1604660	1604740	+	IGR_D39V_1310	81	28.395	0
NEG_IGR_0013_D39V_1839688_+	D39V	1839688	1839768	+	IGR_D39V_1513	81	35.802	0
NEG_IGR_0014_D39V_1231596_+	D39V	1231596	1231676	+	IGR_D39V_1000	81	44.444	0
NEG_IGR_0015_D39V_227350_+	D39V	227350	227430	+	IGR_D39V_0222	81	27.16	0
NEG_IGR_0016_D39V_1285981_-	D39V	1285981	1286061	-	IGR_D39V_1043	81	30.864	0
NEG_IGR_0017_D39V_983645_-	D39V	983645	983725	-	IGR_D39V_0810	81	40.741	0
NEG_IGR_0018_D39V_113665_-	D39V	113665	113745	-	IGR_D39V_0092	81	20.988	0
NEG_IGR_0019_D39V_112473_+	D39V	112473	112553	+	IGR_D39V_0091	81	34.568	0
NEG_IGR_0020_D39V_248974_+	D39V	248974	249054	+	IGR_D39V_0239	81	41.975	0
NEG_IGR_0021_D39V_563222_+	D39V	563222	563302	+	IGR_D39V_0485	81	48.148	0
NEG_IGR_0022_D39V_576932_-	D39V	576932	577012	-	IGR_D39V_0496	81	25.926	0
NEG_IGR_0023_D39V_1144897_-	D39V	1144897	1144977	-	IGR_D39V_0923	81	33.333	0
NEG_IGR_0024_D39V_1297816_+	D39V	1297816	1297896	+	IGR_D39V_1050	81	25.926	0
NEG_IGR_0025_D39V_90262_-	D39V	90262	90342	-	IGR_D39V_0073	81	40.741	0
NEG_IGR_0026_D39V_1277184_+	D39V	1277184	1277264	+	IGR_D39V_1033	81	35.802	0
NEG_IGR_0027_D39V_497614_-	D39V	497614	497694	-	IGR_D39V_0436	81	29.63	0
NEG_IGR_0028_D39V_1527309_+	D39V	1527309	1527389	+	IGR_D39V_1241	81	29.63	0
NEG_IGR_0029_D39V_1422350_-	D39V	1422350	1422430	-	IGR_D39V_1151	81	30.864	0
NEG_IGR_0030_D39V_1522476_-	D39V	1522476	1522556	-	IGR_D39V_1238	81	20.988	0
NEG_IGR_0031_D39V_1231568_+	D39V	1231568	1231648	+	IGR_D39V_1000	81	40.741	0
NEG_IGR_0032_D39V_983487_+	D39V	983487	983567	+	IGR_D39V_0810	81	40.741	0
NEG_IGR_0033_D39V_564109_-	D39V	564109	564189	-	IGR_D39V_0486	81	50.617	0
NEG_IGR_0034_D39V_1018974_-	D39V	1018974	1019054	-	IGR_D39V_0835	81	44.444	0
NEG_IGR_0035_D39V_1285901_-	D39V	1285901	1285981	-	IGR_D39V_1043	81	27.16	0
NEG_IGR_0036_D39V_685488_-	D39V	685488	685568	-	IGR_D39V_0583	81	25.926	0
NEG_IGR_0037_D39V_1715500_-	D39V	1715500	1715580	-	IGR_D39V_1408	81	30.864	0
NEG_IGR_0038_D39V_1792663_-	D39V	1792663	1792743	-	IGR_D39V_1469	81	30.864	0
NEG_IGR_0039_D39V_46375_+	D39V	46375	46455	+	IGR_D39V_0039	81	38.272	0
NEG_IGR_0040_D39V_1633789_+	D39V	1633789	1633869	+	IGR_D39V_1336	81	33.333	0
NEG_IGR_0041_D39V_1698621_-	D39V	1698621	1698701	-	IGR_D39V_1381	81	34.568	0
NEG_IGR_0042_D39V_441678_-	D39V	441678	441758	-	IGR_D39V_0389	81	34.568	0
NEG_IGR_0043_D39V_1522266_+	D39V	1522266	1522346	+	IGR_D39V_1238	81	33.333	0
NEG_IGR_0044_D39V_983691_+	D39V	983691	983771	+	IGR_D39V_0810	81	38.272	0
NEG_IGR_0045_D39V_820686_-	D39V	820686	820766	-	IGR_D39V_0694	81	33.333	0
NEG_IGR_0046_D39V_685468_-	D39V	685468	685548	-	IGR_D39V_0583	81	25.926	0
NEG_IGR_0047_D39V_424059_+	D39V	424059	424139	+	IGR_D39V_0376	81	33.333	0
NEG_IGR_0048_D39V_554322_-	D39V	554322	554402	-	IGR_D39V_0477	81	44.444	0
NEG_IGR_0049_D39V_1985759_-	D39V	1985759	1985839	-	IGR_D39V_1628	81	35.802	0
NEG_IGR_0050_D39V_1640015_+	D39V	1640015	1640095	+	IGR_D39V_1340	81	45.679	0
NEG_IGR_0051_D39V_811171_-	D39V	811171	811251	-	IGR_D39V_0687	81	30.864	0
NEG_IGR_0052_D39V_281561_-	D39V	281561	281641	-	IGR_D39V_0269	81	27.16	0
NEG_IGR_0053_D39V_243744_-	D39V	243744	243824	-	IGR_D39V_0236	81	35.802	0
NEG_IGR_0054_D39V_911825_-	D39V	911825	911905	-	IGR_D39V_0764	81	33.333	0
NEG_IGR_0055_D39V_263780_-	D39V	263780	263860	-	IGR_D39V_0250	81	20.988	0
NEG_IGR_0056_D39V_884817_-	D39V	884817	884897	-	IGR_D39V_0741	81	28.395	0
NEG_IGR_0057_D39V_1743555_+	D39V	1743555	1743635	+	IGR_D39V_1433	81	25.926	0
NEG_IGR_0058_D39V_826063_+	D39V	826063	826143	+	IGR_D39V_0699	81	28.395	0
NEG_IGR_0059_D39V_1298079_+	D39V	1298079	1298159	+	IGR_D39V_1051	81	33.333	0
NEG_IGR_0060_D39V_660764_-	D39V	660764	660844	-	IGR_D39V_0559	81	27.16	0
NEG_IGR_0061_D39V_1708520_-	D39V	1708520	1708600	-	IGR_D39V_1398	81	22.222	0
NEG_IGR_0062_D39V_123906_-	D39V	123906	123986	-	IGR_D39V_0111	81	30.864	0
NEG_IGR_0063_D39V_1579603_-	D39V	1579603	1579683	-	IGR_D39V_1283	81	34.568	0
NEG_IGR_0064_D39V_1019644_+	D39V	1019644	1019724	+	IGR_D39V_0835	81	45.679	0
NEG_IGR_0065_D39V_1203657_-	D39V	1203657	1203737	-	IGR_D39V_0982	81	32.099	0
NEG_IGR_0066_D39V_323614_+	D39V	323614	323694	+	IGR_D39V_0299	81	18.519	0
NEG_IGR_0067_D39V_2000373_-	D39V	2000373	2000453	-	IGR_D39V_1638	81	32.099	0
NEG_IGR_0068_D39V_1933329_-	D39V	1933329	1933409	-	IGR_D39V_1594	81	25.926	0
NEG_IGR_0069_D39V_903819_-	D39V	903819	903899	-	IGR_D39V_0756	81	32.099	0
NEG_IGR_0070_D39V_186193_+	D39V	186193	186273	+	IGR_D39V_0170	81	37.037	0
NEG_IGR_0071_D39V_1250431_-	D39V	1250431	1250511	-	IGR_D39V_1012	81	29.63	0
NEG_IGR_0072_D39V_729725_+	D39V	729725	729805	+	IGR_D39V_0620	81	34.568	0
NEG_IGR_0073_D39V_1725865_-	D39V	1725865	1725945	-	IGR_D39V_1417	81	34.568	0
NEG_IGR_0074_D39V_1340211_-	D39V	1340211	1340291	-	IGR_D39V_1088	81	32.099	0
NEG_IGR_0075_D39V_1334793_-	D39V	1334793	1334873	-	IGR_D39V_1083	81	24.691	0
NEG_IGR_0076_D39V_1819395_+	D39V	1819395	1819475	+	IGR_D39V_1497	81	24.691	0
NEG_IGR_0077_D39V_1784930_+	D39V	1784930	1785010	+	IGR_D39V_1461	81	37.037	0
NEG_IGR_0078_D39V_884991_+	D39V	884991	885071	+	IGR_D39V_0741	81	35.802	0
NEG_IGR_0079_D39V_1282540_+	D39V	1282540	1282620	+	IGR_D39V_1039	81	33.333	0
NEG_IGR_0080_D39V_476720_+	D39V	476720	476800	+	IGR_D39V_0414	81	48.148	0
NEG_IGR_0081_D39V_1522688_-	D39V	1522688	1522768	-	IGR_D39V_1238	81	27.16	0
NEG_IGR_0082_D39V_165457_-	D39V	165457	165537	-	IGR_D39V_0151	81	38.272	0
NEG_IGR_0083_D39V_124062_-	D39V	124062	124142	-	IGR_D39V_0111	81	29.63	0
NEG_IGR_0084_D39V_1456069_+	D39V	1456069	1456149	+	IGR_D39V_1178	81	27.16	0
NEG_IGR_0085_D39V_565819_-	D39V	565819	565899	-	IGR_D39V_0489	81	29.63	0
NEG_IGR_0086_D39V_1655150_-	D39V	1655150	1655230	-	IGR_D39V_1354	81	39.506	0
NEG_IGR_0087_D39V_728056_+	D39V	728056	728136	+	IGR_D39V_0618	81	24.691	0
NEG_IGR_0088_D39V_203630_+	D39V	203630	203710	+	IGR_D39V_0194	81	37.037	0
NEG_IGR_0089_D39V_1751538_-	D39V	1751538	1751618	-	IGR_D39V_1438	81	41.975	0
NEG_IGR_0090_D39V_576942_+	D39V	576942	577022	+	IGR_D39V_0496	81	27.16	0
NEG_IGR_0091_D39V_1791200_+	D39V	1791200	1791280	+	IGR_D39V_1468	81	46.914	0
NEG_IGR_0092_D39V_274330_-	D39V	274330	274410	-	IGR_D39V_0262	81	25.926	0
NEG_IGR_0093_D39V_911837_-	D39V	911837	911917	-	IGR_D39V_0764	81	38.272	0
NEG_IGR_0094_D39V_685474_+	D39V	685474	685554	+	IGR_D39V_0583	81	28.395	0
NEG_IGR_0095_D39V_1019250_-	D39V	1019250	1019330	-	IGR_D39V_0835	81	40.741	0
NEG_IGR_0096_D39V_1344007_+	D39V	1344007	1344087	+	IGR_D39V_1091	81	30.864	0
NEG_IGR_0097_D39V_1728111_+	D39V	1728111	1728191	+	IGR_D39V_1419	81	38.272	0
NEG_IGR_0098_D39V_885199_+	D39V	885199	885279	+	IGR_D39V_0741	81	32.099	0
NEG_IGR_0099_D39V_446646_-	D39V	446646	446726	-	IGR_D39V_0394	81	39.506	0
NEG_IGR_0100_D39V_897648_+	D39V	897648	897728	+	IGR_D39V_0753	81	34.568	0
NEG_IGR_0101_D39V_855827_-	D39V	855827	855907	-	IGR_D39V_0718	81	32.099	0
NEG_IGR_0102_D39V_531031_-	D39V	531031	531111	-	IGR_D39V_0460	81	27.16	0
NEG_IGR_0103_D39V_1469815_+	D39V	1469815	1469895	+	IGR_D39V_1198	81	32.099	0
NEG_IGR_0104_D39V_660926_+	D39V	660926	661006	+	IGR_D39V_0559	81	29.63	0
NEG_IGR_0105_D39V_1522508_-	D39V	1522508	1522588	-	IGR_D39V_1238	81	19.753	0
NEG_IGR_0106_D39V_1949184_+	D39V	1949184	1949264	+	IGR_D39V_1604	81	16.049	0
NEG_IGR_0107_D39V_1507795_+	D39V	1507795	1507875	+	IGR_D39V_1226	81	33.333	0
NEG_IGR_0108_D39V_1422228_+	D39V	1422228	1422308	+	IGR_D39V_1151	81	37.037	0
NEG_IGR_0109_D39V_167156_-	D39V	167156	167236	-	IGR_D39V_0153	81	33.333	0
NEG_IGR_0110_D39V_1317276_+	D39V	1317276	1317356	+	IGR_D39V_1066	81	30.864	0
NEG_IGR_0111_D39V_1343959_+	D39V	1343959	1344039	+	IGR_D39V_1091	81	30.864	0
NEG_IGR_0112_D39V_458178_-	D39V	458178	458258	-	IGR_D39V_0401	81	24.691	0
NEG_IGR_0113_D39V_1203519_+	D39V	1203519	1203599	+	IGR_D39V_0982	81	23.457	0
NEG_IGR_0114_D39V_1575099_+	D39V	1575099	1575179	+	IGR_D39V_1279	81	37.037	0
NEG_IGR_0115_D39V_587056_-	D39V	587056	587136	-	IGR_D39V_0500	81	41.975	0
NEG_IGR_0116_D39V_446696_+	D39V	446696	446776	+	IGR_D39V_0394	81	41.975	0
NEG_IGR_0117_D39V_1028325_-	D39V	1028325	1028405	-	IGR_D39V_0843	81	25.926	0
NEG_IGR_0118_D39V_903879_-	D39V	903879	903959	-	IGR_D39V_0756	81	32.099	0
NEG_IGR_0119_D39V_671678_-	D39V	671678	671758	-	IGR_D39V_0573	81	43.21	0
NEG_IGR_0120_D39V_1933533_-	D39V	1933533	1933613	-	IGR_D39V_1594	81	29.63	0
NEG_IGR_0121_D39V_1382414_-	D39V	1382414	1382494	-	IGR_D39V_1123	81	41.975	0
NEG_IGR_0122_D39V_1509055_-	D39V	1509055	1509135	-	IGR_D39V_1228	81	28.395	0
NEG_IGR_0123_D39V_1276434_+	D39V	1276434	1276514	+	IGR_D39V_1032	81	35.802	0
NEG_IGR_0124_D39V_563286_+	D39V	563286	563366	+	IGR_D39V_0485	81	41.975	0
NEG_IGR_0125_D39V_1507865_-	D39V	1507865	1507945	-	IGR_D39V_1226	81	24.691	0
NEG_IGR_0126_D39V_800328_+	D39V	800328	800408	+	IGR_D39V_0680	81	27.16	0
NEG_IGR_0127_D39V_1732963_+	D39V	1732963	1733043	+	IGR_D39V_1425	81	24.691	0
NEG_IGR_0128_D39V_1643052_+	D39V	1643052	1643132	+	IGR_D39V_1344	81	38.272	0
NEG_IGR_0129_D39V_1655342_-	D39V	1655342	1655422	-	IGR_D39V_1354	81	34.568	0
NEG_IGR_0130_D39V_134767_+	D39V	134767	134847	+	IGR_D39V_0123	81	43.21	0
NEG_IGR_0131_D39V_566236_-	D39V	566236	566316	-	IGR_D39V_0490	81	33.333	0
NEG_IGR_0132_D39V_1725367_+	D39V	1725367	1725447	+	IGR_D39V_1417	81	29.63	0
NEG_IGR_0133_D39V_113685_-	D39V	113685	113765	-	IGR_D39V_0092	81	22.222	0
NEG_IGR_0134_D39V_1698569_-	D39V	1698569	1698649	-	IGR_D39V_1381	81	38.272	0
NEG_IGR_0135_D39V_781126_+	D39V	781126	781206	+	IGR_D39V_0667	81	24.691	0
NEG_IGR_0136_D39V_949088_-	D39V	949088	949168	-	IGR_D39V_0782	81	32.099	0
NEG_IGR_0137_D39V_660976_-	D39V	660976	661056	-	IGR_D39V_0559	81	28.395	0
NEG_IGR_0138_D39V_142953_+	D39V	142953	143033	+	IGR_D39V_0130	81	19.753	0
NEG_IGR_0139_D39V_538415_-	D39V	538415	538495	-	IGR_D39V_0467	81	29.63	0
NEG_IGR_0140_D39V_1903049_-	D39V	1903049	1903129	-	IGR_D39V_1571	81	41.975	0
NEG_IGR_0141_D39V_1970486_-	D39V	1970486	1970566	-	IGR_D39V_1619	81	40.741	0
NEG_IGR_0142_D39V_1277574_-	D39V	1277574	1277654	-	IGR_D39V_1033	81	40.741	0
NEG_IGR_0143_D39V_1818799_+	D39V	1818799	1818879	+	IGR_D39V_1497	81	38.272	0
NEG_IGR_0144_D39V_1541118_+	D39V	1541118	1541198	+	IGR_D39V_1253	81	24.691	0
NEG_IGR_0145_D39V_781076_-	D39V	781076	781156	-	IGR_D39V_0667	81	35.802	0
NEG_IGR_0146_D39V_538523_-	D39V	538523	538603	-	IGR_D39V_0467	81	30.864	0
NEG_IGR_0147_D39V_1441389_-	D39V	1441389	1441469	-	IGR_D39V_1167	81	35.802	0
NEG_IGR_0148_D39V_1107397_+	D39V	1107397	1107477	+	IGR_D39V_0903	81	35.802	0
NEG_IGR_0149_D39V_947029_+	D39V	947029	947109	+	IGR_D39V_0780	81	23.457	0
NEG_IGR_0150_D39V_1819345_-	D39V	1819345	1819425	-	IGR_D39V_1497	81	18.519	0
NEG_IGR_0151_D39V_1903368_-	D39V	1903368	1903448	-	IGR_D39V_1572	81	28.395	0
NEG_IGR_0152_D39V_1405945_+	D39V	1405945	1406025	+	IGR_D39V_1140	81	38.272	0
NEG_IGR_0153_D39V_1019606_-	D39V	1019606	1019686	-	IGR_D39V_0835	81	44.444	0
NEG_IGR_0154_D39V_411281_-	D39V	411281	411361	-	IGR_D39V_0367	81	28.395	0
NEG_IGR_0155_D39V_660788_-	D39V	660788	660868	-	IGR_D39V_0559	81	27.16	0
NEG_IGR_0156_D39V_410918_-	D39V	410918	410998	-	IGR_D39V_0366	81	43.21	0
NEG_IGR_0157_D39V_592407_-	D39V	592407	592487	-	IGR_D39V_0504	81	46.914	0
NEG_IGR_0158_D39V_1608818_-	D39V	1608818	1608898	-	IGR_D39V_1316	81	33.333	0
NEG_IGR_0159_D39V_1277192_+	D39V	1277192	1277272	+	IGR_D39V_1033	81	37.037	0
NEG_IGR_0160_D39V_1203837_-	D39V	1203837	1203917	-	IGR_D39V_0982	81	30.864	0
NEG_IGR_0161_D39V_659229_-	D39V	659229	659309	-	IGR_D39V_0557	81	32.099	0
NEG_IGR_0162_D39V_1608952_+	D39V	1608952	1609032	+	IGR_D39V_1316	81	33.333	0
NEG_IGR_0163_D39V_1284558_-	D39V	1284558	1284638	-	IGR_D39V_1041	81	20.988	0
NEG_IGR_0164_D39V_984331_+	D39V	984331	984411	+	IGR_D39V_0810	81	37.037	0
NEG_IGR_0165_D39V_1878846_-	D39V	1878846	1878926	-	IGR_D39V_1550	81	35.802	0
NEG_IGR_0166_D39V_1284490_-	D39V	1284490	1284570	-	IGR_D39V_1041	81	23.457	0
NEG_IGR_0167_D39V_948972_-	D39V	948972	949052	-	IGR_D39V_0782	81	33.333	0
NEG_IGR_0168_D39V_885013_-	D39V	885013	885093	-	IGR_D39V_0741	81	37.037	0
NEG_IGR_0169_D39V_563266_+	D39V	563266	563346	+	IGR_D39V_0485	81	39.506	0
NEG_IGR_0170_D39V_401983_+	D39V	401983	402063	+	IGR_D39V_0356	81	34.568	0
NEG_IGR_0171_D39V_1153490_+	D39V	1153490	1153570	+	IGR_D39V_0931	81	27.16	0
NEG_IGR_0172_D39V_1095594_-	D39V	1095594	1095674	-	IGR_D39V_0897	81	45.679	0
NEG_IGR_0173_D39V_231980_+	D39V	231980	232060	+	IGR_D39V_0227	81	33.333	0
NEG_IGR_0174_D39V_1633591_-	D39V	1633591	1633671	-	IGR_D39V_1336	81	19.753	0
NEG_IGR_0175_D39V_124146_-	D39V	124146	124226	-	IGR_D39V_0111	81	32.099	0
NEG_IGR_0176_D39V_1761781_+	D39V	1761781	1761861	+	IGR_D39V_1444	81	37.037	0
NEG_IGR_0177_D39V_288972_+	D39V	288972	289052	+	IGR_D39V_0273	81	27.16	0
NEG_IGR_0178_D39V_423887_+	D39V	423887	423967	+	IGR_D39V_0376	81	35.802	0
NEG_IGR_0179_D39V_1338046_+	D39V	1338046	1338126	+	IGR_D39V_1086	81	39.506	0
NEG_IGR_0180_D39V_441700_+	D39V	441700	441780	+	IGR_D39V_0389	81	34.568	0
NEG_IGR_0181_D39V_1667858_+	D39V	1667858	1667938	+	IGR_D39V_1362	81	33.333	0
NEG_IGR_0182_D39V_1488228_+	D39V	1488228	1488308	+	IGR_D39V_1213	81	29.63	0
NEG_IGR_0183_D39V_983661_-	D39V	983661	983741	-	IGR_D39V_0810	81	41.975	0
NEG_IGR_0184_D39V_1289890_-	D39V	1289890	1289970	-	IGR_D39V_1046	81	23.457	0
NEG_IGR_0185_D39V_142004_-	D39V	142004	142084	-	IGR_D39V_0129	81	37.037	0
NEG_IGR_0186_D39V_917415_+	D39V	917415	917495	+	IGR_D39V_0769	81	16.049	0
NEG_IGR_0187_D39V_911935_+	D39V	911935	912015	+	IGR_D39V_0764	81	40.741	0
NEG_IGR_0188_D39V_1289856_+	D39V	1289856	1289936	+	IGR_D39V_1046	81	25.926	0
NEG_IGR_0189_D39V_1031363_-	D39V	1031363	1031443	-	IGR_D39V_0846	81	43.21	0
NEG_IGR_0190_D39V_1198734_+	D39V	1198734	1198814	+	IGR_D39V_0977	81	30.864	0
NEG_IGR_0191_D39V_627433_+	D39V	627433	627513	+	IGR_D39V_0531	81	34.568	0
NEG_IGR_0192_D39V_1995384_+	D39V	1995384	1995464	+	IGR_D39V_1635	81	25.926	0
NEG_IGR_0193_D39V_1267926_+	D39V	1267926	1268006	+	IGR_D39V_1024	81	28.395	0
NEG_IGR_0194_D39V_1761761_+	D39V	1761761	1761841	+	IGR_D39V_1444	81	34.568	0
NEG_IGR_0195_D39V_1959502_-	D39V	1959502	1959582	-	IGR_D39V_1614	81	27.16	0
NEG_IGR_0196_D39V_57177_+	D39V	57177	57257	+	IGR_D39V_0045	81	46.914	0
NEG_IGR_0197_D39V_1488214_-	D39V	1488214	1488294	-	IGR_D39V_1213	81	28.395	0
NEG_IGR_0198_D39V_1551672_+	D39V	1551672	1551752	+	IGR_D39V_1262	81	33.333	0
NEG_IGR_0199_D39V_293274_-	D39V	293274	293354	-	IGR_D39V_0277	81	17.284	0
NEG_IGR_0200_D39V_1488308_+	D39V	1488308	1488388	+	IGR_D39V_1213	81	27.16	0
NEG_IGR_0201_D39V_1819351_+	D39V	1819351	1819431	+	IGR_D39V_1497	81	19.753	0
NEG_IGR_0202_D39V_1203705_-	D39V	1203705	1203785	-	IGR_D39V_0982	81	32.099	0
NEG_IGR_0203_D39V_1619827_+	D39V	1619827	1619907	+	IGR_D39V_1325	81	39.506	0
NEG_IGR_0204_D39V_660916_-	D39V	660916	660996	-	IGR_D39V_0559	81	32.099	0
NEG_IGR_0205_D39V_1643070_-	D39V	1643070	1643150	-	IGR_D39V_1344	81	38.272	0
NEG_IGR_0206_D39V_1388078_-	D39V	1388078	1388158	-	IGR_D39V_1130	81	37.037	0
NEG_IGR_0207_D39V_820680_+	D39V	820680	820760	+	IGR_D39V_0694	81	33.333	0
NEG_IGR_0208_D39V_289744_-	D39V	289744	289824	-	IGR_D39V_0274	81	32.099	0
NEG_IGR_0209_D39V_729747_-	D39V	729747	729827	-	IGR_D39V_0620	81	32.099	0
NEG_IGR_0210_D39V_1001425_+	D39V	1001425	1001505	+	IGR_D39V_0824	81	34.568	0
NEG_IGR_0211_D39V_429709_+	D39V	429709	429789	+	IGR_D39V_0380	81	23.457	0
NEG_IGR_0212_D39V_1019270_-	D39V	1019270	1019350	-	IGR_D39V_0835	81	39.506	0
NEG_IGR_0213_D39V_34468_+	D39V	34468	34548	+	IGR_D39V_0029	81	45.679	0
NEG_IGR_0214_D39V_1985537_+	D39V	1985537	1985617	+	IGR_D39V_1628	81	46.914	0
NEG_IGR_0215_D39V_1551762_-	D39V	1551762	1551842	-	IGR_D39V_1262	81	27.16	0
NEG_IGR_0216_D39V_1814459_-	D39V	1814459	1814539	-	IGR_D39V_1494	81	33.333	0
NEG_IGR_0217_D39V_1551604_+	D39V	1551604	1551684	+	IGR_D39V_1262	81	30.864	0
NEG_IGR_0218_D39V_659699_+	D39V	659699	659779	+	IGR_D39V_0558	81	24.691	0
NEG_IGR_0219_D39V_2000291_+	D39V	2000291	2000371	+	IGR_D39V_1638	81	35.802	0
NEG_IGR_0220_D39V_1117736_-	D39V	1117736	1117816	-	IGR_D39V_0908	81	35.802	0
NEG_IGR_0221_D39V_1633995_-	D39V	1633995	1634075	-	IGR_D39V_1336	81	35.802	0
NEG_IGR_0222_D39V_469736_+	D39V	469736	469816	+	IGR_D39V_0410	81	38.272	0
NEG_IGR_0223_D39V_1153368_-	D39V	1153368	1153448	-	IGR_D39V_0931	81	37.037	0
NEG_IGR_0224_D39V_1903015_+	D39V	1903015	1903095	+	IGR_D39V_1571	81	41.975	0
NEG_IGR_0225_D39V_284830_+	D39V	284830	284910	+	IGR_D39V_0271	81	32.099	0
NEG_IGR_0226_D39V_1796605_-	D39V	1796605	1796685	-	IGR_D39V_1470	81	23.457	0
NEG_IGR_0227_D39V_1336852_-	D39V	1336852	1336932	-	IGR_D39V_1085	81	37.037	0
NEG_IGR_0228_D39V_743852_-	D39V	743852	743932	-	IGR_D39V_0636	81	34.568	0
NEG_IGR_0229_D39V_1732885_-	D39V	1732885	1732965	-	IGR_D39V_1425	81	32.099	0
NEG_IGR_0230_D39V_1373573_-	D39V	1373573	1373653	-	IGR_D39V_1115	81	25.926	0
NEG_IGR_0231_D39V_1317264_+	D39V	1317264	1317344	+	IGR_D39V_1066	81	29.63	0
NEG_IGR_0232_D39V_497618_-	D39V	497618	497698	-	IGR_D39V_0436	81	29.63	0
NEG_IGR_0233_D39V_903057_+	D39V	903057	903137	+	IGR_D39V_0755	81	24.691	0
NEG_IGR_0234_D39V_1634031_-	D39V	1634031	1634111	-	IGR_D39V_1336	81	37.037	0
NEG_IGR_0235_D39V_444789_-	D39V	444789	444869	-	IGR_D39V_0392	81	44.444	0
NEG_IGR_0236_D39V_1203863_+	D39V	1203863	1203943	+	IGR_D39V_0982	81	29.63	0
NEG_IGR_0237_D39V_1985517_+	D39V	1985517	1985597	+	IGR_D39V_1628	81	48.148	0
NEG_IGR_0238_D39V_1660566_+	D39V	1660566	1660646	+	IGR_D39V_1357	81	35.802	0
NEG_IGR_0239_D39V_1933339_+	D39V	1933339	1933419	+	IGR_D39V_1594	81	27.16	0
NEG_IGR_0240_D39V_1202969_+	D39V	1202969	1203049	+	IGR_D39V_0981	81	13.58	0
NEG_IGR_0241_D39V_1903628_-	D39V	1903628	1903708	-	IGR_D39V_1572	81	50.617	0
NEG_IGR_0242_D39V_1399_+	D39V	1399	1479	+	IGR_D39V_0001	81	29.63	0
NEG_IGR_0243_D39V_1297616_+	D39V	1297616	1297696	+	IGR_D39V_1050	81	17.284	0
NEG_IGR_0244_D39V_800318_-	D39V	800318	800398	-	IGR_D39V_0680	81	23.457	0
NEG_IGR_0245_D39V_1074542_+	D39V	1074542	1074622	+	IGR_D39V_0879	81	35.802	0
NEG_IGR_0246_D39V_71721_+	D39V	71721	71801	+	IGR_D39V_0053	81	30.864	0
NEG_IGR_0247_D39V_289764_-	D39V	289764	289844	-	IGR_D39V_0274	81	33.333	0
NEG_IGR_0248_D39V_1936101_+	D39V	1936101	1936181	+	IGR_D39V_1595	81	29.63	0
NEG_IGR_0249_D39V_885079_+	D39V	885079	885159	+	IGR_D39V_0741	81	33.333	0
NEG_IGR_0250_D39V_1818953_-	D39V	1818953	1819033	-	IGR_D39V_1497	81	23.457	0
NEG_IGR_0251_D39V_1726015_+	D39V	1726015	1726095	+	IGR_D39V_1417	81	33.333	0
NEG_IGR_0252_D39V_1708498_+	D39V	1708498	1708578	+	IGR_D39V_1398	81	19.753	0
NEG_IGR_0253_D39V_751965_+	D39V	751965	752045	+	IGR_D39V_0644	81	35.802	0
NEG_IGR_0254_D39V_579939_+	D39V	579939	580019	+	IGR_D39V_0499	81	41.975	0
NEG_IGR_0255_D39V_134899_+	D39V	134899	134979	+	IGR_D39V_0123	81	40.741	0
NEG_IGR_0256_D39V_586798_+	D39V	586798	586878	+	IGR_D39V_0500	81	27.16	0
NEG_IGR_0257_D39V_1818907_+	D39V	1818907	1818987	+	IGR_D39V_1497	81	27.16	0
NEG_IGR_0258_D39V_1277586_-	D39V	1277586	1277666	-	IGR_D39V_1033	81	44.444	0
NEG_IGR_0259_D39V_1982354_-	D39V	1982354	1982434	-	IGR_D39V_1626	81	29.63	0
NEG_IGR_0260_D39V_186189_+	D39V	186189	186269	+	IGR_D39V_0170	81	38.272	0
NEG_IGR_0261_D39V_217711_+	D39V	217711	217791	+	IGR_D39V_0212	81	25.926	0
NEG_IGR_0262_D39V_1586658_-	D39V	1586658	1586738	-	IGR_D39V_1292	81	33.333	0
NEG_IGR_0263_D39V_1038112_+	D39V	1038112	1038192	+	IGR_D39V_0855	81	33.333	0
NEG_IGR_0264_D39V_1721422_-	D39V	1721422	1721502	-	IGR_D39V_1413	81	35.802	0
NEG_IGR_0265_D39V_165433_-	D39V	165433	165513	-	IGR_D39V_0151	81	48.148	0
NEG_IGR_0266_D39V_2018008_+	D39V	2018008	2018088	+	IGR_D39V_1652	81	28.395	0
NEG_IGR_0267_D39V_1633907_-	D39V	1633907	1633987	-	IGR_D39V_1336	81	28.395	0
NEG_IGR_0268_D39V_1203425_-	D39V	1203425	1203505	-	IGR_D39V_0982	81	35.802	0
NEG_IGR_0269_D39V_1642523_+	D39V	1642523	1642603	+	IGR_D39V_1343	81	40.741	0
NEG_IGR_0270_D39V_340723_+	D39V	340723	340803	+	IGR_D39V_0308	81	34.568	0
NEG_IGR_0271_D39V_361608_-	D39V	361608	361688	-	IGR_D39V_0324	81	32.099	0
NEG_IGR_0272_D39V_1455969_+	D39V	1455969	1456049	+	IGR_D39V_1178	81	27.16	0
NEG_IGR_0273_D39V_1031837_+	D39V	1031837	1031917	+	IGR_D39V_0846	81	24.691	0
NEG_IGR_0274_D39V_1982348_+	D39V	1982348	1982428	+	IGR_D39V_1626	81	28.395	0
NEG_IGR_0275_D39V_1242635_-	D39V	1242635	1242715	-	IGR_D39V_1006	81	19.753	0
NEG_IGR_0276_D39V_446808_+	D39V	446808	446888	+	IGR_D39V_0394	81	32.099	0
NEG_IGR_0277_D39V_660800_-	D39V	660800	660880	-	IGR_D39V_0559	81	32.099	0
NEG_IGR_0278_D39V_1192833_+	D39V	1192833	1192913	+	IGR_D39V_0974	81	25.926	0
NEG_IGR_0279_D39V_1796729_-	D39V	1796729	1796809	-	IGR_D39V_1470	81	18.519	0
NEG_IGR_0280_D39V_1300391_+	D39V	1300391	1300471	+	IGR_D39V_1053	81	28.395	0
NEG_IGR_0281_D39V_983725_-	D39V	983725	983805	-	IGR_D39V_0810	81	35.802	0
NEG_IGR_0282_D39V_1986229_+	D39V	1986229	1986309	+	IGR_D39V_1628	81	28.395	0
NEG_IGR_0283_D39V_538469_+	D39V	538469	538549	+	IGR_D39V_0467	81	24.691	0
NEG_IGR_0284_D39V_1936089_+	D39V	1936089	1936169	+	IGR_D39V_1595	81	30.864	0
NEG_IGR_0285_D39V_1203857_-	D39V	1203857	1203937	-	IGR_D39V_0982	81	30.864	0
NEG_IGR_0286_D39V_1633557_+	D39V	1633557	1633637	+	IGR_D39V_1336	81	27.16	0
NEG_IGR_0287_D39V_1586528_+	D39V	1586528	1586608	+	IGR_D39V_1292	81	33.333	0
NEG_IGR_0288_D39V_1510990_-	D39V	1510990	1511070	-	IGR_D39V_1230	81	24.691	0
NEG_IGR_0289_D39V_503291_-	D39V	503291	503371	-	IGR_D39V_0439	81	23.457	0
NEG_IGR_0290_D39V_1527107_-	D39V	1527107	1527187	-	IGR_D39V_1241	81	34.568	0
NEG_IGR_0291_D39V_778348_+	D39V	778348	778428	+	IGR_D39V_0665	81	41.975	0
NEG_IGR_0292_D39V_948946_+	D39V	948946	949026	+	IGR_D39V_0782	81	37.037	0
NEG_IGR_0293_D39V_1469913_-	D39V	1469913	1469993	-	IGR_D39V_1198	81	32.099	0
NEG_IGR_0294_D39V_903025_+	D39V	903025	903105	+	IGR_D39V_0755	81	25.926	0
NEG_IGR_0295_D39V_1002028_-	D39V	1002028	1002108	-	IGR_D39V_0825	81	33.333	0
NEG_IGR_0296_D39V_1878964_+	D39V	1878964	1879044	+	IGR_D39V_1550	81	41.975	0
NEG_IGR_0297_D39V_1176625_-	D39V	1176625	1176705	-	IGR_D39V_0951	81	23.457	0
NEG_IGR_0298_D39V_1019124_+	D39V	1019124	1019204	+	IGR_D39V_0835	81	40.741	0
NEG_IGR_0299_D39V_308750_-	D39V	308750	308830	-	IGR_D39V_0290	81	34.568	0
NEG_IGR_0300_D39V_596062_-	D39V	596062	596142	-	IGR_D39V_0508	81	43.21	0
NEG_IGR_0301_D39V_564387_+	D39V	564387	564467	+	IGR_D39V_0486	81	35.802	0
NEG_IGR_0302_D39V_142038_+	D39V	142038	142118	+	IGR_D39V_0129	81	43.21	0
NEG_IGR_0303_D39V_814122_+	D39V	814122	814202	+	IGR_D39V_0690	81	29.63	0
NEG_IGR_0304_D39V_76119_-	D39V	76119	76199	-	IGR_D39V_0059	81	34.568	0
NEG_IGR_0305_D39V_1285607_-	D39V	1285607	1285687	-	IGR_D39V_1042	81	32.099	0
NEG_IGR_0306_D39V_1276234_+	D39V	1276234	1276314	+	IGR_D39V_1032	81	33.333	0
NEG_IGR_0307_D39V_569795_+	D39V	569795	569875	+	IGR_D39V_0494	81	28.395	0
NEG_IGR_0308_D39V_1285617_+	D39V	1285617	1285697	+	IGR_D39V_1042	81	33.333	0
NEG_IGR_0309_D39V_564095_+	D39V	564095	564175	+	IGR_D39V_0486	81	48.148	0
NEG_IGR_0310_D39V_50226_-	D39V	50226	50306	-	IGR_D39V_0040	81	25.926	0
NEG_IGR_0311_D39V_167130_+	D39V	167130	167210	+	IGR_D39V_0153	81	32.099	0
NEG_IGR_0312_D39V_1526045_+	D39V	1526045	1526125	+	IGR_D39V_1239	81	25.926	0
NEG_IGR_0313_D39V_1340371_-	D39V	1340371	1340451	-	IGR_D39V_1088	81	34.568	0
NEG_IGR_0314_D39V_134961_-	D39V	134961	135041	-	IGR_D39V_0123	81	40.741	0
NEG_IGR_0315_D39V_566228_-	D39V	566228	566308	-	IGR_D39V_0490	81	35.802	0
NEG_IGR_0316_D39V_154069_+	D39V	154069	154149	+	IGR_D39V_0141	81	29.63	0
NEG_IGR_0317_D39V_1901608_+	D39V	1901608	1901688	+	IGR_D39V_1569	81	28.395	0
NEG_IGR_0318_D39V_112579_-	D39V	112579	112659	-	IGR_D39V_0091	81	35.802	0
NEG_IGR_0319_D39V_1760176_+	D39V	1760176	1760256	+	IGR_D39V_1443	81	35.802	0
NEG_IGR_0320_D39V_810035_-	D39V	810035	810115	-	IGR_D39V_0686	81	28.395	0
NEG_IGR_0321_D39V_167120_-	D39V	167120	167200	-	IGR_D39V_0153	81	32.099	0
NEG_IGR_0322_D39V_1162654_-	D39V	1162654	1162734	-	IGR_D39V_0937	81	22.222	0
NEG_IGR_0323_D39V_579843_+	D39V	579843	579923	+	IGR_D39V_0499	81	43.21	0
NEG_IGR_0324_D39V_685508_-	D39V	685508	685588	-	IGR_D39V_0583	81	28.395	0
NEG_IGR_0325_D39V_1459066_-	D39V	1459066	1459146	-	IGR_D39V_1184	81	32.099	0
NEG_IGR_0326_D39V_1038076_+	D39V	1038076	1038156	+	IGR_D39V_0855	81	32.099	0
NEG_IGR_0327_D39V_554252_+	D39V	554252	554332	+	IGR_D39V_0477	81	33.333	0
NEG_IGR_0328_D39V_1203853_-	D39V	1203853	1203933	-	IGR_D39V_0982	81	29.63	0
NEG_IGR_0329_D39V_367330_-	D39V	367330	367410	-	IGR_D39V_0327	81	40.741	0
NEG_IGR_0330_D39V_1552101_+	D39V	1552101	1552181	+	IGR_D39V_1263	81	19.753	0
NEG_IGR_0331_D39V_1949108_+	D39V	1949108	1949188	+	IGR_D39V_1604	81	33.333	0
NEG_IGR_0332_D39V_1819193_-	D39V	1819193	1819273	-	IGR_D39V_1497	81	33.333	0
NEG_IGR_0333_D39V_1278329_-	D39V	1278329	1278409	-	IGR_D39V_1036	81	32.099	0
NEG_IGR_0334_D39V_1279301_-	D39V	1279301	1279381	-	IGR_D39V_1037	81	43.21	0
NEG_IGR_0335_D39V_1031665_+	D39V	1031665	1031745	+	IGR_D39V_0846	81	25.926	0
NEG_IGR_0336_D39V_586938_+	D39V	586938	587018	+	IGR_D39V_0500	81	28.395	0
NEG_IGR_0337_D39V_1660958_+	D39V	1660958	1661038	+	IGR_D39V_1357	81	50.617	0
NEG_IGR_0338_D39V_1031685_+	D39V	1031685	1031765	+	IGR_D39V_0846	81	25.926	0
NEG_IGR_0339_D39V_1708546_+	D39V	1708546	1708626	+	IGR_D39V_1398	81	20.988	0
NEG_IGR_0340_D39V_958059_+	D39V	958059	958139	+	IGR_D39V_0786	81	25.926	0
NEG_IGR_0341_D39V_473965_-	D39V	473965	474045	-	IGR_D39V_0412	81	25.926	0
NEG_IGR_0342_D39V_249014_+	D39V	249014	249094	+	IGR_D39V_0239	81	41.975	0
NEG_IGR_0343_D39V_273774_+	D39V	273774	273854	+	IGR_D39V_0261	81	33.333	0
NEG_IGR_0344_D39V_1445086_-	D39V	1445086	1445166	-	IGR_D39V_1169	81	41.975	0
NEG_IGR_0345_D39V_1001181_+	D39V	1001181	1001261	+	IGR_D39V_0824	81	38.272	0
NEG_IGR_0346_D39V_855763_-	D39V	855763	855843	-	IGR_D39V_0718	81	30.864	0
NEG_IGR_0347_D39V_983753_-	D39V	983753	983833	-	IGR_D39V_0810	81	37.037	0
NEG_IGR_0348_D39V_962032_+	D39V	962032	962112	+	IGR_D39V_0792	81	32.099	0
NEG_IGR_0349_D39V_1031295_-	D39V	1031295	1031375	-	IGR_D39V_0846	81	24.691	0
NEG_IGR_0350_D39V_1785815_+	D39V	1785815	1785895	+	IGR_D39V_1462	81	37.037	0
NEG_IGR_0351_D39V_1575095_+	D39V	1575095	1575175	+	IGR_D39V_1279	81	38.272	0
NEG_IGR_0352_D39V_130750_-	D39V	130750	130830	-	IGR_D39V_0120	81	29.63	0
NEG_IGR_0353_D39V_1473340_+	D39V	1473340	1473420	+	IGR_D39V_1201	81	40.741	0
NEG_IGR_0354_D39V_1439918_+	D39V	1439918	1439998	+	IGR_D39V_1166	81	30.864	0
NEG_IGR_0355_D39V_1410077_+	D39V	1410077	1410157	+	IGR_D39V_1142	81	41.975	0
NEG_IGR_0356_D39V_273870_+	D39V	273870	273950	+	IGR_D39V_0261	81	37.037	0
NEG_IGR_0357_D39V_137430_+	D39V	137430	137510	+	IGR_D39V_0125	81	40.741	0
NEG_IGR_0358_D39V_951543_-	D39V	951543	951623	-	IGR_D39V_0783	81	25.926	0
NEG_IGR_0359_D39V_1553369_+	D39V	1553369	1553449	+	IGR_D39V_1264	81	39.506	0
NEG_IGR_0360_D39V_816225_+	D39V	816225	816305	+	IGR_D39V_0691	81	30.864	0
NEG_IGR_0361_D39V_1687520_-	D39V	1687520	1687600	-	IGR_D39V_1373	81	54.321	0
NEG_IGR_0362_D39V_1784928_-	D39V	1784928	1785008	-	IGR_D39V_1461	81	37.037	0
NEG_IGR_0363_D39V_288948_+	D39V	288948	289028	+	IGR_D39V_0273	81	28.395	0
NEG_IGR_0364_D39V_619872_-	D39V	619872	619952	-	IGR_D39V_0526	81	28.395	0
NEG_IGR_0365_D39V_476676_+	D39V	476676	476756	+	IGR_D39V_0414	81	38.272	0
NEG_IGR_0366_D39V_473951_+	D39V	473951	474031	+	IGR_D39V_0412	81	25.926	0
NEG_IGR_0367_D39V_1203661_-	D39V	1203661	1203741	-	IGR_D39V_0982	81	33.333	0
NEG_IGR_0368_D39V_1015199_+	D39V	1015199	1015279	+	IGR_D39V_0831	81	23.457	0
NEG_IGR_0369_D39V_410954_-	D39V	410954	411034	-	IGR_D39V_0366	81	37.037	0
NEG_IGR_0370_D39V_983643_+	D39V	983643	983723	+	IGR_D39V_0810	81	39.506	0
NEG_IGR_0371_D39V_472313_+	D39V	472313	472393	+	IGR_D39V_0411	81	38.272	0
NEG_IGR_0372_D39V_685512_-	D39V	685512	685592	-	IGR_D39V_0583	81	30.864	0
NEG_IGR_0373_D39V_1028349_-	D39V	1028349	1028429	-	IGR_D39V_0843	81	32.099	0
NEG_IGR_0374_D39V_626978_-	D39V	626978	627058	-	IGR_D39V_0529	81	27.16	0
NEG_IGR_0375_D39V_1814267_-	D39V	1814267	1814347	-	IGR_D39V_1493	81	25.926	0
NEG_IGR_0376_D39V_1933393_-	D39V	1933393	1933473	-	IGR_D39V_1594	81	29.63	0
NEG_IGR_0377_D39V_170690_+	D39V	170690	170770	+	IGR_D39V_0155	81	39.506	0
NEG_IGR_0378_D39V_1002358_+	D39V	1002358	1002438	+	IGR_D39V_0825	81	27.16	0
NEG_IGR_0379_D39V_1708580_-	D39V	1708580	1708660	-	IGR_D39V_1398	81	24.691	0
NEG_IGR_0380_D39V_1782429_+	D39V	1782429	1782509	+	IGR_D39V_1459	81	32.099	0
NEG_IGR_0381_D39V_1751580_+	D39V	1751580	1751660	+	IGR_D39V_1438	81	46.914	0
NEG_IGR_0382_D39V_1242671_-	D39V	1242671	1242751	-	IGR_D39V_1006	81	25.926	0
NEG_IGR_0383_D39V_273838_+	D39V	273838	273918	+	IGR_D39V_0261	81	44.444	0
NEG_IGR_0384_D39V_127174_-	D39V	127174	127254	-	IGR_D39V_0115	81	35.802	0
NEG_IGR_0385_D39V_1429808_-	D39V	1429808	1429888	-	IGR_D39V_1158	81	28.395	0
NEG_IGR_0386_D39V_1203941_-	D39V	1203941	1204021	-	IGR_D39V_0982	81	39.506	0
NEG_IGR_0387_D39V_1729710_+	D39V	1729710	1729790	+	IGR_D39V_1422	81	24.691	0
NEG_IGR_0388_D39V_64629_-	D39V	64629	64709	-	IGR_D39V_0048	81	19.753	0
NEG_IGR_0389_D39V_1987428_+	D39V	1987428	1987508	+	IGR_D39V_1630	81	35.802	0
NEG_IGR_0390_D39V_248946_+	D39V	248946	249026	+	IGR_D39V_0239	81	43.21	0
NEG_IGR_0391_D39V_1933597_-	D39V	1933597	1933677	-	IGR_D39V_1594	81	24.691	0
NEG_IGR_0392_D39V_1633445_+	D39V	1633445	1633525	+	IGR_D39V_1336	81	34.568	0
NEG_IGR_0393_D39V_1743635_+	D39V	1743635	1743715	+	IGR_D39V_1433	81	22.222	0
NEG_IGR_0394_D39V_577176_-	D39V	577176	577256	-	IGR_D39V_0496	81	43.21	0
NEG_IGR_0395_D39V_446886_-	D39V	446886	446966	-	IGR_D39V_0394	81	22.222	0
NEG_IGR_0396_D39V_958017_-	D39V	958017	958097	-	IGR_D39V_0786	81	22.222	0
NEG_IGR_0397_D39V_1038090_-	D39V	1038090	1038170	-	IGR_D39V_0855	81	32.099	0
NEG_IGR_0398_D39V_1032736_-	D39V	1032736	1032816	-	IGR_D39V_0848	81	28.395	0
NEG_IGR_0399_D39V_539984_+	D39V	539984	540064	+	IGR_D39V_0468	81	43.21	0
NEG_IGR_0400_D39V_1785867_+	D39V	1785867	1785947	+	IGR_D39V_1462	81	33.333	0
NEG_IGR_0401_D39V_949080_-	D39V	949080	949160	-	IGR_D39V_0782	81	32.099	0
NEG_IGR_0402_D39V_1901414_-	D39V	1901414	1901494	-	IGR_D39V_1569	81	35.802	0
NEG_IGR_0403_D39V_134945_-	D39V	134945	135025	-	IGR_D39V_0123	81	43.21	0
NEG_IGR_0404_D39V_446776_+	D39V	446776	446856	+	IGR_D39V_0394	81	27.16	0
NEG_IGR_0405_D39V_903849_+	D39V	903849	903929	+	IGR_D39V_0756	81	27.16	0
NEG_IGR_0406_D39V_25749_+	D39V	25749	25829	+	IGR_D39V_0021	81	40.741	0
NEG_IGR_0407_D39V_935781_-	D39V	935781	935861	-	IGR_D39V_0775	81	38.272	0
NEG_IGR_0408_D39V_660810_+	D39V	660810	660890	+	IGR_D39V_0559	81	32.099	0
NEG_IGR_0409_D39V_1933607_+	D39V	1933607	1933687	+	IGR_D39V_1594	81	25.926	0
NEG_IGR_0410_D39V_1660922_+	D39V	1660922	1661002	+	IGR_D39V_1357	81	49.383	0
NEG_IGR_0411_D39V_1660992_-	D39V	1660992	1661072	-	IGR_D39V_1357	81	41.975	0
NEG_IGR_0412_D39V_1019354_-	D39V	1019354	1019434	-	IGR_D39V_0835	81	28.395	0
NEG_IGR_0413_D39V_727786_-	D39V	727786	727866	-	IGR_D39V_0618	81	34.568	0
NEG_IGR_0414_D39V_983717_-	D39V	983717	983797	-	IGR_D39V_0810	81	38.272	0
NEG_IGR_0415_D39V_1522164_-	D39V	1522164	1522244	-	IGR_D39V_1238	81	33.333	0
NEG_IGR_0416_D39V_1985767_-	D39V	1985767	1985847	-	IGR_D39V_1628	81	35.802	0
NEG_IGR_0417_D39V_1586566_-	D39V	1586566	1586646	-	IGR_D39V_1292	81	28.395	0
NEG_IGR_0418_D39V_1660876_-	D39V	1660876	1660956	-	IGR_D39V_1357	81	34.568	0
NEG_IGR_0419_D39V_1276356_-	D39V	1276356	1276436	-	IGR_D39V_1032	81	39.506	0
NEG_IGR_0420_D39V_1456109_+	D39V	1456109	1456189	+	IGR_D39V_1178	81	35.802	0
NEG_IGR_0421_D39V_1541150_+	D39V	1541150	1541230	+	IGR_D39V_1253	81	24.691	0
NEG_IGR_0422_D39V_1058643_-	D39V	1058643	1058723	-	IGR_D39V_0871	81	18.519	0
NEG_IGR_0423_D39V_424015_+	D39V	424015	424095	+	IGR_D39V_0376	81	27.16	0
NEG_IGR_0424_D39V_473931_+	D39V	473931	474011	+	IGR_D39V_0412	81	20.988	0
NEG_IGR_0425_D39V_741857_+	D39V	741857	741937	+	IGR_D39V_0632	81	43.21	0
NEG_IGR_0426_D39V_562474_-	D39V	562474	562554	-	IGR_D39V_0484	81	43.21	0
NEG_IGR_0427_D39V_1987408_+	D39V	1987408	1987488	+	IGR_D39V_1630	81	33.333	0
NEG_IGR_0428_D39V_134935_+	D39V	134935	135015	+	IGR_D39V_0123	81	44.444	0
NEG_IGR_0429_D39V_1282660_+	D39V	1282660	1282740	+	IGR_D39V_1039	81	25.926	0
NEG_IGR_0430_D39V_1596376_+	D39V	1596376	1596456	+	IGR_D39V_1304	81	34.568	0
NEG_IGR_0431_D39V_1204264_+	D39V	1204264	1204344	+	IGR_D39V_0983	81	32.099	0
NEG_IGR_0432_D39V_137452_-	D39V	137452	137532	-	IGR_D39V_0125	81	37.037	0
NEG_IGR_0433_D39V_1609014_-	D39V	1609014	1609094	-	IGR_D39V_1316	81	30.864	0
NEG_IGR_0434_D39V_781006_+	D39V	781006	781086	+	IGR_D39V_0667	81	25.926	0
NEG_IGR_0435_D39V_134849_-	D39V	134849	134929	-	IGR_D39V_0123	81	37.037	0
NEG_IGR_0436_D39V_127146_-	D39V	127146	127226	-	IGR_D39V_0115	81	30.864	0
NEG_IGR_0437_D39V_1284532_+	D39V	1284532	1284612	+	IGR_D39V_1041	81	18.519	0
NEG_IGR_0438_D39V_1032146_-	D39V	1032146	1032226	-	IGR_D39V_0847	81	25.926	0
NEG_IGR_0439_D39V_1144106_-	D39V	1144106	1144186	-	IGR_D39V_0921	81	24.691	0
NEG_IGR_0440_D39V_1911605_+	D39V	1911605	1911685	+	IGR_D39V_1577	81	38.272	0
NEG_IGR_0441_D39V_1751269_-	D39V	1751269	1751349	-	IGR_D39V_1437	81	32.099	0
NEG_IGR_0442_D39V_1203321_-	D39V	1203321	1203401	-	IGR_D39V_0982	81	46.914	0
NEG_IGR_0443_D39V_429661_+	D39V	429661	429741	+	IGR_D39V_0380	81	22.222	0
NEG_IGR_0444_D39V_134829_-	D39V	134829	134909	-	IGR_D39V_0123	81	38.272	0
NEG_IGR_0445_D39V_1985993_+	D39V	1985993	1986073	+	IGR_D39V_1628	81	41.975	0
NEG_IGR_0446_D39V_1153378_+	D39V	1153378	1153458	+	IGR_D39V_0931	81	34.568	0
NEG_IGR_0447_D39V_203652_-	D39V	203652	203732	-	IGR_D39V_0194	81	35.802	0
NEG_IGR_0448_D39V_1743807_+	D39V	1743807	1743887	+	IGR_D39V_1433	81	27.16	0
NEG_IGR_0449_D39V_472467_-	D39V	472467	472547	-	IGR_D39V_0411	81	43.21	0
NEG_IGR_0450_D39V_154143_-	D39V	154143	154223	-	IGR_D39V_0141	81	22.222	0
NEG_IGR_0451_D39V_1289800_+	D39V	1289800	1289880	+	IGR_D39V_1046	81	25.926	0
NEG_IGR_0452_D39V_154105_+	D39V	154105	154185	+	IGR_D39V_0141	81	25.926	0
NEG_IGR_0453_D39V_1473462_-	D39V	1473462	1473542	-	IGR_D39V_1201	81	40.741	0
NEG_IGR_0454_D39V_1784938_+	D39V	1784938	1785018	+	IGR_D39V_1461	81	38.272	0
NEG_IGR_0455_D39V_577100_-	D39V	577100	577180	-	IGR_D39V_0496	81	35.802	0
NEG_IGR_0456_D39V_957843_+	D39V	957843	957923	+	IGR_D39V_0786	81	28.395	0
NEG_IGR_0457_D39V_308676_+	D39V	308676	308756	+	IGR_D39V_0290	81	38.272	0
NEG_IGR_0458_D39V_1959448_+	D39V	1959448	1959528	+	IGR_D39V_1614	81	30.864	0
NEG_IGR_0459_D39V_1827126_+	D39V	1827126	1827206	+	IGR_D39V_1502	81	33.333	0
NEG_IGR_0460_D39V_1278241_-	D39V	1278241	1278321	-	IGR_D39V_1036	81	20.988	0
NEG_IGR_0461_D39V_592379_-	D39V	592379	592459	-	IGR_D39V_0504	81	45.679	0
NEG_IGR_0462_D39V_1282644_+	D39V	1282644	1282724	+	IGR_D39V_1039	81	22.222	0
NEG_IGR_0463_D39V_1287722_-	D39V	1287722	1287802	-	IGR_D39V_1044	81	20.988	0
NEG_IGR_0464_D39V_120001_+	D39V	120001	120081	+	IGR_D39V_0102	81	27.16	0
NEG_IGR_0465_D39V_1334849_-	D39V	1334849	1334929	-	IGR_D39V_1083	81	25.926	0
NEG_IGR_0466_D39V_207378_+	D39V	207378	207458	+	IGR_D39V_0200	81	38.272	0
NEG_IGR_0467_D39V_983469_-	D39V	983469	983549	-	IGR_D39V_0810	81	43.21	0
NEG_IGR_0468_D39V_1444980_+	D39V	1444980	1445060	+	IGR_D39V_1169	81	32.099	0
NEG_IGR_0469_D39V_1284498_-	D39V	1284498	1284578	-	IGR_D39V_1041	81	23.457	0
NEG_IGR_0470_D39V_1277446_-	D39V	1277446	1277526	-	IGR_D39V_1033	81	39.506	0
NEG_IGR_0471_D39V_1189064_+	D39V	1189064	1189144	+	IGR_D39V_0966	81	37.037	0
NEG_IGR_0472_D39V_781186_+	D39V	781186	781266	+	IGR_D39V_0667	81	28.395	0
NEG_IGR_0473_D39V_1949056_+	D39V	1949056	1949136	+	IGR_D39V_1604	81	29.63	0
NEG_IGR_0474_D39V_652849_+	D39V	652849	652929	+	IGR_D39V_0551	81	43.21	0
NEG_IGR_0475_D39V_513043_-	D39V	513043	513123	-	IGR_D39V_0446	81	29.63	0
NEG_IGR_0476_D39V_1469785_-	D39V	1469785	1469865	-	IGR_D39V_1198	81	33.333	0
NEG_IGR_0477_D39V_1527321_+	D39V	1527321	1527401	+	IGR_D39V_1241	81	33.333	0
NEG_IGR_0478_D39V_781044_-	D39V	781044	781124	-	IGR_D39V_0667	81	35.802	0
NEG_IGR_0479_D39V_579889_-	D39V	579889	579969	-	IGR_D39V_0499	81	39.506	0
NEG_IGR_0480_D39V_660836_-	D39V	660836	660916	-	IGR_D39V_0559	81	33.333	0
NEG_IGR_0481_D39V_947039_-	D39V	947039	947119	-	IGR_D39V_0780	81	23.457	0
NEG_IGR_0482_D39V_367236_+	D39V	367236	367316	+	IGR_D39V_0327	81	38.272	0
NEG_IGR_0483_D39V_1410031_-	D39V	1410031	1410111	-	IGR_D39V_1142	81	46.914	0
NEG_IGR_0484_D39V_743998_+	D39V	743998	744078	+	IGR_D39V_0636	81	41.975	0
NEG_IGR_0485_D39V_1019500_+	D39V	1019500	1019580	+	IGR_D39V_0835	81	34.568	0
NEG_IGR_0486_D39V_781174_+	D39V	781174	781254	+	IGR_D39V_0667	81	30.864	0
NEG_IGR_0487_D39V_1936097_+	D39V	1936097	1936177	+	IGR_D39V_1595	81	29.63	0
NEG_IGR_0488_D39V_1633335_-	D39V	1633335	1633415	-	IGR_D39V_1336	81	43.21	0
NEG_IGR_0489_D39V_1949124_+	D39V	1949124	1949204	+	IGR_D39V_1604	81	29.63	0
NEG_IGR_0490_D39V_170504_-	D39V	170504	170584	-	IGR_D39V_0155	81	25.926	0
NEG_IGR_0491_D39V_57035_-	D39V	57035	57115	-	IGR_D39V_0045	81	33.333	0
NEG_IGR_0492_D39V_1019570_-	D39V	1019570	1019650	-	IGR_D39V_0835	81	44.444	0
NEG_IGR_0493_D39V_1336379_+	D39V	1336379	1336459	+	IGR_D39V_1084	81	32.099	0
NEG_IGR_0494_D39V_1277300_+	D39V	1277300	1277380	+	IGR_D39V_1033	81	35.802	0
NEG_IGR_0495_D39V_273974_+	D39V	273974	274054	+	IGR_D39V_0261	81	25.926	0
NEG_IGR_0496_D39V_170550_+	D39V	170550	170630	+	IGR_D39V_0155	81	25.926	0
NEG_IGR_0497_D39V_1203749_-	D39V	1203749	1203829	-	IGR_D39V_0982	81	34.568	0
NEG_IGR_0498_D39V_538557_+	D39V	538557	538637	+	IGR_D39V_0467	81	37.037	0
NEG_IGR_0499_D39V_1144931_+	D39V	1144931	1145011	+	IGR_D39V_0923	81	25.926	0
NEG_IGR_0500_D39V_367340_+	D39V	367340	367420	+	IGR_D39V_0327	81	39.506	0
NEG_IGR_0501_D39V_1937706_-	D39V	1937706	1937786	-	IGR_D39V_1598	81	43.21	0
NEG_IGR_0502_D39V_834348_+	D39V	834348	834428	+	IGR_D39V_0703	81	25.926	0
NEG_IGR_0503_D39V_1819095_+	D39V	1819095	1819175	+	IGR_D39V_1497	81	27.16	0
NEG_IGR_0504_D39V_156779_+	D39V	156779	156859	+	IGR_D39V_0144	81	35.802	0
NEG_IGR_0505_D39V_1818989_-	D39V	1818989	1819069	-	IGR_D39V_1497	81	22.222	0
NEG_IGR_0506_D39V_587022_+	D39V	587022	587102	+	IGR_D39V_0500	81	38.272	0
NEG_IGR_0507_D39V_897604_+	D39V	897604	897684	+	IGR_D39V_0753	81	35.802	0
NEG_IGR_0508_D39V_727768_+	D39V	727768	727848	+	IGR_D39V_0618	81	30.864	0
NEG_IGR_0509_D39V_429683_-	D39V	429683	429763	-	IGR_D39V_0380	81	24.691	0
NEG_IGR_0510_D39V_1002034_+	D39V	1002034	1002114	+	IGR_D39V_0825	81	30.864	0
NEG_IGR_0511_D39V_1728087_+	D39V	1728087	1728167	+	IGR_D39V_1419	81	38.272	0
NEG_IGR_0512_D39V_1212676_+	D39V	1212676	1212756	+	IGR_D39V_0986	81	35.802	0
NEG_IGR_0513_D39V_1522620_-	D39V	1522620	1522700	-	IGR_D39V_1238	81	30.864	0
NEG_IGR_0514_D39V_744162_+	D39V	744162	744242	+	IGR_D39V_0636	81	39.506	0
NEG_IGR_0515_D39V_1324461_-	D39V	1324461	1324541	-	IGR_D39V_1072	81	32.099	0
NEG_IGR_0516_D39V_1439952_-	D39V	1439952	1440032	-	IGR_D39V_1166	81	37.037	0
NEG_IGR_0517_D39V_1198722_+	D39V	1198722	1198802	+	IGR_D39V_0977	81	32.099	0
NEG_IGR_0518_D39V_56937_+	D39V	56937	57017	+	IGR_D39V_0045	81	49.383	0
NEG_IGR_0519_D39V_1457434_+	D39V	1457434	1457514	+	IGR_D39V_1180	81	40.741	0
NEG_IGR_0520_D39V_1721492_+	D39V	1721492	1721572	+	IGR_D39V_1413	81	38.272	0
NEG_IGR_0521_D39V_1276280_-	D39V	1276280	1276360	-	IGR_D39V_1032	81	38.272	0
NEG_IGR_0522_D39V_743914_+	D39V	743914	743994	+	IGR_D39V_0636	81	38.272	0
NEG_IGR_0523_D39V_1936275_-	D39V	1936275	1936355	-	IGR_D39V_1595	81	37.037	0
NEG_IGR_0524_D39V_1457140_-	D39V	1457140	1457220	-	IGR_D39V_1180	81	38.272	0
NEG_IGR_0525_D39V_281651_+	D39V	281651	281731	+	IGR_D39V_0269	81	30.864	0
NEG_IGR_0526_D39V_1956190_+	D39V	1956190	1956270	+	IGR_D39V_1610	81	32.099	0
NEG_IGR_0527_D39V_1818915_+	D39V	1818915	1818995	+	IGR_D39V_1497	81	27.16	0
NEG_IGR_0528_D39V_367653_+	D39V	367653	367733	+	IGR_D39V_0328	81	28.395	0
NEG_IGR_0529_D39V_660762_+	D39V	660762	660842	+	IGR_D39V_0559	81	28.395	0
NEG_IGR_0530_D39V_300427_+	D39V	300427	300507	+	IGR_D39V_0283	81	34.568	0
NEG_IGR_0531_D39V_1822526_+	D39V	1822526	1822606	+	IGR_D39V_1498	81	33.333	0
NEG_IGR_0532_D39V_285518_-	D39V	285518	285598	-	IGR_D39V_0272	81	24.691	0
NEG_IGR_0533_D39V_1608650_-	D39V	1608650	1608730	-	IGR_D39V_1316	81	35.802	0
NEG_IGR_0534_D39V_424057_-	D39V	424057	424137	-	IGR_D39V_0376	81	30.864	0
NEG_IGR_0535_D39V_675219_+	D39V	675219	675299	+	IGR_D39V_0574	81	37.037	0
NEG_IGR_0536_D39V_718671_+	D39V	718671	718751	+	IGR_D39V_0612	81	28.395	0
NEG_IGR_0537_D39V_1298153_-	D39V	1298153	1298233	-	IGR_D39V_1051	81	28.395	0
NEG_IGR_0538_D39V_538391_-	D39V	538391	538471	-	IGR_D39V_0467	81	33.333	0
NEG_IGR_0539_D39V_1541098_+	D39V	1541098	1541178	+	IGR_D39V_1253	81	23.457	0
NEG_IGR_0540_D39V_820858_-	D39V	820858	820938	-	IGR_D39V_0694	81	37.037	0
NEG_IGR_0541_D39V_512999_-	D39V	512999	513079	-	IGR_D39V_0446	81	30.864	0
NEG_IGR_0542_D39V_1509011_-	D39V	1509011	1509091	-	IGR_D39V_1228	81	30.864	0
NEG_IGR_0543_D39V_1343911_+	D39V	1343911	1343991	+	IGR_D39V_1091	81	27.16	0
NEG_IGR_0544_D39V_1751283_+	D39V	1751283	1751363	+	IGR_D39V_1437	81	28.395	0
NEG_IGR_0545_D39V_660730_+	D39V	660730	660810	+	IGR_D39V_0559	81	20.988	0
NEG_IGR_0546_D39V_1144901_-	D39V	1144901	1144981	-	IGR_D39V_0923	81	32.099	0
NEG_IGR_0547_D39V_1074538_+	D39V	1074538	1074618	+	IGR_D39V_0879	81	33.333	0
NEG_IGR_0548_D39V_627413_+	D39V	627413	627493	+	IGR_D39V_0531	81	29.63	0
NEG_IGR_0549_D39V_1901604_+	D39V	1901604	1901684	+	IGR_D39V_1569	81	33.333	0
NEG_IGR_0550_D39V_1902723_+	D39V	1902723	1902803	+	IGR_D39V_1571	81	35.802	0
NEG_IGR_0551_D39V_1738589_-	D39V	1738589	1738669	-	IGR_D39V_1429	81	35.802	0
NEG_IGR_0552_D39V_127188_+	D39V	127188	127268	+	IGR_D39V_0115	81	37.037	0
NEG_IGR_0553_D39V_232072_+	D39V	232072	232152	+	IGR_D39V_0227	81	34.568	0
NEG_IGR_0554_D39V_1343915_+	D39V	1343915	1343995	+	IGR_D39V_1091	81	25.926	0
NEG_IGR_0555_D39V_1725863_+	D39V	1725863	1725943	+	IGR_D39V_1417	81	32.099	0
NEG_IGR_0556_D39V_685390_+	D39V	685390	685470	+	IGR_D39V_0583	81	33.333	0
NEG_IGR_0557_D39V_123948_+	D39V	123948	124028	+	IGR_D39V_0111	81	24.691	0
NEG_IGR_0558_D39V_34488_+	D39V	34488	34568	+	IGR_D39V_0029	81	41.975	0
NEG_IGR_0559_D39V_810239_-	D39V	810239	810319	-	IGR_D39V_0686	81	38.272	0
NEG_IGR_0560_D39V_1652498_+	D39V	1652498	1652578	+	IGR_D39V_1351	81	22.222	0
NEG_IGR_0561_D39V_367232_+	D39V	367232	367312	+	IGR_D39V_0327	81	41.975	0
NEG_IGR_0562_D39V_1357646_+	D39V	1357646	1357726	+	IGR_D39V_1104	81	34.568	0
NEG_IGR_0563_D39V_2018506_+	D39V	2018506	2018586	+	IGR_D39V_1653	81	38.272	0
NEG_IGR_0564_D39V_652927_-	D39V	652927	653007	-	IGR_D39V_0551	81	37.037	0
NEG_IGR_0565_D39V_444791_+	D39V	444791	444871	+	IGR_D39V_0392	81	44.444	0
NEG_IGR_0566_D39V_1604696_+	D39V	1604696	1604776	+	IGR_D39V_1310	81	32.099	0
NEG_IGR_0567_D39V_1002274_+	D39V	1002274	1002354	+	IGR_D39V_0825	81	19.753	0
NEG_IGR_0568_D39V_1250303_-	D39V	1250303	1250383	-	IGR_D39V_1011	81	28.395	0
NEG_IGR_0569_D39V_1522760_-	D39V	1522760	1522840	-	IGR_D39V_1238	81	29.63	0
NEG_IGR_0570_D39V_984283_+	D39V	984283	984363	+	IGR_D39V_0810	81	29.63	0
NEG_IGR_0571_D39V_1277162_-	D39V	1277162	1277242	-	IGR_D39V_1033	81	34.568	0
NEG_IGR_0572_D39V_57057_+	D39V	57057	57137	+	IGR_D39V_0045	81	33.333	0
NEG_IGR_0573_D39V_170680_-	D39V	170680	170760	-	IGR_D39V_0155	81	39.506	0
NEG_IGR_0574_D39V_1973059_-	D39V	1973059	1973139	-	IGR_D39V_1621	81	34.568	0
NEG_IGR_0575_D39V_1819241_-	D39V	1819241	1819321	-	IGR_D39V_1497	81	27.16	0
NEG_IGR_0576_D39V_1511066_-	D39V	1511066	1511146	-	IGR_D39V_1230	81	30.864	0
NEG_IGR_0577_D39V_1901510_-	D39V	1901510	1901590	-	IGR_D39V_1569	81	28.395	0
NEG_IGR_0578_D39V_423639_+	D39V	423639	423719	+	IGR_D39V_0376	81	20.988	0
NEG_IGR_0579_D39V_1231610_-	D39V	1231610	1231690	-	IGR_D39V_1000	81	44.444	0
NEG_IGR_0580_D39V_119418_+	D39V	119418	119498	+	IGR_D39V_0100	81	30.864	0
NEG_IGR_0581_D39V_1728143_+	D39V	1728143	1728223	+	IGR_D39V_1419	81	38.272	0
NEG_IGR_0582_D39V_897584_+	D39V	897584	897664	+	IGR_D39V_0753	81	43.21	0
NEG_IGR_0583_D39V_1284422_-	D39V	1284422	1284502	-	IGR_D39V_1041	81	25.926	0
NEG_IGR_0584_D39V_1264513_-	D39V	1264513	1264593	-	IGR_D39V_1021	81	28.395	0
NEG_IGR_0585_D39V_422665_+	D39V	422665	422745	+	IGR_D39V_0375	81	35.802	0
NEG_IGR_0586_D39V_984421_-	D39V	984421	984501	-	IGR_D39V_0810	81	35.802	0
NEG_IGR_0587_D39V_361546_+	D39V	361546	361626	+	IGR_D39V_0324	81	33.333	0
NEG_IGR_0588_D39V_121007_+	D39V	121007	121087	+	IGR_D39V_0105	81	30.864	0
NEG_IGR_0589_D39V_760077_-	D39V	760077	760157	-	IGR_D39V_0649	81	37.037	0
NEG_IGR_0590_D39V_885187_+	D39V	885187	885267	+	IGR_D39V_0741	81	28.395	0
NEG_IGR_0591_D39V_1878922_-	D39V	1878922	1879002	-	IGR_D39V_1550	81	43.21	0
NEG_IGR_0592_D39V_1937694_-	D39V	1937694	1937774	-	IGR_D39V_1598	81	39.506	0
NEG_IGR_0593_D39V_1687228_-	D39V	1687228	1687308	-	IGR_D39V_1373	81	29.63	0
NEG_IGR_0594_D39V_2000311_+	D39V	2000311	2000391	+	IGR_D39V_1638	81	33.333	0
NEG_IGR_0595_D39V_1761755_-	D39V	1761755	1761835	-	IGR_D39V_1444	81	33.333	0
NEG_IGR_0596_D39V_120011_-	D39V	120011	120091	-	IGR_D39V_0102	81	29.63	0
NEG_IGR_0597_D39V_1878918_-	D39V	1878918	1878998	-	IGR_D39V_1550	81	44.444	0
NEG_IGR_0598_D39V_884175_+	D39V	884175	884255	+	IGR_D39V_0740	81	38.272	0
NEG_IGR_0599_D39V_538355_-	D39V	538355	538435	-	IGR_D39V_0467	81	37.037	0
NEG_IGR_0600_D39V_1488330_-	D39V	1488330	1488410	-	IGR_D39V_1213	81	22.222	0
NEG_IGR_0601_D39V_619930_+	D39V	619930	620010	+	IGR_D39V_0526	81	25.926	0
NEG_IGR_0602_D39V_1457374_+	D39V	1457374	1457454	+	IGR_D39V_1180	81	39.506	0
NEG_IGR_0603_D39V_281599_+	D39V	281599	281679	+	IGR_D39V_0269	81	28.395	0
NEG_IGR_0604_D39V_854813_-	D39V	854813	854893	-	IGR_D39V_0717	81	41.975	0
NEG_IGR_0605_D39V_1660662_+	D39V	1660662	1660742	+	IGR_D39V_1357	81	25.926	0
NEG_IGR_0606_D39V_1276626_+	D39V	1276626	1276706	+	IGR_D39V_1032	81	28.395	0
NEG_IGR_0607_D39V_1819309_-	D39V	1819309	1819389	-	IGR_D39V_1497	81	25.926	0
NEG_IGR_0608_D39V_1814281_+	D39V	1814281	1814361	+	IGR_D39V_1493	81	28.395	0
NEG_IGR_0609_D39V_958015_+	D39V	958015	958095	+	IGR_D39V_0786	81	20.988	0
NEG_IGR_0610_D39V_2000419_+	D39V	2000419	2000499	+	IGR_D39V_1638	81	34.568	0
NEG_IGR_0611_D39V_1336345_-	D39V	1336345	1336425	-	IGR_D39V_1084	81	34.568	0
NEG_IGR_0612_D39V_1612413_+	D39V	1612413	1612493	+	IGR_D39V_1320	81	34.568	0
NEG_IGR_0613_D39V_423999_+	D39V	423999	424079	+	IGR_D39V_0376	81	27.16	0
NEG_IGR_0614_D39V_1933557_-	D39V	1933557	1933637	-	IGR_D39V_1594	81	34.568	0
NEG_IGR_0615_D39V_1936153_+	D39V	1936153	1936233	+	IGR_D39V_1595	81	29.63	0
NEG_IGR_0616_D39V_577200_-	D39V	577200	577280	-	IGR_D39V_0496	81	41.975	0
NEG_IGR_0617_D39V_1785865_-	D39V	1785865	1785945	-	IGR_D39V_1462	81	32.099	0
NEG_IGR_0618_D39V_446636_+	D39V	446636	446716	+	IGR_D39V_0394	81	40.741	0
NEG_IGR_0619_D39V_2017140_+	D39V	2017140	2017220	+	IGR_D39V_1651	81	37.037	0
NEG_IGR_0620_D39V_1687474_+	D39V	1687474	1687554	+	IGR_D39V_1373	81	50.617	0
NEG_IGR_0621_D39V_1715588_-	D39V	1715588	1715668	-	IGR_D39V_1408	81	35.802	0
NEG_IGR_0622_D39V_469630_-	D39V	469630	469710	-	IGR_D39V_0410	81	41.975	0
NEG_IGR_0623_D39V_1819131_+	D39V	1819131	1819211	+	IGR_D39V_1497	81	25.926	0
NEG_IGR_0624_D39V_962112_+	D39V	962112	962192	+	IGR_D39V_0792	81	37.037	0
NEG_IGR_0625_D39V_90148_+	D39V	90148	90228	+	IGR_D39V_0073	81	43.21	0
NEG_IGR_0626_D39V_469782_-	D39V	469782	469862	-	IGR_D39V_0410	81	32.099	0
NEG_IGR_0627_D39V_1598634_-	D39V	1598634	1598714	-	IGR_D39V_1307	81	19.753	0
NEG_IGR_0628_D39V_1933473_-	D39V	1933473	1933553	-	IGR_D39V_1594	81	29.63	0
NEG_IGR_0629_D39V_810151_-	D39V	810151	810231	-	IGR_D39V_0686	81	34.568	0
NEG_IGR_0630_D39V_1660812_-	D39V	1660812	1660892	-	IGR_D39V_1357	81	29.63	0
NEG_IGR_0631_D39V_1936213_+	D39V	1936213	1936293	+	IGR_D39V_1595	81	40.741	0
NEG_IGR_0632_D39V_962074_-	D39V	962074	962154	-	IGR_D39V_0792	81	41.975	0
NEG_IGR_0633_D39V_1690482_-	D39V	1690482	1690562	-	IGR_D39V_1375	81	25.926	0
NEG_IGR_0634_D39V_1469797_-	D39V	1469797	1469877	-	IGR_D39V_1198	81	34.568	0
NEG_IGR_0635_D39V_1785829_-	D39V	1785829	1785909	-	IGR_D39V_1462	81	32.099	0
NEG_IGR_0636_D39V_1596332_+	D39V	1596332	1596412	+	IGR_D39V_1304	81	41.975	0
NEG_IGR_0637_D39V_1715586_+	D39V	1715586	1715666	+	IGR_D39V_1408	81	34.568	0
NEG_IGR_0638_D39V_596078_-	D39V	596078	596158	-	IGR_D39V_0508	81	41.975	0
NEG_IGR_0639_D39V_660914_+	D39V	660914	660994	+	IGR_D39V_0559	81	32.099	0
NEG_IGR_0640_D39V_433371_+	D39V	433371	433451	+	IGR_D39V_0382	81	30.864	0
NEG_IGR_0641_D39V_1662690_+	D39V	1662690	1662770	+	IGR_D39V_1359	81	24.691	0
NEG_IGR_0642_D39V_1522472_-	D39V	1522472	1522552	-	IGR_D39V_1238	81	22.222	0
NEG_IGR_0643_D39V_288872_+	D39V	288872	288952	+	IGR_D39V_0273	81	30.864	0
NEG_IGR_0644_D39V_917159_-	D39V	917159	917239	-	IGR_D39V_0768	81	30.864	0
NEG_IGR_0645_D39V_1796713_-	D39V	1796713	1796793	-	IGR_D39V_1470	81	23.457	0
NEG_IGR_0646_D39V_119594_+	D39V	119594	119674	+	IGR_D39V_0100	81	25.926	0
NEG_IGR_0647_D39V_1760108_+	D39V	1760108	1760188	+	IGR_D39V_1443	81	32.099	0
NEG_IGR_0648_D39V_1031535_-	D39V	1031535	1031615	-	IGR_D39V_0846	81	34.568	0
NEG_IGR_0649_D39V_564239_+	D39V	564239	564319	+	IGR_D39V_0486	81	46.914	0
NEG_IGR_0650_D39V_503187_-	D39V	503187	503267	-	IGR_D39V_0439	81	39.506	0
NEG_IGR_0651_D39V_1721458_-	D39V	1721458	1721538	-	IGR_D39V_1413	81	46.914	0
NEG_IGR_0652_D39V_1903624_-	D39V	1903624	1903704	-	IGR_D39V_1572	81	48.148	0
NEG_IGR_0653_D39V_1019702_-	D39V	1019702	1019782	-	IGR_D39V_0835	81	39.506	0
NEG_IGR_0654_D39V_847022_-	D39V	847022	847102	-	IGR_D39V_0710	81	25.926	0
NEG_IGR_0655_D39V_744338_+	D39V	744338	744418	+	IGR_D39V_0636	81	29.63	0
NEG_IGR_0656_D39V_1721718_-	D39V	1721718	1721798	-	IGR_D39V_1413	81	33.333	0
NEG_IGR_0657_D39V_1687176_-	D39V	1687176	1687256	-	IGR_D39V_1373	81	25.926	0
NEG_IGR_0658_D39V_1796657_-	D39V	1796657	1796737	-	IGR_D39V_1470	81	24.691	0
NEG_IGR_0659_D39V_565799_-	D39V	565799	565879	-	IGR_D39V_0489	81	25.926	0
NEG_IGR_0660_D39V_564271_+	D39V	564271	564351	+	IGR_D39V_0486	81	38.272	0
NEG_IGR_0661_D39V_87951_-	D39V	87951	88031	-	IGR_D39V_0071	81	38.272	0
NEG_IGR_0662_D39V_1455987_-	D39V	1455987	1456067	-	IGR_D39V_1178	81	32.099	0
NEG_IGR_0663_D39V_492739_+	D39V	492739	492819	+	IGR_D39V_0430	81	40.741	0
NEG_IGR_0664_D39V_948910_+	D39V	948910	948990	+	IGR_D39V_0782	81	33.333	0
NEG_IGR_0665_D39V_809893_+	D39V	809893	809973	+	IGR_D39V_0686	81	45.679	0
NEG_IGR_0666_D39V_685516_-	D39V	685516	685596	-	IGR_D39V_0583	81	29.63	0
NEG_IGR_0667_D39V_1785849_-	D39V	1785849	1785929	-	IGR_D39V_1462	81	28.395	0
NEG_IGR_0668_D39V_165447_+	D39V	165447	165527	+	IGR_D39V_0151	81	43.21	0
NEG_IGR_0669_D39V_1987290_-	D39V	1987290	1987370	-	IGR_D39V_1630	81	44.444	0
NEG_IGR_0670_D39V_1655168_+	D39V	1655168	1655248	+	IGR_D39V_1354	81	41.975	0
NEG_IGR_0671_D39V_685550_+	D39V	685550	685630	+	IGR_D39V_0583	81	35.802	0
NEG_IGR_0672_D39V_847120_+	D39V	847120	847200	+	IGR_D39V_0710	81	33.333	0
NEG_IGR_0673_D39V_1388112_+	D39V	1388112	1388192	+	IGR_D39V_1130	81	33.333	0
NEG_IGR_0674_D39V_1153482_+	D39V	1153482	1153562	+	IGR_D39V_0931	81	29.63	0
NEG_IGR_0675_D39V_948990_+	D39V	948990	949070	+	IGR_D39V_0782	81	32.099	0
NEG_IGR_0676_D39V_1487562_+	D39V	1487562	1487642	+	IGR_D39V_1212	81	32.099	0
NEG_IGR_0677_D39V_2018594_+	D39V	2018594	2018674	+	IGR_D39V_1653	81	30.864	0
NEG_IGR_0678_D39V_1738429_-	D39V	1738429	1738509	-	IGR_D39V_1429	81	40.741	0
NEG_IGR_0679_D39V_1203655_+	D39V	1203655	1203735	+	IGR_D39V_0982	81	32.099	0
NEG_IGR_0680_D39V_810083_-	D39V	810083	810163	-	IGR_D39V_0686	81	30.864	0
NEG_IGR_0681_D39V_1956210_+	D39V	1956210	1956290	+	IGR_D39V_1610	81	29.63	0
NEG_IGR_0682_D39V_91887_+	D39V	91887	91967	+	IGR_D39V_0074	81	44.444	0
NEG_IGR_0683_D39V_300421_-	D39V	300421	300501	-	IGR_D39V_0283	81	34.568	0
NEG_IGR_0684_D39V_1818843_+	D39V	1818843	1818923	+	IGR_D39V_1497	81	30.864	0
NEG_IGR_0685_D39V_1995340_+	D39V	1995340	1995420	+	IGR_D39V_1635	81	34.568	0
NEG_IGR_0686_D39V_652879_-	D39V	652879	652959	-	IGR_D39V_0551	81	43.21	0
NEG_IGR_0687_D39V_469730_-	D39V	469730	469810	-	IGR_D39V_0410	81	38.272	0
NEG_IGR_0688_D39V_1282752_+	D39V	1282752	1282832	+	IGR_D39V_1039	81	35.802	0
NEG_IGR_0689_D39V_1986109_+	D39V	1986109	1986189	+	IGR_D39V_1628	81	29.63	0
NEG_IGR_0690_D39V_660826_+	D39V	660826	660906	+	IGR_D39V_0559	81	34.568	0
NEG_IGR_0691_D39V_119564_-	D39V	119564	119644	-	IGR_D39V_0100	81	29.63	0
NEG_IGR_0692_D39V_288892_+	D39V	288892	288972	+	IGR_D39V_0273	81	28.395	0
NEG_IGR_0693_D39V_1289900_+	D39V	1289900	1289980	+	IGR_D39V_1046	81	22.222	0
NEG_IGR_0694_D39V_1001411_-	D39V	1001411	1001491	-	IGR_D39V_0824	81	30.864	0
NEG_IGR_0695_D39V_828840_-	D39V	828840	828920	-	IGR_D39V_0702	81	35.802	0
NEG_IGR_0696_D39V_1575059_+	D39V	1575059	1575139	+	IGR_D39V_1279	81	46.914	0
NEG_IGR_0697_D39V_1662628_-	D39V	1662628	1662708	-	IGR_D39V_1359	81	25.926	0
NEG_IGR_0698_D39V_781010_+	D39V	781010	781090	+	IGR_D39V_0667	81	25.926	0
NEG_IGR_0699_D39V_1001531_-	D39V	1001531	1001611	-	IGR_D39V_0824	81	28.395	0
NEG_IGR_0700_D39V_1299673_+	D39V	1299673	1299753	+	IGR_D39V_1052	81	25.926	0
NEG_IGR_0701_D39V_1162476_+	D39V	1162476	1162556	+	IGR_D39V_0937	81	24.691	0
NEG_IGR_0702_D39V_300441_-	D39V	300441	300521	-	IGR_D39V_0283	81	33.333	0
NEG_IGR_0703_D39V_917443_+	D39V	917443	917523	+	IGR_D39V_0769	81	19.753	0
NEG_IGR_0704_D39V_1878956_+	D39V	1878956	1879036	+	IGR_D39V_1550	81	39.506	0
NEG_IGR_0705_D39V_1282490_-	D39V	1282490	1282570	-	IGR_D39V_1039	81	30.864	0
NEG_IGR_0706_D39V_473943_+	D39V	473943	474023	+	IGR_D39V_0412	81	24.691	0
NEG_IGR_0707_D39V_642597_+	D39V	642597	642677	+	IGR_D39V_0543	81	39.506	0
NEG_IGR_0708_D39V_123968_+	D39V	123968	124048	+	IGR_D39V_0111	81	22.222	0
NEG_IGR_0709_D39V_1526107_-	D39V	1526107	1526187	-	IGR_D39V_1239	81	38.272	0
NEG_IGR_0710_D39V_1001509_+	D39V	1001509	1001589	+	IGR_D39V_0824	81	30.864	0
NEG_IGR_0711_D39V_21935_-	D39V	21935	22015	-	IGR_D39V_0015	81	23.457	0
NEG_IGR_0712_D39V_1188876_+	D39V	1188876	1188956	+	IGR_D39V_0966	81	19.753	0
NEG_IGR_0713_D39V_1933545_-	D39V	1933545	1933625	-	IGR_D39V_1594	81	33.333	0
NEG_IGR_0714_D39V_1698665_-	D39V	1698665	1698745	-	IGR_D39V_1381	81	24.691	0
NEG_IGR_0715_D39V_1203801_-	D39V	1203801	1203881	-	IGR_D39V_0982	81	34.568	0
NEG_IGR_0716_D39V_1508436_+	D39V	1508436	1508516	+	IGR_D39V_1227	81	28.395	0
NEG_IGR_0717_D39V_1548715_+	D39V	1548715	1548795	+	IGR_D39V_1259	81	30.864	0
NEG_IGR_0718_D39V_1956904_+	D39V	1956904	1956984	+	IGR_D39V_1611	81	25.926	0
NEG_IGR_0719_D39V_1608620_+	D39V	1608620	1608700	+	IGR_D39V_1316	81	37.037	0
NEG_IGR_0720_D39V_1598666_-	D39V	1598666	1598746	-	IGR_D39V_1307	81	25.926	0
NEG_IGR_0721_D39V_1469845_-	D39V	1469845	1469925	-	IGR_D39V_1198	81	27.16	0
NEG_IGR_0722_D39V_493426_+	D39V	493426	493506	+	IGR_D39V_0431	81	25.926	0
NEG_IGR_0723_D39V_885159_+	D39V	885159	885239	+	IGR_D39V_0741	81	23.457	0
