Sequence_ID	Chromosome	Position	Strand	Associated_CDS	GC_Content(%)	Distance_to_Nearest_TSS(bp)
NEG_SPV_0437_CP027540.1_442290_+	CP027540.1	442290	+	SPV_0437	37.04	895
NEG_SPV_0101_CP027540.1_102208_-	CP027540.1	102208	-	SPV_0101	40.74	1900
NEG_SPV_1071_CP027540.1_1097123_-	CP027540.1	1097123	-	SPV_1071	20.99	2525
NEG_SPV_0980_CP027540.1_971614_+	CP027540.1	971614	+	SPV_0980	35.8	891
NEG_SPV_0877_CP027540.1_890721_+	CP027540.1	890721	+	SPV_0877	39.51	606
NEG_SPV_0540_CP027540.1_554646_-	CP027540.1	554646	-	SPV_0540	40.74	564
NEG_SPV_0405_CP027540.1_407125_+	CP027540.1	407125	+	SPV_0405	38.27	1855
NEG_SPV_0343_CP027540.1_348258_+	CP027540.1	348258	+	SPV_0343	39.51	603
NEG_SPV_1656_CP027540.1_1669534_-	CP027540.1	1669534	-	SPV_1656	45.68	4204
NEG_SPV_0130_CP027540.1_135121_-	CP027540.1	135121	-	SPV_0130	46.91	1948
NEG_SPV_0123_CP027540.1_126015_+	CP027540.1	126015	+	SPV_0123	41.98	347
NEG_SPV_0371_CP027540.1_374536_+	CP027540.1	374536	+	SPV_0371	43.21	1143
NEG_SPV_0858_CP027540.1_873482_+	CP027540.1	873482	+	SPV_0858	41.98	2046
NEG_SPV_1018_CP027540.1_925055_-	CP027540.1	925055	-	SPV_1018	32.1	2118
NEG_SPV_2035_CP027540.1_2014212_-	CP027540.1	2014212	-	SPV_2035	35.8	958
NEG_SPV_0109_CP027540.1_109282_+	CP027540.1	109282	+	SPV_0109	33.33	404
NEG_SPV_0781_CP027540.1_794118_+	CP027540.1	794118	+	SPV_0781	49.38	548
NEG_SPV_1644_CP027540.1_1659615_-	CP027540.1	1659615	-	SPV_1644	37.04	815
NEG_SPV_0864_CP027540.1_879281_+	CP027540.1	879281	+	SPV_0864	40.74	318
NEG_SPV_1792_CP027540.1_1787735_-	CP027540.1	1787735	-	SPV_1792	43.21	202
NEG_SPV_1079_CP027540.1_1109265_-	CP027540.1	1109265	-	SPV_1079	39.51	1549
NEG_SPV_0038_CP027540.1_33525_+	CP027540.1	33525	+	SPV_0038	46.91	442
NEG_SPV_0608_CP027540.1_632430_+	CP027540.1	632430	+	SPV_0608	41.98	227
NEG_SPV_1659_CP027540.1_1671681_-	CP027540.1	1671681	-	SPV_1659	49.38	2057
NEG_SPV_1335_CP027540.1_1351422_-	CP027540.1	1351422	-	SPV_1335	43.21	2590
NEG_SPV_1079_CP027540.1_1108425_-	CP027540.1	1108425	-	SPV_1079	29.63	2389
NEG_SPV_0586_CP027540.1_613188_+	CP027540.1	613188	+	SPV_0586	40.74	2557
NEG_SPV_0844_CP027540.1_860267_+	CP027540.1	860267	+	SPV_0844	43.21	599
NEG_SPV_1318_CP027540.1_1335631_-	CP027540.1	1335631	-	SPV_1318	43.21	541
NEG_SPV_0404_CP027540.1_406272_+	CP027540.1	406272	+	SPV_0404	45.68	1002
NEG_SPV_0366_CP027540.1_370770_-	CP027540.1	370770	-	SPV_0366	48.15	2548
NEG_SPV_1487_CP027540.1_1504940_+	CP027540.1	1504940	+	SPV_1487	45.68	575
NEG_SPV_0380_CP027540.1_385539_+	CP027540.1	385539	+	SPV_0380	50.62	790
NEG_SPV_1399_CP027540.1_1419574_-	CP027540.1	1419574	-	SPV_1399	39.51	1129
NEG_SPV_1351_CP027540.1_1364815_-	CP027540.1	1364815	-	SPV_1351	43.21	860
NEG_SPV_0894_CP027540.1_1055397_+	CP027540.1	1055397	+	SPV_0894	38.27	327
NEG_SPV_0176_CP027540.1_181670_+	CP027540.1	181670	+	SPV_0176	43.21	1952
NEG_SPV_1848_CP027540.1_1834243_-	CP027540.1	1834243	-	SPV_1848	49.38	2382
NEG_SPV_0488_CP027540.1_496317_+	CP027540.1	496317	+	SPV_0488	46.91	507
NEG_SPV_1483_CP027540.1_1500040_-	CP027540.1	1500040	-	SPV_1483	37.04	1372
NEG_SPV_0321_CP027540.1_320840_+	CP027540.1	320840	+	SPV_0321	27.16	571
NEG_SPV_1131_CP027540.1_1163397_-	CP027540.1	1163397	-	SPV_1131	43.21	4098
NEG_SPV_1413_CP027540.1_1432025_-	CP027540.1	1432025	-	SPV_1413	44.44	375
NEG_SPV_0757_CP027540.1_768584_+	CP027540.1	768584	+	SPV_0757	40.74	1001
NEG_SPV_0287_CP027540.1_286591_+	CP027540.1	286591	+	SPV_0287	43.21	1194
NEG_SPV_0186_CP027540.1_191355_+	CP027540.1	191355	+	SPV_0186	35.8	208
NEG_SPV_1029_CP027540.1_909542_+	CP027540.1	909542	+	SPV_1029	45.68	217
NEG_SPV_1120_CP027540.1_1149855_-	CP027540.1	1149855	-	SPV_1120	43.21	282
NEG_SPV_0324_CP027540.1_323970_+	CP027540.1	323970	+	SPV_0324	23.46	3701
NEG_SPV_1018_CP027540.1_925395_-	CP027540.1	925395	-	SPV_1018	41.98	1778
NEG_SPV_0399_CP027540.1_401427_+	CP027540.1	401427	+	SPV_0399	39.51	1204
NEG_SPV_1488_CP027540.1_1505587_-	CP027540.1	1505587	-	SPV_1488	43.21	1222
NEG_SPV_1079_CP027540.1_1108695_-	CP027540.1	1108695	-	SPV_1079	35.8	2119
NEG_SPV_1826_CP027540.1_1811882_-	CP027540.1	1811882	-	SPV_1826	39.51	220
NEG_SPV_1425_CP027540.1_1444811_-	CP027540.1	1444811	-	SPV_1425	40.74	1353
NEG_SPV_0622_CP027540.1_644963_+	CP027540.1	644963	+	SPV_0622	43.21	675
NEG_SPV_2370_CP027540.1_1469395_-	CP027540.1	1469395	-	SPV_2370	35.8	260
NEG_SPV_1385_CP027540.1_1406950_-	CP027540.1	1406950	-	SPV_1385	43.21	2284
NEG_SPV_0818_CP027540.1_836882_+	CP027540.1	836882	+	SPV_0818	35.8	222
NEG_SPV_1038_CP027540.1_1065219_-	CP027540.1	1065219	-	SPV_1038	49.38	430
NEG_SPV_0294_CP027540.1_294021_+	CP027540.1	294021	+	SPV_0294	43.21	890
NEG_SPV_0661_CP027540.1_680061_+	CP027540.1	680061	+	SPV_0661	44.44	799
NEG_SPV_0980_CP027540.1_971404_+	CP027540.1	971404	+	SPV_0980	41.98	681
NEG_SPV_0626_CP027540.1_648212_+	CP027540.1	648212	+	SPV_0626	45.68	1042
NEG_SPV_1866_CP027540.1_1845800_-	CP027540.1	1845800	-	SPV_1866	48.15	655
NEG_SPV_1486_CP027540.1_1503173_-	CP027540.1	1503173	-	SPV_1486	45.68	1064
NEG_SPV_1046_CP027540.1_1076266_-	CP027540.1	1076266	-	SPV_1046	40.74	2557
NEG_SPV_0862_CP027540.1_876901_+	CP027540.1	876901	+	SPV_0862	46.91	1373
NEG_SPV_1251_CP027540.1_1280339_-	CP027540.1	1280339	-	SPV_1251	37.04	1368
NEG_SPV_0245_CP027540.1_236708_+	CP027540.1	236708	+	SPV_0245	45.68	2408
NEG_SPV_1025_CP027540.1_913580_+	CP027540.1	913580	+	SPV_1025	37.04	3412
NEG_SPV_0130_CP027540.1_135951_-	CP027540.1	135951	-	SPV_0130	45.68	1118
NEG_SPV_1215_CP027540.1_1246601_+	CP027540.1	1246601	+	SPV_1215	37.04	1338
NEG_SPV_1567_CP027540.1_1586334_+	CP027540.1	1586334	+	SPV_1567	35.8	433
NEG_SPV_1039_CP027540.1_1068064_-	CP027540.1	1068064	-	SPV_1039	41.98	658
NEG_SPV_0274_CP027540.1_273084_+	CP027540.1	273084	+	SPV_0274	35.8	327
NEG_SPV_0822_CP027540.1_841722_+	CP027540.1	841722	+	SPV_0822	48.15	833
NEG_SPV_1213_CP027540.1_1243939_-	CP027540.1	1243939	-	SPV_1213	44.44	1205
NEG_SPV_0829_CP027540.1_847411_+	CP027540.1	847411	+	SPV_0829	33.33	1847
NEG_SPV_2014_CP027540.1_1992189_-	CP027540.1	1992189	-	SPV_2014	39.51	506
NEG_SPV_1542_CP027540.1_1564881_-	CP027540.1	1564881	-	SPV_1542	49.38	924
NEG_SPV_1847_CP027540.1_1832495_-	CP027540.1	1832495	-	SPV_1847	37.04	3591
NEG_SPV_0558_CP027540.1_570664_+	CP027540.1	570664	+	SPV_0558	33.33	436
NEG_SPV_0890_CP027540.1_1058919_-	CP027540.1	1058919	-	SPV_0890	37.04	3085
NEG_SPV_0540_CP027540.1_554886_-	CP027540.1	554886	-	SPV_0540	43.21	324
NEG_SPV_0973_CP027540.1_977594_-	CP027540.1	977594	-	SPV_0973	45.68	338
NEG_SPV_0905_CP027540.1_1047032_-	CP027540.1	1047032	-	SPV_0905	25.93	843
NEG_SPV_1677_CP027540.1_1692895_-	CP027540.1	1692895	-	SPV_1677	46.91	3179
NEG_SPV_1555_CP027540.1_1577769_-	CP027540.1	1577769	-	SPV_1555	35.8	2835
NEG_SPV_1413_CP027540.1_1432975_-	CP027540.1	1432975	-	SPV_1413	41.98	478
NEG_SPV_0862_CP027540.1_876131_+	CP027540.1	876131	+	SPV_0862	38.27	603
NEG_SPV_0536_CP027540.1_549870_+	CP027540.1	549870	+	SPV_0536	32.1	383
NEG_SPV_2054_CP027540.1_2031246_+	CP027540.1	2031246	+	SPV_2054	34.57	1315
NEG_SPV_1990_CP027540.1_1968307_-	CP027540.1	1968307	-	SPV_1990	40.74	3656
NEG_SPV_0361_CP027540.1_364478_+	CP027540.1	364478	+	SPV_0361	40.74	3303
NEG_SPV_0193_CP027540.1_196941_+	CP027540.1	196941	+	SPV_0193	54.32	517
NEG_SPV_0430_CP027540.1_435518_-	CP027540.1	435518	-	SPV_0430	44.44	722
NEG_SPV_0577_CP027540.1_603494_+	CP027540.1	603494	+	SPV_0577	38.27	1600
NEG_SPV_0609_CP027540.1_633425_+	CP027540.1	633425	+	SPV_0609	45.68	420
NEG_SPV_1657_CP027540.1_1670272_-	CP027540.1	1670272	-	SPV_1657	30.86	3466
NEG_SPV_0264_CP027540.1_262791_-	CP027540.1	262791	-	SPV_0264	50.62	852
NEG_SPV_1504_CP027540.1_1523861_-	CP027540.1	1523861	-	SPV_1504	45.68	2737
NEG_SPV_1495_CP027540.1_1512229_-	CP027540.1	1512229	-	SPV_1495	44.44	1248
NEG_SPV_1903_CP027540.1_1874800_-	CP027540.1	1874800	-	SPV_1903	45.68	1060
NEG_SPV_0953_CP027540.1_998246_-	CP027540.1	998246	-	SPV_0953	38.27	1609
NEG_SPV_0053_CP027540.1_51423_+	CP027540.1	51423	+	SPV_0053	53.09	4154
NEG_SPV_0444_CP027540.1_453349_+	CP027540.1	453349	+	SPV_0444	35.8	749
NEG_SPV_2297_CP027540.1_1064418_-	CP027540.1	1064418	-	SPV_2297	40.74	364
NEG_SPV_1335_CP027540.1_1351222_-	CP027540.1	1351222	-	SPV_1335	43.21	2390
NEG_SPV_0439_CP027540.1_443111_+	CP027540.1	443111	+	SPV_0439	40.74	834
NEG_SPV_1131_CP027540.1_1164247_-	CP027540.1	1164247	-	SPV_1131	37.04	4682
NEG_SPV_1739_CP027540.1_1733586_-	CP027540.1	1733586	-	SPV_1739	34.57	641
NEG_SPV_0597_CP027540.1_622993_+	CP027540.1	622993	+	SPV_0597	39.51	304
NEG_SPV_1827_CP027540.1_1813121_+	CP027540.1	1813121	+	SPV_1827	45.68	928
NEG_SPV_0011_CP027540.1_10934_+	CP027540.1	10934	+	SPV_0011	33.33	608
NEG_SPV_0902_CP027540.1_1049592_+	CP027540.1	1049592	+	SPV_0902	45.68	1360
NEG_SPV_2017_CP027540.1_1996730_-	CP027540.1	1996730	-	SPV_2017	40.74	1463
NEG_SPV_0698_CP027540.1_711717_+	CP027540.1	711717	+	SPV_0698	34.57	573
NEG_SPV_2047_CP027540.1_2024759_-	CP027540.1	2024759	-	SPV_2047	30.86	2793
NEG_SPV_0423_CP027540.1_425544_-	CP027540.1	425544	-	SPV_0423	34.57	707
NEG_SPV_1153_CP027540.1_1183927_+	CP027540.1	1183927	+	SPV_1153	49.38	420
NEG_SPV_2047_CP027540.1_2024709_-	CP027540.1	2024709	-	SPV_2047	37.04	2743
NEG_SPV_0782_CP027540.1_795042_+	CP027540.1	795042	+	SPV_0782	37.04	376
NEG_SPV_0577_CP027540.1_603484_+	CP027540.1	603484	+	SPV_0577	37.04	1610
NEG_SPV_1466_CP027540.1_1483362_-	CP027540.1	1483362	-	SPV_1466	37.04	335
NEG_SPV_0618_CP027540.1_639758_-	CP027540.1	639758	-	SPV_0618	43.21	577
NEG_SPV_0002_CP027540.1_1780_+	CP027540.1	1780	+	SPV_0002	27.16	1150
NEG_SPV_1250_CP027540.1_1279898_-	CP027540.1	1279898	-	SPV_1250	53.09	1809
NEG_SPV_1977_CP027540.1_1952288_+	CP027540.1	1952288	+	SPV_1977	43.21	612
NEG_SPV_0080_CP027540.1_81595_+	CP027540.1	81595	+	SPV_0080	46.91	1482
NEG_SPV_0442_CP027540.1_445069_+	CP027540.1	445069	+	SPV_0442	40.74	443
NEG_SPV_1416_CP027540.1_1436889_+	CP027540.1	1436889	+	SPV_1416	41.98	550
NEG_SPV_1192_CP027540.1_1220137_-	CP027540.1	1220137	-	SPV_1192	51.85	2184
NEG_SPV_1004_CP027540.1_948394_-	CP027540.1	948394	-	SPV_1004	40.74	298
NEG_SPV_0250_CP027540.1_243880_-	CP027540.1	243880	-	SPV_0250	41.98	627
NEG_SPV_1001_CP027540.1_953133_-	CP027540.1	953133	-	SPV_1001	41.98	428
NEG_SPV_0321_CP027540.1_320730_+	CP027540.1	320730	+	SPV_0321	24.69	461
NEG_SPV_0336_CP027540.1_342748_-	CP027540.1	342748	-	SPV_0336	45.68	839
NEG_SPV_1971_CP027540.1_1942095_-	CP027540.1	1942095	-	SPV_1971	39.51	2595
NEG_SPV_0287_CP027540.1_285691_+	CP027540.1	285691	+	SPV_0287	38.27	294
NEG_SPV_0494_CP027540.1_500257_+	CP027540.1	500257	+	SPV_0494	48.15	2088
NEG_SPV_0504_CP027540.1_513653_+	CP027540.1	513653	+	SPV_0504	41.98	348
NEG_SPV_1929_CP027540.1_1900990_+	CP027540.1	1900990	+	SPV_1929	38.27	570
NEG_SPV_0634_CP027540.1_654661_+	CP027540.1	654661	+	SPV_0634	39.51	540
NEG_SPV_0890_CP027540.1_1059389_-	CP027540.1	1059389	-	SPV_0890	33.33	2615
NEG_SPV_1661_CP027540.1_1673256_-	CP027540.1	1673256	-	SPV_1661	48.15	482
NEG_SPV_0825_CP027540.1_844510_+	CP027540.1	844510	+	SPV_0825	43.21	323
NEG_SPV_0787_CP027540.1_802261_-	CP027540.1	802261	-	SPV_0787	44.44	1358
NEG_SPV_1204_CP027540.1_1233913_-	CP027540.1	1233913	-	SPV_1204	40.74	1591
NEG_SPV_1553_CP027540.1_1576354_-	CP027540.1	1576354	-	SPV_1553	44.44	1420
NEG_SPV_1465_CP027540.1_1481942_-	CP027540.1	1481942	-	SPV_1465	40.74	1755
NEG_SPV_1752_CP027540.1_1746496_+	CP027540.1	1746496	+	SPV_1752	28.4	454
NEG_SPV_1819_CP027540.1_1804015_-	CP027540.1	1804015	-	SPV_1819	39.51	428
NEG_SPV_0468_CP027540.1_478348_+	CP027540.1	478348	+	SPV_0468	38.27	997
NEG_SPV_0967_CP027540.1_982912_-	CP027540.1	982912	-	SPV_0967	53.09	382
NEG_SPV_0887_CP027540.1_898108_+	CP027540.1	898108	+	SPV_0887	45.68	273
NEG_SPV_0265_CP027540.1_264533_-	CP027540.1	264533	-	SPV_0265	50.62	405
NEG_SPV_1328_CP027540.1_1344200_-	CP027540.1	1344200	-	SPV_1328	38.27	799
NEG_SPV_0083_CP027540.1_86605_+	CP027540.1	86605	+	SPV_0083	44.44	387
NEG_SPV_1023_CP027540.1_916749_-	CP027540.1	916749	-	SPV_1023	29.63	243
NEG_SPV_0863_CP027540.1_878558_+	CP027540.1	878558	+	SPV_0863	41.98	1041
NEG_SPV_0041_CP027540.1_36550_+	CP027540.1	36550	+	SPV_0041	51.85	804
NEG_SPV_0292_CP027540.1_292339_-	CP027540.1	292339	-	SPV_0292	45.68	792
NEG_SPV_0250_CP027540.1_246370_-	CP027540.1	246370	-	SPV_0250	41.98	1215
NEG_SPV_1025_CP027540.1_913300_+	CP027540.1	913300	+	SPV_1025	49.38	3541
NEG_SPV_0280_CP027540.1_278619_+	CP027540.1	278619	+	SPV_0280	25.93	1396
NEG_SPV_0129_CP027540.1_133658_+	CP027540.1	133658	+	SPV_0129	50.62	1470
NEG_SPV_1280_CP027540.1_1306614_-	CP027540.1	1306614	-	SPV_1280	45.68	1038
NEG_SPV_0291_CP027540.1_291849_-	CP027540.1	291849	-	SPV_0291	45.68	1282
NEG_SPV_1007_CP027540.1_943410_-	CP027540.1	943410	-	SPV_1007	38.27	335
NEG_SPV_1079_CP027540.1_1110015_-	CP027540.1	1110015	-	SPV_1079	38.27	799
NEG_SPV_1970_CP027540.1_1940402_-	CP027540.1	1940402	-	SPV_1970	48.15	4288
NEG_SPV_0838_CP027540.1_854487_+	CP027540.1	854487	+	SPV_0838	41.98	818
NEG_SPV_0514_CP027540.1_527144_+	CP027540.1	527144	+	SPV_0514	37.04	3433
NEG_SPV_1922_CP027540.1_1891662_-	CP027540.1	1891662	-	SPV_1922	46.91	1140
NEG_SPV_0990_CP027540.1_962678_-	CP027540.1	962678	-	SPV_0990	34.57	720
NEG_SPV_1924_CP027540.1_1893198_-	CP027540.1	1893198	-	SPV_1924	43.21	232
NEG_SPV_1594_CP027540.1_1610870_-	CP027540.1	1610870	-	SPV_1594	37.04	1291
NEG_SPV_0748_CP027540.1_761513_+	CP027540.1	761513	+	SPV_0748	46.91	1256
NEG_SPV_0371_CP027540.1_376186_+	CP027540.1	376186	+	SPV_0371	40.74	601
NEG_SPV_0382_CP027540.1_386746_+	CP027540.1	386746	+	SPV_0382	43.21	341
NEG_SPV_1708_CP027540.1_1710122_+	CP027540.1	1710122	+	SPV_1708	43.21	1094
NEG_SPV_1383_CP027540.1_1403593_-	CP027540.1	1403593	-	SPV_1383	41.98	984
NEG_SPV_1663_CP027540.1_1675187_-	CP027540.1	1675187	-	SPV_1663	38.27	731
NEG_SPV_1609_CP027540.1_1625827_-	CP027540.1	1625827	-	SPV_1609	38.27	1002
NEG_SPV_1900_CP027540.1_1870736_-	CP027540.1	1870736	-	SPV_1900	33.33	525
NEG_SPV_0238_CP027540.1_229225_+	CP027540.1	229225	+	SPV_0238	45.68	1118
NEG_SPV_0388_CP027540.1_391784_+	CP027540.1	391784	+	SPV_0388	48.15	2595
NEG_SPV_0254_CP027540.1_252770_+	CP027540.1	252770	+	SPV_0254	45.68	1301
NEG_SPV_1572_CP027540.1_1591682_-	CP027540.1	1591682	-	SPV_1572	46.91	3193
NEG_SPV_1332_CP027540.1_1348154_-	CP027540.1	1348154	-	SPV_1332	43.21	576
NEG_SPV_0429_CP027540.1_434405_-	CP027540.1	434405	-	SPV_0429	46.91	1835
NEG_SPV_0961_CP027540.1_988815_-	CP027540.1	988815	-	SPV_0961	45.68	1238
NEG_SPV_0752_CP027540.1_765701_+	CP027540.1	765701	+	SPV_0752	41.98	982
NEG_SPV_0748_CP027540.1_760993_+	CP027540.1	760993	+	SPV_0748	32.1	1776
NEG_SPV_1788_CP027540.1_1784509_-	CP027540.1	1784509	-	SPV_1788	41.98	295
NEG_SPV_0542_CP027540.1_556975_+	CP027540.1	556975	+	SPV_0542	46.91	1626
NEG_SPV_1655_CP027540.1_1669286_-	CP027540.1	1669286	-	SPV_1655	40.74	4452
NEG_SPV_0715_CP027540.1_730596_-	CP027540.1	730596	-	SPV_0715	43.21	243
NEG_SPV_1079_CP027540.1_1110185_-	CP027540.1	1110185	-	SPV_1079	44.44	629
NEG_SPV_1867_CP027540.1_1847174_-	CP027540.1	1847174	-	SPV_1867	49.38	719
NEG_SPV_0957_CP027540.1_992619_-	CP027540.1	992619	-	SPV_0957	44.44	787
NEG_SPV_0308_CP027540.1_307937_+	CP027540.1	307937	+	SPV_0308	45.68	1484
NEG_SPV_1764_CP027540.1_1764038_-	CP027540.1	1764038	-	SPV_1764	46.91	367
NEG_SPV_0385_CP027540.1_390100_+	CP027540.1	390100	+	SPV_0385	50.62	1370
NEG_SPV_0225_CP027540.1_215582_-	CP027540.1	215582	-	SPV_0225	41.98	2716
NEG_SPV_0063_CP027540.1_62387_-	CP027540.1	62387	-	SPV_0063	41.98	3096
NEG_SPV_0368_CP027540.1_372606_-	CP027540.1	372606	-	SPV_0368	43.21	712
NEG_SPV_1012_CP027540.1_937561_-	CP027540.1	937561	-	SPV_1012	41.98	1196
NEG_SPV_0636_CP027540.1_658282_+	CP027540.1	658282	+	SPV_0636	37.04	968
NEG_SPV_1590_CP027540.1_1607774_+	CP027540.1	1607774	+	SPV_1590	34.57	1235
NEG_SPV_1971_CP027540.1_1941175_-	CP027540.1	1941175	-	SPV_1971	43.21	3515
NEG_SPV_1956_CP027540.1_1925158_-	CP027540.1	1925158	-	SPV_1956	44.44	517
NEG_SPV_0836_CP027540.1_852683_+	CP027540.1	852683	+	SPV_0836	43.21	986
NEG_SPV_1564_CP027540.1_1585100_+	CP027540.1	1585100	+	SPV_1564	48.15	265
NEG_SPV_0250_CP027540.1_245740_-	CP027540.1	245740	-	SPV_0250	41.98	1845
NEG_SPV_0631_CP027540.1_652337_+	CP027540.1	652337	+	SPV_0631	37.04	1643
NEG_SPV_1485_CP027540.1_1501786_-	CP027540.1	1501786	-	SPV_1485	43.21	374
NEG_SPV_0006_CP027540.1_6825_+	CP027540.1	6825	+	SPV_0006	35.8	1445
NEG_SPV_1520_CP027540.1_1544048_-	CP027540.1	1544048	-	SPV_1520	40.74	1996
NEG_SPV_0890_CP027540.1_1059769_-	CP027540.1	1059769	-	SPV_0890	38.27	2235
NEG_SPV_1833_CP027540.1_1818499_+	CP027540.1	1818499	+	SPV_1833	41.98	3128
NEG_SPV_1103_CP027540.1_1134412_-	CP027540.1	1134412	-	SPV_1103	43.21	3814
NEG_SPV_1661_CP027540.1_1672906_-	CP027540.1	1672906	-	SPV_1661	40.74	832
NEG_SPV_1972_CP027540.1_1944081_-	CP027540.1	1944081	-	SPV_1972	46.91	609
NEG_SPV_0583_CP027540.1_611052_+	CP027540.1	611052	+	SPV_0583	49.38	753
NEG_SPV_0746_CP027540.1_759614_+	CP027540.1	759614	+	SPV_0746	50.62	1803
NEG_SPV_1141_CP027540.1_1176204_+	CP027540.1	1176204	+	SPV_1141	45.68	1140
NEG_SPV_0854_CP027540.1_870164_-	CP027540.1	870164	-	SPV_0854	40.74	659
NEG_SPV_0250_CP027540.1_245350_-	CP027540.1	245350	-	SPV_0250	49.38	2097
NEG_SPV_0254_CP027540.1_253670_+	CP027540.1	253670	+	SPV_0254	49.38	2201
NEG_SPV_1210_CP027540.1_1239971_-	CP027540.1	1239971	-	SPV_1210	41.98	2091
NEG_SPV_0248_CP027540.1_240864_+	CP027540.1	240864	+	SPV_0248	49.38	225
NEG_SPV_0218_CP027540.1_209796_+	CP027540.1	209796	+	SPV_0218	34.57	642
NEG_SPV_1933_CP027540.1_1907248_-	CP027540.1	1907248	-	SPV_1933	39.51	301
NEG_SPV_2025_CP027540.1_2004716_-	CP027540.1	2004716	-	SPV_2025	40.74	911
NEG_SPV_0596_CP027540.1_620980_+	CP027540.1	620980	+	SPV_0596	39.51	888
NEG_SPV_0247_CP027540.1_239713_+	CP027540.1	239713	+	SPV_0247	51.85	597
NEG_SPV_2048_CP027540.1_2025253_-	CP027540.1	2025253	-	SPV_2048	39.51	2428
NEG_SPV_0325_CP027540.1_324924_+	CP027540.1	324924	+	SPV_0325	27.16	4655
NEG_SPV_0726_CP027540.1_741272_+	CP027540.1	741272	+	SPV_0726	44.44	2769
NEG_SPV_0285_CP027540.1_283087_+	CP027540.1	283087	+	SPV_0285	33.33	1212
NEG_SPV_0283_CP027540.1_280541_+	CP027540.1	280541	+	SPV_0283	40.74	1334
NEG_SPV_1015_CP027540.1_932520_-	CP027540.1	932520	-	SPV_1015	45.68	3070
NEG_SPV_1580_CP027540.1_1597180_+	CP027540.1	1597180	+	SPV_1580	38.27	285
NEG_SPV_0461_CP027540.1_473307_+	CP027540.1	473307	+	SPV_0461	48.15	1478
NEG_SPV_0973_CP027540.1_976514_-	CP027540.1	976514	-	SPV_0973	45.68	930
NEG_SPV_0165_CP027540.1_168937_+	CP027540.1	168937	+	SPV_0165	49.38	491
NEG_SPV_0330_CP027540.1_330575_+	CP027540.1	330575	+	SPV_0330	49.38	2460
NEG_SPV_1643_CP027540.1_1658712_-	CP027540.1	1658712	-	SPV_1643	50.62	1718
NEG_SPV_1216_CP027540.1_1249205_-	CP027540.1	1249205	-	SPV_1216	49.38	948
NEG_SPV_0913_CP027540.1_1040183_-	CP027540.1	1040183	-	SPV_0913	40.74	346
NEG_SPV_0798_CP027540.1_815130_-	CP027540.1	815130	-	SPV_0798	48.15	911
NEG_SPV_1212_CP027540.1_1241709_-	CP027540.1	1241709	-	SPV_1212	44.44	353
NEG_SPV_1005_CP027540.1_945701_-	CP027540.1	945701	-	SPV_1005	41.98	1109
NEG_SPV_0890_CP027540.1_1060849_-	CP027540.1	1060849	-	SPV_0890	37.04	1155
NEG_SPV_1542_CP027540.1_1565281_-	CP027540.1	1565281	-	SPV_1542	40.74	1324
NEG_SPV_0510_CP027540.1_521992_+	CP027540.1	521992	+	SPV_0510	45.68	1173
NEG_SPV_1165_CP027540.1_1193221_-	CP027540.1	1193221	-	SPV_1165	30.86	5833
NEG_SPV_1840_CP027540.1_1826909_-	CP027540.1	1826909	-	SPV_1840	45.68	988
NEG_SPV_1216_CP027540.1_1248695_-	CP027540.1	1248695	-	SPV_1216	45.68	1458
NEG_SPV_2141_CP027540.1_297617_+	CP027540.1	297617	+	SPV_2141	38.27	1677
NEG_SPV_0050_CP027540.1_44807_+	CP027540.1	44807	+	SPV_0050	48.15	713
NEG_SPV_1843_CP027540.1_1830430_-	CP027540.1	1830430	-	SPV_1843	40.74	1526
NEG_SPV_0396_CP027540.1_398034_-	CP027540.1	398034	-	SPV_0396	39.51	1250
NEG_SPV_0301_CP027540.1_299968_+	CP027540.1	299968	+	SPV_0301	45.68	608
NEG_SPV_0833_CP027540.1_850432_+	CP027540.1	850432	+	SPV_0833	37.04	717
NEG_SPV_2037_CP027540.1_2016586_+	CP027540.1	2016586	+	SPV_2037	43.21	463
NEG_SPV_0890_CP027540.1_1059759_-	CP027540.1	1059759	-	SPV_0890	38.27	2245
NEG_SPV_0515_CP027540.1_527720_+	CP027540.1	527720	+	SPV_0515	46.91	3857
NEG_SPV_1373_CP027540.1_1386493_-	CP027540.1	1386493	-	SPV_1373	41.98	515
NEG_SPV_0285_CP027540.1_283797_+	CP027540.1	283797	+	SPV_0285	30.86	1600
NEG_SPV_0983_CP027540.1_969131_-	CP027540.1	969131	-	SPV_0983	38.27	938
NEG_SPV_1447_CP027540.1_1464438_+	CP027540.1	1464438	+	SPV_1447	48.15	662
NEG_SPV_1102_CP027540.1_1133604_-	CP027540.1	1133604	-	SPV_1102	48.15	3006
NEG_SPV_0596_CP027540.1_621800_+	CP027540.1	621800	+	SPV_0596	45.68	1497
NEG_SPV_1752_CP027540.1_1746716_+	CP027540.1	1746716	+	SPV_1752	29.63	234
NEG_SPV_1171_CP027540.1_1200756_-	CP027540.1	1200756	-	SPV_1171	32.1	2005
NEG_SPV_0043_CP027540.1_38423_+	CP027540.1	38423	+	SPV_0043	51.85	1000
NEG_SPV_1158_CP027540.1_1188270_+	CP027540.1	1188270	+	SPV_1158	43.21	882
NEG_SPV_0411_CP027540.1_412435_-	CP027540.1	412435	-	SPV_0411	43.21	932
NEG_SPV_0523_CP027540.1_534705_+	CP027540.1	534705	+	SPV_0523	46.91	430
NEG_SPV_0895_CP027540.1_1054748_-	CP027540.1	1054748	-	SPV_0895	45.68	220
NEG_SPV_0448_CP027540.1_457007_+	CP027540.1	457007	+	SPV_0448	48.15	952
NEG_SPV_0424_CP027540.1_427595_+	CP027540.1	427595	+	SPV_0424	49.38	1344
NEG_SPV_0585_CP027540.1_612970_+	CP027540.1	612970	+	SPV_0585	44.44	2671
NEG_SPV_1061_CP027540.1_1087789_-	CP027540.1	1087789	-	SPV_1061	48.15	627
NEG_SPV_1092_CP027540.1_1123007_-	CP027540.1	1123007	-	SPV_1092	43.21	723
NEG_SPV_0821_CP027540.1_840158_+	CP027540.1	840158	+	SPV_0821	30.86	483
NEG_SPV_1347_CP027540.1_1361240_-	CP027540.1	1361240	-	SPV_1347	46.91	286
NEG_SPV_0792_CP027540.1_812102_+	CP027540.1	812102	+	SPV_0792	38.27	727
NEG_SPV_0898_CP027540.1_1052474_-	CP027540.1	1052474	-	SPV_0898	32.1	286
NEG_SPV_2035_CP027540.1_2014352_-	CP027540.1	2014352	-	SPV_2035	34.57	818
NEG_SPV_1977_CP027540.1_1952088_+	CP027540.1	1952088	+	SPV_1977	49.38	812
NEG_SPV_0953_CP027540.1_997476_-	CP027540.1	997476	-	SPV_0953	40.74	839
NEG_SPV_0225_CP027540.1_216132_-	CP027540.1	216132	-	SPV_0225	43.21	2690
NEG_SPV_0366_CP027540.1_369600_-	CP027540.1	369600	-	SPV_0366	48.15	1743
NEG_SPV_1663_CP027540.1_1675177_-	CP027540.1	1675177	-	SPV_1663	41.98	741
NEG_SPV_1077_CP027540.1_1104281_-	CP027540.1	1104281	-	SPV_1077	48.15	1404
NEG_SPV_0178_CP027540.1_183847_+	CP027540.1	183847	+	SPV_0178	41.98	225
NEG_SPV_0013_CP027540.1_12253_+	CP027540.1	12253	+	SPV_0013	37.04	711
NEG_SPV_1302_CP027540.1_1320681_+	CP027540.1	1320681	+	SPV_1302	32.1	1749
NEG_SPV_0510_CP027540.1_521842_+	CP027540.1	521842	+	SPV_0510	40.74	1323
NEG_SPV_0909_CP027540.1_1044115_-	CP027540.1	1044115	-	SPV_0909	43.21	1025
NEG_SPV_0618_CP027540.1_639838_-	CP027540.1	639838	-	SPV_0618	46.91	497
NEG_SPV_1759_CP027540.1_1759129_-	CP027540.1	1759129	-	SPV_1759	43.21	698
NEG_SPV_1673_CP027540.1_1690258_-	CP027540.1	1690258	-	SPV_1673	44.44	1411
NEG_SPV_0051_CP027540.1_46146_+	CP027540.1	46146	+	SPV_0051	48.15	626
NEG_SPV_0442_CP027540.1_445089_+	CP027540.1	445089	+	SPV_0442	38.27	463
NEG_SPV_0308_CP027540.1_307567_+	CP027540.1	307567	+	SPV_0308	35.8	1279
NEG_SPV_0569_CP027540.1_591427_+	CP027540.1	591427	+	SPV_0569	38.27	2128
NEG_SPV_0148_CP027540.1_153899_+	CP027540.1	153899	+	SPV_0148	37.04	962
NEG_SPV_1446_CP027540.1_1463095_-	CP027540.1	1463095	-	SPV_1446	49.38	381
NEG_SPV_0562_CP027540.1_585950_+	CP027540.1	585950	+	SPV_0562	43.21	2473
NEG_SPV_1680_CP027540.1_1697163_+	CP027540.1	1697163	+	SPV_1680	34.57	1089
NEG_SPV_0502_CP027540.1_510335_+	CP027540.1	510335	+	SPV_0502	30.86	1679
NEG_SPV_0172_CP027540.1_176071_+	CP027540.1	176071	+	SPV_0172	39.51	1517
NEG_SPV_1193_CP027540.1_1222269_-	CP027540.1	1222269	-	SPV_1193	39.51	394
NEG_SPV_1425_CP027540.1_1444341_-	CP027540.1	1444341	-	SPV_1425	38.27	903
NEG_SPV_0165_CP027540.1_169337_+	CP027540.1	169337	+	SPV_0165	46.91	891
NEG_SPV_1394_CP027540.1_1415633_-	CP027540.1	1415633	-	SPV_1394	49.38	1097
NEG_SPV_0820_CP027540.1_838588_+	CP027540.1	838588	+	SPV_0820	46.91	1928
NEG_SPV_0957_CP027540.1_991889_-	CP027540.1	991889	-	SPV_0957	40.74	1517
NEG_SPV_0406_CP027540.1_408087_+	CP027540.1	408087	+	SPV_0406	41.98	1306
NEG_SPV_1383_CP027540.1_1401973_-	CP027540.1	1401973	-	SPV_1383	48.15	1168
NEG_SPV_1588_CP027540.1_1607397_+	CP027540.1	1607397	+	SPV_1588	30.86	858
NEG_SPV_0581_CP027540.1_609844_+	CP027540.1	609844	+	SPV_0581	48.15	443
NEG_SPV_1012_CP027540.1_938501_-	CP027540.1	938501	-	SPV_1012	39.51	256
NEG_SPV_0621_CP027540.1_643892_+	CP027540.1	643892	+	SPV_0621	49.38	396
NEG_SPV_0689_CP027540.1_704684_+	CP027540.1	704684	+	SPV_0689	33.33	310
NEG_SPV_1614_CP027540.1_1629779_-	CP027540.1	1629779	-	SPV_1614	23.46	2950
NEG_SPV_0099_CP027540.1_101262_+	CP027540.1	101262	+	SPV_0099	44.44	1664
NEG_SPV_0700_CP027540.1_714074_+	CP027540.1	714074	+	SPV_0700	46.91	1147
NEG_SPV_1296_CP027540.1_1315823_-	CP027540.1	1315823	-	SPV_1296	33.33	1229
NEG_SPV_1613_CP027540.1_1628131_-	CP027540.1	1628131	-	SPV_1613	39.51	1302
NEG_SPV_0964_CP027540.1_986561_-	CP027540.1	986561	-	SPV_0964	46.91	215
NEG_SPV_2297_CP027540.1_1064368_-	CP027540.1	1064368	-	SPV_2297	39.51	414
NEG_SPV_0600_CP027540.1_626352_+	CP027540.1	626352	+	SPV_0600	33.33	3055
NEG_SPV_0427_CP027540.1_430897_+	CP027540.1	430897	+	SPV_0427	29.63	4646
NEG_SPV_1499_CP027540.1_1516331_-	CP027540.1	1516331	-	SPV_1499	33.33	1430
NEG_SPV_0158_CP027540.1_163862_+	CP027540.1	163862	+	SPV_0158	35.8	415
NEG_SPV_1912_CP027540.1_1884553_+	CP027540.1	1884553	+	SPV_1912	39.51	2276
NEG_SPV_0873_CP027540.1_887780_-	CP027540.1	887780	-	SPV_0873	44.44	392
NEG_SPV_0784_CP027540.1_797298_+	CP027540.1	797298	+	SPV_0784	37.04	427
NEG_SPV_1853_CP027540.1_1837321_-	CP027540.1	1837321	-	SPV_1853	41.98	647
NEG_SPV_1376_CP027540.1_1389342_-	CP027540.1	1389342	-	SPV_1376	34.57	1961
NEG_SPV_1179_CP027540.1_1210563_-	CP027540.1	1210563	-	SPV_1179	33.33	2380
NEG_SPV_1029_CP027540.1_908742_+	CP027540.1	908742	+	SPV_1029	46.91	1017
NEG_SPV_0874_CP027540.1_889584_+	CP027540.1	889584	+	SPV_0874	44.44	1295
NEG_SPV_0097_CP027540.1_97419_-	CP027540.1	97419	-	SPV_0097	51.85	299
NEG_SPV_0762_CP027540.1_773466_+	CP027540.1	773466	+	SPV_0762	37.04	491
NEG_SPV_1549_CP027540.1_1573853_-	CP027540.1	1573853	-	SPV_1549	40.74	395
NEG_SPV_1267_CP027540.1_1296730_+	CP027540.1	1296730	+	SPV_1267	30.86	505
NEG_SPV_1079_CP027540.1_1110345_-	CP027540.1	1110345	-	SPV_1079	37.04	469
NEG_SPV_0287_CP027540.1_286241_+	CP027540.1	286241	+	SPV_0287	40.74	844
NEG_SPV_1080_CP027540.1_1112114_-	CP027540.1	1112114	-	SPV_1080	34.57	642
NEG_SPV_1376_CP027540.1_1393262_-	CP027540.1	1393262	-	SPV_1376	53.09	2630
NEG_SPV_2054_CP027540.1_2030926_+	CP027540.1	2030926	+	SPV_2054	33.33	995
NEG_SPV_1557_CP027540.1_1578723_-	CP027540.1	1578723	-	SPV_1557	53.09	3613
NEG_SPV_1287_CP027540.1_1310833_-	CP027540.1	1310833	-	SPV_1287	35.8	238
NEG_SPV_0112_CP027540.1_112750_-	CP027540.1	112750	-	SPV_0112	43.21	801
NEG_SPV_0448_CP027540.1_456787_+	CP027540.1	456787	+	SPV_0448	46.91	740
NEG_SPV_0911_CP027540.1_1041865_-	CP027540.1	1041865	-	SPV_0911	30.86	1009
NEG_SPV_0698_CP027540.1_711497_+	CP027540.1	711497	+	SPV_0698	41.98	353
NEG_SPV_0890_CP027540.1_1060459_-	CP027540.1	1060459	-	SPV_0890	34.57	1545
NEG_SPV_0157_CP027540.1_162502_+	CP027540.1	162502	+	SPV_0157	43.21	1775
NEG_SPV_0428_CP027540.1_431888_+	CP027540.1	431888	+	SPV_0428	35.8	4352
NEG_SPV_1738_CP027540.1_1732489_-	CP027540.1	1732489	-	SPV_1738	44.44	230
NEG_SPV_1357_CP027540.1_1372127_-	CP027540.1	1372127	-	SPV_1357	41.98	1315
NEG_SPV_1210_CP027540.1_1240161_-	CP027540.1	1240161	-	SPV_1210	44.44	1901
NEG_SPV_1749_CP027540.1_1741355_+	CP027540.1	1741355	+	SPV_1749	28.4	1674
NEG_SPV_2058_CP027540.1_2037519_+	CP027540.1	2037519	+	SPV_2058	33.33	2776
NEG_SPV_0448_CP027540.1_457577_+	CP027540.1	457577	+	SPV_0448	40.74	382
NEG_SPV_1504_CP027540.1_1524981_-	CP027540.1	1524981	-	SPV_1504	40.74	1617
NEG_SPV_0748_CP027540.1_760653_+	CP027540.1	760653	+	SPV_0748	48.15	2116
NEG_SPV_0944_CP027540.1_1010437_-	CP027540.1	1010437	-	SPV_0944	28.4	4933
NEG_SPV_0182_CP027540.1_185642_+	CP027540.1	185642	+	SPV_0182	38.27	597
NEG_SPV_1747_CP027540.1_1740110_+	CP027540.1	1740110	+	SPV_1747	46.91	429
NEG_SPV_0006_CP027540.1_5605_+	CP027540.1	5605	+	SPV_0006	27.16	2665
NEG_SPV_0774_CP027540.1_787316_+	CP027540.1	787316	+	SPV_0774	40.74	1300
NEG_SPV_1423_CP027540.1_1442586_-	CP027540.1	1442586	-	SPV_1423	43.21	852
NEG_SPV_1709_CP027540.1_1710990_-	CP027540.1	1710990	-	SPV_1709	48.15	1344
NEG_SPV_0287_CP027540.1_287691_+	CP027540.1	287691	+	SPV_0287	40.74	1459
NEG_SPV_1279_CP027540.1_1305897_-	CP027540.1	1305897	-	SPV_1279	45.68	321
NEG_SPV_1212_CP027540.1_1241009_-	CP027540.1	1241009	-	SPV_1212	33.33	1053
NEG_SPV_0488_CP027540.1_495787_+	CP027540.1	495787	+	SPV_0488	38.27	1037
NEG_SPV_1166_CP027540.1_1194194_-	CP027540.1	1194194	-	SPV_1166	43.21	6806
NEG_SPV_2045_CP027540.1_2023015_-	CP027540.1	2023015	-	SPV_2045	41.98	1049
NEG_SPV_1197_CP027540.1_1226310_-	CP027540.1	1226310	-	SPV_1197	28.4	447
NEG_SPV_1599_CP027540.1_1615325_-	CP027540.1	1615325	-	SPV_1599	51.85	3112
NEG_SPV_1260_CP027540.1_1289266_+	CP027540.1	1289266	+	SPV_1260	33.33	1365
NEG_SPV_1571_CP027540.1_1590975_-	CP027540.1	1590975	-	SPV_1571	43.21	2486
NEG_SPV_1137_CP027540.1_1172149_+	CP027540.1	1172149	+	SPV_1137	39.51	1444
NEG_SPV_0502_CP027540.1_509915_+	CP027540.1	509915	+	SPV_0502	33.33	1259
NEG_SPV_0753_CP027540.1_766479_+	CP027540.1	766479	+	SPV_0753	46.91	585
NEG_SPV_1649_CP027540.1_1664545_+	CP027540.1	1664545	+	SPV_1649	43.21	602
NEG_SPV_1486_CP027540.1_1502363_-	CP027540.1	1502363	-	SPV_1486	48.15	951
NEG_SPV_0670_CP027540.1_690598_+	CP027540.1	690598	+	SPV_0670	30.86	1876
NEG_SPV_1167_CP027540.1_1195973_-	CP027540.1	1195973	-	SPV_1167	39.51	6788
NEG_SPV_1587_CP027540.1_1605696_-	CP027540.1	1605696	-	SPV_1587	29.63	560
NEG_SPV_0001_CP027540.1_1080_+	CP027540.1	1080	+	SPV_0001	34.57	1850
NEG_SPV_1177_CP027540.1_1206856_-	CP027540.1	1206856	-	SPV_1177	25.93	4064
NEG_SPV_1105_CP027540.1_1138993_-	CP027540.1	1138993	-	SPV_1105	44.44	346
NEG_SPV_0821_CP027540.1_838988_+	CP027540.1	838988	+	SPV_0821	38.27	1653
NEG_SPV_1680_CP027540.1_1697423_+	CP027540.1	1697423	+	SPV_1680	34.57	1349
NEG_SPV_1240_CP027540.1_1270237_-	CP027540.1	1270237	-	SPV_1240	39.51	1010
NEG_SPV_1877_CP027540.1_1856666_-	CP027540.1	1856666	-	SPV_1877	38.27	589
NEG_SPV_1759_CP027540.1_1758999_-	CP027540.1	1758999	-	SPV_1759	43.21	828
NEG_SPV_1761_CP027540.1_1760774_-	CP027540.1	1760774	-	SPV_1761	39.51	783
NEG_SPV_0835_CP027540.1_852386_+	CP027540.1	852386	+	SPV_0835	32.1	1237
NEG_SPV_2058_CP027540.1_2036869_+	CP027540.1	2036869	+	SPV_2058	38.27	2567
NEG_SPV_1925_CP027540.1_1894144_-	CP027540.1	1894144	-	SPV_1925	46.91	225
NEG_SPV_0656_CP027540.1_674493_+	CP027540.1	674493	+	SPV_0656	44.44	1031
NEG_SPV_0335_CP027540.1_340218_+	CP027540.1	340218	+	SPV_0335	44.44	3369
NEG_SPV_1098_CP027540.1_1129656_+	CP027540.1	1129656	+	SPV_1098	38.27	942
NEG_SPV_1308_CP027540.1_1327161_-	CP027540.1	1327161	-	SPV_1308	46.91	423
NEG_SPV_0368_CP027540.1_372926_-	CP027540.1	372926	-	SPV_0368	46.91	392
NEG_SPV_1016_CP027540.1_931533_-	CP027540.1	931533	-	SPV_1016	43.21	4057
NEG_SPV_1200_CP027540.1_1229670_-	CP027540.1	1229670	-	SPV_1200	50.62	1766
NEG_SPV_0886_CP027540.1_897347_+	CP027540.1	897347	+	SPV_0886	38.27	462
NEG_SPV_0782_CP027540.1_795612_+	CP027540.1	795612	+	SPV_0782	33.33	946
NEG_SPV_0562_CP027540.1_584010_+	CP027540.1	584010	+	SPV_0562	40.74	4413
NEG_SPV_0099_CP027540.1_100312_+	CP027540.1	100312	+	SPV_0099	46.91	714
NEG_SPV_0187_CP027540.1_192783_+	CP027540.1	192783	+	SPV_0187	43.21	1220
NEG_SPV_0980_CP027540.1_971494_+	CP027540.1	971494	+	SPV_0980	37.04	771
NEG_SPV_1928_CP027540.1_1900070_-	CP027540.1	1900070	-	SPV_1928	43.21	213
NEG_SPV_2141_CP027540.1_298367_+	CP027540.1	298367	+	SPV_2141	45.68	927
NEG_SPV_1834_CP027540.1_1820595_-	CP027540.1	1820595	-	SPV_1834	51.85	1751
NEG_SPV_1622_CP027540.1_1638368_-	CP027540.1	1638368	-	SPV_1622	49.38	2091
NEG_SPV_0766_CP027540.1_777424_+	CP027540.1	777424	+	SPV_0766	40.74	2275
NEG_SPV_1502_CP027540.1_1520528_-	CP027540.1	1520528	-	SPV_1502	35.8	5627
NEG_SPV_1995_CP027540.1_1971255_-	CP027540.1	1971255	-	SPV_1995	40.74	708
NEG_SPV_1557_CP027540.1_1578653_-	CP027540.1	1578653	-	SPV_1557	56.79	3683
NEG_SPV_0984_CP027540.1_968238_-	CP027540.1	968238	-	SPV_0984	37.04	1668
NEG_SPV_0562_CP027540.1_584580_+	CP027540.1	584580	+	SPV_0562	40.74	3843
NEG_SPV_0033_CP027540.1_28973_+	CP027540.1	28973	+	SPV_0033	43.21	429
NEG_SPV_0423_CP027540.1_426014_-	CP027540.1	426014	-	SPV_0423	37.04	237
NEG_SPV_1668_CP027540.1_1681866_-	CP027540.1	1681866	-	SPV_1668	35.8	2677
NEG_SPV_0860_CP027540.1_874228_+	CP027540.1	874228	+	SPV_0860	40.74	1300
NEG_SPV_0685_CP027540.1_700414_-	CP027540.1	700414	-	SPV_0685	44.44	513
NEG_SPV_1876_CP027540.1_1855345_-	CP027540.1	1855345	-	SPV_1876	48.15	1703
NEG_SPV_0218_CP027540.1_209996_+	CP027540.1	209996	+	SPV_0218	39.51	442
NEG_SPV_0958_CP027540.1_990897_-	CP027540.1	990897	-	SPV_0958	38.27	698
NEG_SPV_0469_CP027540.1_479409_+	CP027540.1	479409	+	SPV_0469	38.27	2058
NEG_SPV_1839_CP027540.1_1824509_-	CP027540.1	1824509	-	SPV_1839	48.15	703
NEG_SPV_0521_CP027540.1_531916_+	CP027540.1	531916	+	SPV_0521	45.68	339
NEG_SPV_1876_CP027540.1_1855595_-	CP027540.1	1855595	-	SPV_1876	39.51	1660
NEG_SPV_1220_CP027540.1_1252882_-	CP027540.1	1252882	-	SPV_1220	37.04	2289
NEG_SPV_1762_CP027540.1_1762314_-	CP027540.1	1762314	-	SPV_1762	45.68	692
NEG_SPV_2032_CP027540.1_2011796_-	CP027540.1	2011796	-	SPV_2032	30.86	665
NEG_SPV_1671_CP027540.1_1686471_-	CP027540.1	1686471	-	SPV_1671	37.04	482
NEG_SPV_1778_CP027540.1_1775352_-	CP027540.1	1775352	-	SPV_1778	44.44	773
NEG_SPV_0600_CP027540.1_626252_+	CP027540.1	626252	+	SPV_0600	44.44	2955
NEG_SPV_1927_CP027540.1_1898745_-	CP027540.1	1898745	-	SPV_1927	39.51	1538
NEG_SPV_1797_CP027540.1_1791415_-	CP027540.1	1791415	-	SPV_1797	44.44	985
NEG_SPV_0917_CP027540.1_1033940_-	CP027540.1	1033940	-	SPV_0917	37.04	2878
NEG_SPV_0969_CP027540.1_980935_-	CP027540.1	980935	-	SPV_0969	39.51	2037
NEG_SPV_1078_CP027540.1_1106453_+	CP027540.1	1106453	+	SPV_1078	39.51	425
NEG_SPV_1969_CP027540.1_1938158_-	CP027540.1	1938158	-	SPV_1969	44.44	2252
NEG_SPV_1004_CP027540.1_947854_-	CP027540.1	947854	-	SPV_1004	50.62	838
NEG_SPV_1071_CP027540.1_1095993_-	CP027540.1	1095993	-	SPV_1071	18.52	1395
NEG_SPV_1758_CP027540.1_1753829_-	CP027540.1	1753829	-	SPV_1758	49.38	1656
NEG_SPV_0317_CP027540.1_316597_+	CP027540.1	316597	+	SPV_0317	43.21	2461
NEG_SPV_1104_CP027540.1_1135773_-	CP027540.1	1135773	-	SPV_1104	39.51	3566
NEG_SPV_1016_CP027540.1_930553_-	CP027540.1	930553	-	SPV_1016	44.44	3380
NEG_SPV_1060_CP027540.1_1085727_-	CP027540.1	1085727	-	SPV_1060	34.57	794
NEG_SPV_1311_CP027540.1_1330485_+	CP027540.1	1330485	+	SPV_1311	43.21	618
NEG_SPV_1229_CP027540.1_1261310_-	CP027540.1	1261310	-	SPV_1229	54.32	1907
NEG_SPV_0325_CP027540.1_326144_+	CP027540.1	326144	+	SPV_0325	19.75	5875
NEG_SPV_0536_CP027540.1_549980_+	CP027540.1	549980	+	SPV_0536	29.63	273
NEG_SPV_0575_CP027540.1_597692_+	CP027540.1	597692	+	SPV_0575	44.44	1096
NEG_SPV_1018_CP027540.1_921385_-	CP027540.1	921385	-	SPV_1018	43.21	528
NEG_SPV_1499_CP027540.1_1517621_-	CP027540.1	1517621	-	SPV_1499	33.33	2720
NEG_SPV_0577_CP027540.1_603394_+	CP027540.1	603394	+	SPV_0577	35.8	1700
NEG_SPV_0836_CP027540.1_853223_+	CP027540.1	853223	+	SPV_0836	33.33	446
NEG_SPV_0266_CP027540.1_265701_-	CP027540.1	265701	-	SPV_0266	38.27	324
NEG_SPV_1622_CP027540.1_1639488_-	CP027540.1	1639488	-	SPV_1622	53.09	1572
NEG_SPV_1596_CP027540.1_1612939_-	CP027540.1	1612939	-	SPV_1596	48.15	726
NEG_SPV_1286_CP027540.1_1309976_+	CP027540.1	1309976	+	SPV_1286	39.51	610
NEG_SPV_1896_CP027540.1_1866655_-	CP027540.1	1866655	-	SPV_1896	35.8	336
NEG_SPV_1629_CP027540.1_1644838_+	CP027540.1	1644838	+	SPV_1629	55.56	1601
NEG_SPV_0258_CP027540.1_257882_+	CP027540.1	257882	+	SPV_0258	43.21	624
NEG_SPV_0809_CP027540.1_826890_+	CP027540.1	826890	+	SPV_0809	49.38	671
NEG_SPV_1648_CP027540.1_1663051_+	CP027540.1	1663051	+	SPV_1648	39.51	572
NEG_SPV_1518_CP027540.1_1540477_+	CP027540.1	1540477	+	SPV_1518	30.86	420
NEG_SPV_0080_CP027540.1_81745_+	CP027540.1	81745	+	SPV_0080	44.44	1632
NEG_SPV_1490_CP027540.1_1507499_-	CP027540.1	1507499	-	SPV_1490	37.04	343
NEG_SPV_1934_CP027540.1_1908565_+	CP027540.1	1908565	+	SPV_1934	40.74	593
NEG_SPV_0038_CP027540.1_31945_+	CP027540.1	31945	+	SPV_0038	35.8	680
NEG_SPV_1376_CP027540.1_1394872_-	CP027540.1	1394872	-	SPV_1376	33.33	1020
NEG_SPV_1155_CP027540.1_1184937_-	CP027540.1	1184937	-	SPV_1155	43.21	431
NEG_SPV_1519_CP027540.1_1542784_-	CP027540.1	1542784	-	SPV_1519	46.91	732
NEG_SPV_1642_CP027540.1_1658069_-	CP027540.1	1658069	-	SPV_1642	48.15	2361
NEG_SPV_0865_CP027540.1_879934_+	CP027540.1	879934	+	SPV_0865	43.21	335
NEG_SPV_1976_CP027540.1_1951017_+	CP027540.1	1951017	+	SPV_1976	45.68	1673
NEG_SPV_0862_CP027540.1_876401_+	CP027540.1	876401	+	SPV_0862	33.33	873
NEG_SPV_1062_CP027540.1_1089449_-	CP027540.1	1089449	-	SPV_1062	49.38	2287
NEG_SPV_1745_CP027540.1_1738842_-	CP027540.1	1738842	-	SPV_1745	40.74	556
NEG_SPV_1971_CP027540.1_1941185_-	CP027540.1	1941185	-	SPV_1971	41.98	3505
NEG_SPV_0119_CP027540.1_122409_+	CP027540.1	122409	+	SPV_0119	34.57	1103
NEG_SPV_1515_CP027540.1_1538081_-	CP027540.1	1538081	-	SPV_1515	40.74	1191
NEG_SPV_1312_CP027540.1_1331339_+	CP027540.1	1331339	+	SPV_1312	39.51	1472
NEG_SPV_1582_CP027540.1_1599338_-	CP027540.1	1599338	-	SPV_1582	44.44	845
NEG_SPV_0632_CP027540.1_653728_-	CP027540.1	653728	-	SPV_0632	46.91	252
NEG_SPV_1902_CP027540.1_1872669_-	CP027540.1	1872669	-	SPV_1902	41.98	1071
NEG_SPV_0502_CP027540.1_510805_+	CP027540.1	510805	+	SPV_0502	35.8	2149
NEG_SPV_0110_CP027540.1_110545_+	CP027540.1	110545	+	SPV_0110	45.68	1667
NEG_SPV_1535_CP027540.1_1558596_+	CP027540.1	1558596	+	SPV_1535	50.62	1907
NEG_SPV_0111_CP027540.1_111040_+	CP027540.1	111040	+	SPV_0111	40.74	2162
NEG_SPV_0335_CP027540.1_337998_+	CP027540.1	337998	+	SPV_0335	38.27	2768
NEG_SPV_1677_CP027540.1_1693365_-	CP027540.1	1693365	-	SPV_1677	35.8	2709
NEG_SPV_0528_CP027540.1_540338_-	CP027540.1	540338	-	SPV_0528	48.15	502
NEG_SPV_1863_CP027540.1_1843136_-	CP027540.1	1843136	-	SPV_1863	49.38	323
NEG_SPV_0706_CP027540.1_722074_+	CP027540.1	722074	+	SPV_0706	49.38	1113
NEG_SPV_0218_CP027540.1_210166_+	CP027540.1	210166	+	SPV_0218	41.98	272
NEG_SPV_2290_CP027540.1_1037322_-	CP027540.1	1037322	-	SPV_2290	33.33	491
NEG_SPV_1486_CP027540.1_1502253_-	CP027540.1	1502253	-	SPV_1486	45.68	841
NEG_SPV_1264_CP027540.1_1293491_+	CP027540.1	1293491	+	SPV_1264	34.57	2127
NEG_SPV_0824_CP027540.1_843747_+	CP027540.1	843747	+	SPV_0824	43.21	440
NEG_SPV_1831_CP027540.1_1817454_+	CP027540.1	1817454	+	SPV_1831	28.4	2083
NEG_SPV_1263_CP027540.1_1292063_+	CP027540.1	1292063	+	SPV_1263	30.86	699
NEG_SPV_1326_CP027540.1_1341865_+	CP027540.1	1341865	+	SPV_1326	49.38	303
NEG_SPV_1486_CP027540.1_1502313_-	CP027540.1	1502313	-	SPV_1486	51.85	901
NEG_SPV_1079_CP027540.1_1109435_-	CP027540.1	1109435	-	SPV_1079	39.51	1379
NEG_SPV_1654_CP027540.1_1668357_-	CP027540.1	1668357	-	SPV_1654	45.68	4414
NEG_SPV_0950_CP027540.1_1002603_-	CP027540.1	1002603	-	SPV_0950	40.74	796
NEG_SPV_0330_CP027540.1_330375_+	CP027540.1	330375	+	SPV_0330	40.74	2660
NEG_SPV_1911_CP027540.1_1883447_+	CP027540.1	1883447	+	SPV_1911	39.51	1170
NEG_SPV_0080_CP027540.1_81355_+	CP027540.1	81355	+	SPV_0080	45.68	1242
NEG_SPV_0234_CP027540.1_222380_+	CP027540.1	222380	+	SPV_0234	29.63	580
NEG_SPV_1376_CP027540.1_1390142_-	CP027540.1	1390142	-	SPV_1376	39.51	2761
NEG_SPV_0880_CP027540.1_894098_+	CP027540.1	894098	+	SPV_0880	38.27	427
NEG_SPV_0285_CP027540.1_283337_+	CP027540.1	283337	+	SPV_0285	34.57	1462
NEG_SPV_0165_CP027540.1_170287_+	CP027540.1	170287	+	SPV_0165	40.74	1841
NEG_SPV_0128_CP027540.1_132533_+	CP027540.1	132533	+	SPV_0128	41.98	345
NEG_SPV_0969_CP027540.1_981045_-	CP027540.1	981045	-	SPV_0969	45.68	2147
NEG_SPV_0783_CP027540.1_796348_+	CP027540.1	796348	+	SPV_0783	24.69	523
NEG_SPV_0080_CP027540.1_83965_+	CP027540.1	83965	+	SPV_0080	39.51	255
NEG_SPV_0577_CP027540.1_602294_+	CP027540.1	602294	+	SPV_0577	37.04	2800
NEG_SPV_1005_CP027540.1_945331_-	CP027540.1	945331	-	SPV_1005	37.04	1479
NEG_SPV_0494_CP027540.1_501467_+	CP027540.1	501467	+	SPV_0494	46.91	878
NEG_SPV_1925_CP027540.1_1895134_-	CP027540.1	1895134	-	SPV_1925	35.8	1215
NEG_SPV_0444_CP027540.1_452919_+	CP027540.1	452919	+	SPV_0444	38.27	1179
NEG_SPV_0855_CP027540.1_871324_+	CP027540.1	871324	+	SPV_0855	43.21	443
NEG_SPV_1877_CP027540.1_1856786_-	CP027540.1	1856786	-	SPV_1877	53.09	469
NEG_SPV_0939_CP027540.1_1016097_+	CP027540.1	1016097	+	SPV_0939	28.4	727
NEG_SPV_1445_CP027540.1_1462148_-	CP027540.1	1462148	-	SPV_1445	37.04	1328
NEG_SPV_0646_CP027540.1_666668_-	CP027540.1	666668	-	SPV_0646	45.68	249
NEG_SPV_0444_CP027540.1_453299_+	CP027540.1	453299	+	SPV_0444	39.51	799
NEG_SPV_0626_CP027540.1_649172_+	CP027540.1	649172	+	SPV_0626	41.98	473
NEG_SPV_1202_CP027540.1_1231907_-	CP027540.1	1231907	-	SPV_1202	41.98	471
NEG_SPV_0427_CP027540.1_430907_+	CP027540.1	430907	+	SPV_0427	30.86	4656
NEG_SPV_0107_CP027540.1_106490_+	CP027540.1	106490	+	SPV_0107	45.68	233
NEG_SPV_1205_CP027540.1_1234652_-	CP027540.1	1234652	-	SPV_1205	41.98	852
NEG_SPV_1472_CP027540.1_1489482_-	CP027540.1	1489482	-	SPV_1472	40.74	1406
NEG_SPV_1545_CP027540.1_1568248_-	CP027540.1	1568248	-	SPV_1545	45.68	1270
NEG_SPV_0778_CP027540.1_791890_+	CP027540.1	791890	+	SPV_0778	43.21	490
NEG_SPV_0310_CP027540.1_310355_-	CP027540.1	310355	-	SPV_0310	39.51	636
NEG_SPV_0994_CP027540.1_961018_-	CP027540.1	961018	-	SPV_0994	33.33	307
NEG_SPV_0403_CP027540.1_405034_+	CP027540.1	405034	+	SPV_0403	41.98	236
NEG_SPV_1169_CP027540.1_1197886_-	CP027540.1	1197886	-	SPV_1169	38.27	4875
NEG_SPV_0469_CP027540.1_478609_+	CP027540.1	478609	+	SPV_0469	27.16	1258
NEG_SPV_0169_CP027540.1_173214_-	CP027540.1	173214	-	SPV_0169	39.51	1215
NEG_SPV_1362_CP027540.1_1378094_-	CP027540.1	1378094	-	SPV_1362	44.44	1021
NEG_SPV_1677_CP027540.1_1692745_-	CP027540.1	1692745	-	SPV_1677	43.21	3329
NEG_SPV_1458_CP027540.1_1471572_-	CP027540.1	1471572	-	SPV_1458	41.98	1550
NEG_SPV_0285_CP027540.1_284227_+	CP027540.1	284227	+	SPV_0285	43.21	1170
NEG_SPV_2037_CP027540.1_2016786_+	CP027540.1	2016786	+	SPV_2037	40.74	663
NEG_SPV_1338_CP027540.1_1354458_-	CP027540.1	1354458	-	SPV_1338	38.27	1814
NEG_SPV_0057_CP027540.1_55094_+	CP027540.1	55094	+	SPV_0057	53.09	483
NEG_SPV_1647_CP027540.1_1662186_-	CP027540.1	1662186	-	SPV_1647	51.85	293
NEG_SPV_1985_CP027540.1_1958781_-	CP027540.1	1958781	-	SPV_1985	41.98	636
NEG_SPV_0420_CP027540.1_420689_+	CP027540.1	420689	+	SPV_0420	33.33	675
NEG_SPV_1728_CP027540.1_1724232_-	CP027540.1	1724232	-	SPV_1728	37.04	577
NEG_SPV_1414_CP027540.1_1433878_-	CP027540.1	1433878	-	SPV_1414	39.51	425
NEG_SPV_1849_CP027540.1_1835227_-	CP027540.1	1835227	-	SPV_1849	37.04	1398
NEG_SPV_0577_CP027540.1_603884_+	CP027540.1	603884	+	SPV_0577	44.44	1210
NEG_SPV_1742_CP027540.1_1736802_-	CP027540.1	1736802	-	SPV_1742	45.68	761
NEG_SPV_0686_CP027540.1_701665_+	CP027540.1	701665	+	SPV_0686	53.09	549
NEG_SPV_1047_CP027540.1_1076941_-	CP027540.1	1076941	-	SPV_1047	41.98	2676
NEG_SPV_1962_CP027540.1_1932132_+	CP027540.1	1932132	+	SPV_1962	45.68	614
NEG_SPV_1877_CP027540.1_1856366_-	CP027540.1	1856366	-	SPV_1877	37.04	889
NEG_SPV_1742_CP027540.1_1737032_-	CP027540.1	1737032	-	SPV_1742	44.44	531
NEG_SPV_1042_CP027540.1_1070756_+	CP027540.1	1070756	+	SPV_1042	49.38	847
NEG_SPV_1240_CP027540.1_1270387_-	CP027540.1	1270387	-	SPV_1240	41.98	860
NEG_SPV_0976_CP027540.1_973986_+	CP027540.1	973986	+	SPV_0976	40.74	459
NEG_SPV_0342_CP027540.1_347138_+	CP027540.1	347138	+	SPV_0342	41.98	517
NEG_SPV_1080_CP027540.1_1111604_-	CP027540.1	1111604	-	SPV_1080	38.27	790
NEG_SPV_1799_CP027540.1_1794021_-	CP027540.1	1794021	-	SPV_1799	32.1	828
NEG_SPV_0984_CP027540.1_967918_-	CP027540.1	967918	-	SPV_0984	38.27	1348
NEG_SPV_1877_CP027540.1_1855936_-	CP027540.1	1855936	-	SPV_1877	46.91	1319
NEG_SPV_1485_CP027540.1_1501826_-	CP027540.1	1501826	-	SPV_1485	41.98	414
NEG_SPV_1318_CP027540.1_1335111_-	CP027540.1	1335111	-	SPV_1318	44.44	584
NEG_SPV_0119_CP027540.1_121559_+	CP027540.1	121559	+	SPV_0119	30.86	253
NEG_SPV_1995_CP027540.1_1971065_-	CP027540.1	1971065	-	SPV_1995	38.27	898
NEG_SPV_1254_CP027540.1_1283277_-	CP027540.1	1283277	-	SPV_1254	30.86	1570
NEG_SPV_0706_CP027540.1_722364_+	CP027540.1	722364	+	SPV_0706	50.62	823
NEG_SPV_1974_CP027540.1_1947066_-	CP027540.1	1947066	-	SPV_1974	44.44	1867
NEG_SPV_0826_CP027540.1_845465_+	CP027540.1	845465	+	SPV_0826	48.15	1278
NEG_SPV_1384_CP027540.1_1405523_+	CP027540.1	1405523	+	SPV_1384	50.62	857
NEG_SPV_0921_CP027540.1_1029553_-	CP027540.1	1029553	-	SPV_0921	30.86	1384
NEG_SPV_1335_CP027540.1_1351652_-	CP027540.1	1351652	-	SPV_1335	37.04	2820
NEG_SPV_1084_CP027540.1_1114540_-	CP027540.1	1114540	-	SPV_1084	37.04	1207
NEG_SPV_1076_CP027540.1_1103088_-	CP027540.1	1103088	-	SPV_1076	35.8	211
NEG_SPV_0052_CP027540.1_47735_+	CP027540.1	47735	+	SPV_0052	50.62	2215
NEG_SPV_0749_CP027540.1_763618_+	CP027540.1	763618	+	SPV_0749	46.91	849
NEG_SPV_0336_CP027540.1_342638_-	CP027540.1	342638	-	SPV_0336	50.62	949
NEG_SPV_0999_CP027540.1_955212_-	CP027540.1	955212	-	SPV_0999	39.51	358
NEG_SPV_1590_CP027540.1_1607804_+	CP027540.1	1607804	+	SPV_1590	34.57	1265
NEG_SPV_1977_CP027540.1_1952208_+	CP027540.1	1952208	+	SPV_1977	37.04	692
NEG_SPV_1001_CP027540.1_951693_-	CP027540.1	951693	-	SPV_1001	48.15	1868
NEG_SPV_1932_CP027540.1_1905274_-	CP027540.1	1905274	-	SPV_1932	45.68	2275
NEG_SPV_1986_CP027540.1_1960658_-	CP027540.1	1960658	-	SPV_1986	51.85	2513
NEG_SPV_1786_CP027540.1_1783058_-	CP027540.1	1783058	-	SPV_1786	30.86	749
NEG_SPV_0070_CP027540.1_70979_+	CP027540.1	70979	+	SPV_0070	46.91	2020
NEG_SPV_0367_CP027540.1_371930_-	CP027540.1	371930	-	SPV_0367	53.09	1388
NEG_SPV_1132_CP027540.1_1166606_-	CP027540.1	1166606	-	SPV_1132	46.91	2323
NEG_SPV_0868_CP027540.1_883630_+	CP027540.1	883630	+	SPV_0868	40.74	486
NEG_SPV_1582_CP027540.1_1599558_-	CP027540.1	1599558	-	SPV_1582	41.98	1065
NEG_SPV_0987_CP027540.1_964700_+	CP027540.1	964700	+	SPV_0987	46.91	259
NEG_SPV_1182_CP027540.1_1214236_-	CP027540.1	1214236	-	SPV_1182	30.86	1078
NEG_SPV_1445_CP027540.1_1462478_-	CP027540.1	1462478	-	SPV_1445	43.21	998
NEG_SPV_1925_CP027540.1_1894344_-	CP027540.1	1894344	-	SPV_1925	43.21	425
NEG_SPV_1351_CP027540.1_1364295_-	CP027540.1	1364295	-	SPV_1351	50.62	340
NEG_SPV_1669_CP027540.1_1682932_-	CP027540.1	1682932	-	SPV_1669	38.27	3743
NEG_SPV_1286_CP027540.1_1309736_+	CP027540.1	1309736	+	SPV_1286	51.85	370
NEG_SPV_1376_CP027540.1_1395012_-	CP027540.1	1395012	-	SPV_1376	43.21	880
NEG_SPV_1827_CP027540.1_1813181_+	CP027540.1	1813181	+	SPV_1827	43.21	868
NEG_SPV_1049_CP027540.1_1079395_-	CP027540.1	1079395	-	SPV_1049	39.51	222
NEG_SPV_1190_CP027540.1_1217203_-	CP027540.1	1217203	-	SPV_1190	32.1	750
NEG_SPV_0953_CP027540.1_998216_-	CP027540.1	998216	-	SPV_0953	41.98	1579
NEG_SPV_1021_CP027540.1_918673_-	CP027540.1	918673	-	SPV_1021	50.62	1681
NEG_SPV_0465_CP027540.1_476423_+	CP027540.1	476423	+	SPV_0465	45.68	722
NEG_SPV_0760_CP027540.1_771389_+	CP027540.1	771389	+	SPV_0760	40.74	847
NEG_SPV_1216_CP027540.1_1247055_-	CP027540.1	1247055	-	SPV_1216	46.91	1792
NEG_SPV_2171_CP027540.1_471919_+	CP027540.1	471919	+	SPV_2171	22.22	2866
NEG_SPV_0723_CP027540.1_738704_+	CP027540.1	738704	+	SPV_0723	43.21	201
NEG_SPV_0752_CP027540.1_765571_+	CP027540.1	765571	+	SPV_0752	37.04	852
NEG_SPV_0851_CP027540.1_865717_+	CP027540.1	865717	+	SPV_0851	38.27	772
NEG_SPV_1965_CP027540.1_1935411_-	CP027540.1	1935411	-	SPV_1965	29.63	495
NEG_SPV_1077_CP027540.1_1103801_-	CP027540.1	1103801	-	SPV_1077	49.38	924
NEG_SPV_1097_CP027540.1_1127070_-	CP027540.1	1127070	-	SPV_1097	38.27	390
NEG_SPV_0397_CP027540.1_399576_-	CP027540.1	399576	-	SPV_0397	40.74	552
NEG_SPV_0765_CP027540.1_776420_+	CP027540.1	776420	+	SPV_0765	44.44	3279
NEG_SPV_1140_CP027540.1_1174529_+	CP027540.1	1174529	+	SPV_1140	48.15	402
NEG_SPV_1029_CP027540.1_908452_+	CP027540.1	908452	+	SPV_1029	44.44	1307
NEG_SPV_1409_CP027540.1_1428618_-	CP027540.1	1428618	-	SPV_1409	41.98	493
NEG_SPV_0700_CP027540.1_714284_+	CP027540.1	714284	+	SPV_0700	44.44	937
NEG_SPV_1170_CP027540.1_1199896_-	CP027540.1	1199896	-	SPV_1170	35.8	2865
NEG_SPV_0063_CP027540.1_60787_-	CP027540.1	60787	-	SPV_0063	44.44	2040
NEG_SPV_0495_CP027540.1_502808_+	CP027540.1	502808	+	SPV_0495	35.8	463
NEG_SPV_1070_CP027540.1_1095024_-	CP027540.1	1095024	-	SPV_1070	39.51	426
NEG_SPV_0186_CP027540.1_190545_+	CP027540.1	190545	+	SPV_0186	43.21	634
NEG_SPV_0239_CP027540.1_230570_+	CP027540.1	230570	+	SPV_0239	53.09	227
NEG_SPV_1128_CP027540.1_1160031_+	CP027540.1	1160031	+	SPV_1128	41.98	732
NEG_SPV_0494_CP027540.1_501617_+	CP027540.1	501617	+	SPV_0494	38.27	728
NEG_SPV_1986_CP027540.1_1960808_-	CP027540.1	1960808	-	SPV_1986	45.68	2663
NEG_SPV_0405_CP027540.1_407365_+	CP027540.1	407365	+	SPV_0405	50.62	2028
NEG_SPV_0057_CP027540.1_54084_+	CP027540.1	54084	+	SPV_0057	53.09	1493
NEG_SPV_1100_CP027540.1_1131620_+	CP027540.1	1131620	+	SPV_1100	43.21	1022
NEG_SPV_1908_CP027540.1_1880308_+	CP027540.1	1880308	+	SPV_1908	41.98	205
NEG_SPV_1940_CP027540.1_1914444_-	CP027540.1	1914444	-	SPV_1940	43.21	2154
NEG_SPV_1758_CP027540.1_1755399_-	CP027540.1	1755399	-	SPV_1758	39.51	3226
NEG_SPV_1337_CP027540.1_1352958_-	CP027540.1	1352958	-	SPV_1337	41.98	3314
NEG_SPV_0719_CP027540.1_735150_+	CP027540.1	735150	+	SPV_0719	46.91	378
NEG_SPV_0231_CP027540.1_219834_+	CP027540.1	219834	+	SPV_0231	27.16	960
NEG_SPV_0950_CP027540.1_1003143_-	CP027540.1	1003143	-	SPV_0950	37.04	1059
NEG_SPV_1936_CP027540.1_1910861_+	CP027540.1	1910861	+	SPV_1936	35.8	915
NEG_SPV_0444_CP027540.1_452129_+	CP027540.1	452129	+	SPV_0444	41.98	1969
NEG_SPV_0270_CP027540.1_269833_+	CP027540.1	269833	+	SPV_0270	50.62	1381
NEG_SPV_1562_CP027540.1_1582574_-	CP027540.1	1582574	-	SPV_1562	45.68	238
NEG_SPV_1987_CP027540.1_1963261_-	CP027540.1	1963261	-	SPV_1987	28.4	5116
NEG_SPV_0306_CP027540.1_303746_+	CP027540.1	303746	+	SPV_0306	39.51	1027
NEG_SPV_0237_CP027540.1_227062_+	CP027540.1	227062	+	SPV_0237	28.4	601
NEG_SPV_0577_CP027540.1_600574_+	CP027540.1	600574	+	SPV_0577	37.04	1786
NEG_SPV_0569_CP027540.1_591807_+	CP027540.1	591807	+	SPV_0569	33.33	1748
NEG_SPV_1177_CP027540.1_1206756_-	CP027540.1	1206756	-	SPV_1177	27.16	3964
NEG_SPV_0336_CP027540.1_341508_-	CP027540.1	341508	-	SPV_0336	39.51	2079
NEG_SPV_0964_CP027540.1_987021_-	CP027540.1	987021	-	SPV_0964	48.15	245
NEG_SPV_0458_CP027540.1_468179_+	CP027540.1	468179	+	SPV_0458	39.51	298
NEG_SPV_1631_CP027540.1_1646159_-	CP027540.1	1646159	-	SPV_1631	35.8	280
NEG_SPV_2265_CP027540.1_901227_+	CP027540.1	901227	+	SPV_2265	51.85	1863
NEG_SPV_1490_CP027540.1_1507489_-	CP027540.1	1507489	-	SPV_1490	38.27	333
NEG_SPV_1798_CP027540.1_1793140_-	CP027540.1	1793140	-	SPV_1798	44.44	740
NEG_SPV_1764_CP027540.1_1762958_-	CP027540.1	1762958	-	SPV_1764	48.15	1336
NEG_SPV_1142_CP027540.1_1178202_-	CP027540.1	1178202	-	SPV_1142	35.8	405
NEG_SPV_1678_CP027540.1_1694146_-	CP027540.1	1694146	-	SPV_1678	33.33	1928
NEG_SPV_1179_CP027540.1_1211063_-	CP027540.1	1211063	-	SPV_1179	32.1	1880
NEG_SPV_0254_CP027540.1_251770_+	CP027540.1	251770	+	SPV_0254	45.68	301
NEG_SPV_2158_CP027540.1_395292_-	CP027540.1	395292	-	SPV_2158	28.4	913
NEG_SPV_0812_CP027540.1_830549_+	CP027540.1	830549	+	SPV_0812	46.91	4330
NEG_SPV_0822_CP027540.1_841832_+	CP027540.1	841832	+	SPV_0822	39.51	943
NEG_SPV_0894_CP027540.1_1055727_+	CP027540.1	1055727	+	SPV_0894	49.38	657
NEG_SPV_0327_CP027540.1_328046_+	CP027540.1	328046	+	SPV_0327	30.86	4989
NEG_SPV_0593_CP027540.1_619131_+	CP027540.1	619131	+	SPV_0593	49.38	961
NEG_SPV_1002_CP027540.1_950262_-	CP027540.1	950262	-	SPV_1002	43.21	1570
NEG_SPV_0669_CP027540.1_689921_+	CP027540.1	689921	+	SPV_0669	44.44	1199
NEG_SPV_0308_CP027540.1_307097_+	CP027540.1	307097	+	SPV_0308	41.98	809
NEG_SPV_0592_CP027540.1_617234_-	CP027540.1	617234	-	SPV_0592	55.56	308
NEG_SPV_0008_CP027540.1_8691_+	CP027540.1	8691	+	SPV_0008	30.86	421
NEG_SPV_1599_CP027540.1_1615655_-	CP027540.1	1615655	-	SPV_1599	45.68	3361
NEG_SPV_1798_CP027540.1_1793110_-	CP027540.1	1793110	-	SPV_1798	43.21	710
NEG_SPV_1909_CP027540.1_1881776_+	CP027540.1	1881776	+	SPV_1909	45.68	501
NEG_SPV_1125_CP027540.1_1156795_-	CP027540.1	1156795	-	SPV_1125	30.86	2079
NEG_SPV_0135_CP027540.1_139130_+	CP027540.1	139130	+	SPV_0135	49.38	853
NEG_SPV_1018_CP027540.1_921955_-	CP027540.1	921955	-	SPV_1018	37.04	1098
NEG_SPV_1109_CP027540.1_1143133_-	CP027540.1	1143133	-	SPV_1109	35.8	2447
NEG_SPV_1096_CP027540.1_1125925_-	CP027540.1	1125925	-	SPV_1096	46.91	500
NEG_SPV_1829_CP027540.1_1815061_-	CP027540.1	1815061	-	SPV_1829	44.44	205
NEG_SPV_0292_CP027540.1_292829_-	CP027540.1	292829	-	SPV_0292	45.68	302
NEG_SPV_1017_CP027540.1_927455_-	CP027540.1	927455	-	SPV_1017	34.57	282
NEG_SPV_0894_CP027540.1_1055487_+	CP027540.1	1055487	+	SPV_0894	41.98	417
NEG_SPV_0777_CP027540.1_790151_+	CP027540.1	790151	+	SPV_0777	37.04	1246
NEG_SPV_1668_CP027540.1_1681846_-	CP027540.1	1681846	-	SPV_1668	32.1	2657
NEG_SPV_0445_CP027540.1_454338_+	CP027540.1	454338	+	SPV_0445	45.68	240
NEG_SPV_0887_CP027540.1_898398_+	CP027540.1	898398	+	SPV_0887	34.57	563
NEG_SPV_0569_CP027540.1_591257_+	CP027540.1	591257	+	SPV_0569	43.21	2298
NEG_SPV_0890_CP027540.1_1060889_-	CP027540.1	1060889	-	SPV_0890	41.98	1115
NEG_SPV_0555_CP027540.1_567589_+	CP027540.1	567589	+	SPV_0555	39.51	1163
NEG_SPV_0294_CP027540.1_294041_+	CP027540.1	294041	+	SPV_0294	41.98	910
NEG_SPV_0253_CP027540.1_249815_+	CP027540.1	249815	+	SPV_0253	41.98	542
NEG_SPV_0635_CP027540.1_656862_+	CP027540.1	656862	+	SPV_0635	51.85	452
NEG_SPV_1192_CP027540.1_1220397_-	CP027540.1	1220397	-	SPV_1192	43.21	2266
NEG_SPV_2311_CP027540.1_1145497_-	CP027540.1	1145497	-	SPV_2311	40.74	3624
NEG_SPV_1755_CP027540.1_1750487_+	CP027540.1	1750487	+	SPV_1755	54.32	1406
NEG_SPV_0485_CP027540.1_494402_+	CP027540.1	494402	+	SPV_0485	39.51	310
NEG_SPV_1905_CP027540.1_1877369_+	CP027540.1	1877369	+	SPV_1905	39.51	393
NEG_SPV_1177_CP027540.1_1207426_-	CP027540.1	1207426	-	SPV_1177	23.46	4634
NEG_SPV_1572_CP027540.1_1591392_-	CP027540.1	1591392	-	SPV_1572	49.38	2903
NEG_SPV_1061_CP027540.1_1087519_-	CP027540.1	1087519	-	SPV_1061	38.27	357
NEG_SPV_2017_CP027540.1_1996430_-	CP027540.1	1996430	-	SPV_2017	35.8	1763
NEG_SPV_1992_CP027540.1_1969276_-	CP027540.1	1969276	-	SPV_1992	43.21	2687
NEG_SPV_1752_CP027540.1_1745596_+	CP027540.1	1745596	+	SPV_1752	33.33	1354
NEG_SPV_0325_CP027540.1_325794_+	CP027540.1	325794	+	SPV_0325	27.16	5525
NEG_SPV_0165_CP027540.1_169247_+	CP027540.1	169247	+	SPV_0165	44.44	801
NEG_SPV_1713_CP027540.1_1714005_-	CP027540.1	1714005	-	SPV_1713	45.68	936
NEG_SPV_1240_CP027540.1_1270427_-	CP027540.1	1270427	-	SPV_1240	44.44	820
NEG_SPV_0955_CP027540.1_994734_-	CP027540.1	994734	-	SPV_0955	45.68	1198
NEG_SPV_0107_CP027540.1_106980_+	CP027540.1	106980	+	SPV_0107	39.51	723
NEG_SPV_0362_CP027540.1_365685_+	CP027540.1	365685	+	SPV_0362	39.51	2172
NEG_SPV_1025_CP027540.1_913260_+	CP027540.1	913260	+	SPV_1025	44.44	3501
NEG_SPV_0082_CP027540.1_85438_+	CP027540.1	85438	+	SPV_0082	48.15	605
NEG_SPV_1046_CP027540.1_1075116_-	CP027540.1	1075116	-	SPV_1046	37.04	1407
NEG_SPV_0165_CP027540.1_170217_+	CP027540.1	170217	+	SPV_0165	44.44	1771
NEG_SPV_0679_CP027540.1_697164_+	CP027540.1	697164	+	SPV_0679	43.21	1140
NEG_SPV_1911_CP027540.1_1883947_+	CP027540.1	1883947	+	SPV_1911	45.68	1670
NEG_SPV_1761_CP027540.1_1760954_-	CP027540.1	1760954	-	SPV_1761	48.15	668
NEG_SPV_1079_CP027540.1_1109175_-	CP027540.1	1109175	-	SPV_1079	41.98	1639
NEG_SPV_0706_CP027540.1_721444_+	CP027540.1	721444	+	SPV_0706	48.15	1743
NEG_SPV_1745_CP027540.1_1738972_-	CP027540.1	1738972	-	SPV_1745	30.86	571
NEG_SPV_1987_CP027540.1_1963201_-	CP027540.1	1963201	-	SPV_1987	34.57	5056
NEG_SPV_0361_CP027540.1_365348_+	CP027540.1	365348	+	SPV_0361	32.1	2509
NEG_SPV_1909_CP027540.1_1882036_+	CP027540.1	1882036	+	SPV_1909	45.68	241
NEG_SPV_1367_CP027540.1_1381312_-	CP027540.1	1381312	-	SPV_1367	38.27	905
NEG_SPV_1599_CP027540.1_1615215_-	CP027540.1	1615215	-	SPV_1599	44.44	3002
NEG_SPV_1300_CP027540.1_1319725_+	CP027540.1	1319725	+	SPV_1300	44.44	793
NEG_SPV_1233_CP027540.1_1265987_-	CP027540.1	1265987	-	SPV_1233	50.62	1002
NEG_SPV_0414_CP027540.1_415688_+	CP027540.1	415688	+	SPV_0414	40.74	543
NEG_SPV_0613_CP027540.1_636477_+	CP027540.1	636477	+	SPV_0613	28.4	2632
NEG_SPV_1277_CP027540.1_1304353_-	CP027540.1	1304353	-	SPV_1277	32.1	1223
NEG_SPV_1612_CP027540.1_1627828_-	CP027540.1	1627828	-	SPV_1612	40.74	999
NEG_SPV_1998_CP027540.1_1976011_-	CP027540.1	1976011	-	SPV_1998	43.21	1532
NEG_SPV_1109_CP027540.1_1143433_-	CP027540.1	1143433	-	SPV_1109	35.8	2747
NEG_SPV_1561_CP027540.1_1581501_-	CP027540.1	1581501	-	SPV_1561	43.21	835
NEG_SPV_0152_CP027540.1_156993_+	CP027540.1	156993	+	SPV_0152	45.68	920
NEG_SPV_1831_CP027540.1_1817784_+	CP027540.1	1817784	+	SPV_1831	35.8	2413
NEG_SPV_0347_CP027540.1_352229_+	CP027540.1	352229	+	SPV_0347	51.85	1248
NEG_SPV_1213_CP027540.1_1243519_-	CP027540.1	1243519	-	SPV_1213	41.98	1364
NEG_SPV_0950_CP027540.1_1002933_-	CP027540.1	1002933	-	SPV_0950	28.4	1126
NEG_SPV_1246_CP027540.1_1274482_-	CP027540.1	1274482	-	SPV_1246	41.98	234
NEG_SPV_0453_CP027540.1_459198_+	CP027540.1	459198	+	SPV_0453	32.1	696
NEG_SPV_1582_CP027540.1_1598968_-	CP027540.1	1598968	-	SPV_1582	33.33	475
NEG_SPV_0004_CP027540.1_3879_+	CP027540.1	3879	+	SPV_0004	45.68	949
NEG_SPV_1865_CP027540.1_1844659_-	CP027540.1	1844659	-	SPV_1865	40.74	474
NEG_SPV_1619_CP027540.1_1634563_-	CP027540.1	1634563	-	SPV_1619	46.91	1344
NEG_SPV_0238_CP027540.1_229315_+	CP027540.1	229315	+	SPV_0238	46.91	1028
NEG_SPV_0739_CP027540.1_750961_+	CP027540.1	750961	+	SPV_0739	41.98	1307
NEG_SPV_1413_CP027540.1_1432405_-	CP027540.1	1432405	-	SPV_1413	45.68	755
NEG_SPV_2012_CP027540.1_1989694_-	CP027540.1	1989694	-	SPV_2012	46.91	1989
NEG_SPV_1761_CP027540.1_1760464_-	CP027540.1	1760464	-	SPV_1761	33.33	473
NEG_SPV_0231_CP027540.1_220444_+	CP027540.1	220444	+	SPV_0231	30.86	350
NEG_SPV_0792_CP027540.1_812002_+	CP027540.1	812002	+	SPV_0792	34.57	627
NEG_SPV_1038_CP027540.1_1065429_-	CP027540.1	1065429	-	SPV_1038	40.74	220
NEG_SPV_0511_CP027540.1_522535_+	CP027540.1	522535	+	SPV_0511	45.68	630
NEG_SPV_1109_CP027540.1_1142943_-	CP027540.1	1142943	-	SPV_1109	24.69	2257
NEG_SPV_1752_CP027540.1_1746536_+	CP027540.1	1746536	+	SPV_1752	33.33	414
NEG_SPV_1969_CP027540.1_1938458_-	CP027540.1	1938458	-	SPV_1969	45.68	2552
NEG_SPV_0469_CP027540.1_479589_+	CP027540.1	479589	+	SPV_0469	37.04	2238
NEG_SPV_0119_CP027540.1_121999_+	CP027540.1	121999	+	SPV_0119	29.63	693
NEG_SPV_1004_CP027540.1_947994_-	CP027540.1	947994	-	SPV_1004	38.27	698
NEG_SPV_0598_CP027540.1_623958_+	CP027540.1	623958	+	SPV_0598	39.51	661
NEG_SPV_1201_CP027540.1_1230643_-	CP027540.1	1230643	-	SPV_1201	45.68	793
NEG_SPV_0062_CP027540.1_59374_+	CP027540.1	59374	+	SPV_0062	53.09	627
NEG_SPV_1597_CP027540.1_1614078_-	CP027540.1	1614078	-	SPV_1597	46.91	1865
NEG_SPV_0367_CP027540.1_372340_-	CP027540.1	372340	-	SPV_0367	45.68	978
NEG_SPV_0444_CP027540.1_450489_+	CP027540.1	450489	+	SPV_0444	35.8	1521
NEG_SPV_1862_CP027540.1_1842272_-	CP027540.1	1842272	-	SPV_1862	43.21	1187
NEG_SPV_0454_CP027540.1_463959_-	CP027540.1	463959	-	SPV_0454	35.8	802
NEG_SPV_0579_CP027540.1_607523_+	CP027540.1	607523	+	SPV_0579	40.74	533
NEG_SPV_2012_CP027540.1_1989394_-	CP027540.1	1989394	-	SPV_2012	35.8	2289
NEG_SPV_1127_CP027540.1_1158628_-	CP027540.1	1158628	-	SPV_1127	41.98	382
NEG_SPV_2052_CP027540.1_2028886_-	CP027540.1	2028886	-	SPV_2052	38.27	921
NEG_SPV_1065_CP027540.1_1091065_-	CP027540.1	1091065	-	SPV_1065	41.98	795
NEG_SPV_1629_CP027540.1_1644098_+	CP027540.1	1644098	+	SPV_1629	54.32	1344
NEG_SPV_1959_CP027540.1_1928854_-	CP027540.1	1928854	-	SPV_1959	37.04	2664
NEG_SPV_1920_CP027540.1_1890250_-	CP027540.1	1890250	-	SPV_1920	43.21	2552
NEG_SPV_0985_CP027540.1_967410_-	CP027540.1	967410	-	SPV_0985	34.57	840
NEG_SPV_1839_CP027540.1_1825359_-	CP027540.1	1825359	-	SPV_1839	38.27	562
NEG_SPV_0558_CP027540.1_575314_+	CP027540.1	575314	+	SPV_0558	32.1	2080
NEG_SPV_1501_CP027540.1_1519305_-	CP027540.1	1519305	-	SPV_1501	38.27	4404
NEG_SPV_0748_CP027540.1_762043_+	CP027540.1	762043	+	SPV_0748	48.15	726
NEG_SPV_2050_CP027540.1_2026573_-	CP027540.1	2026573	-	SPV_2050	44.44	1108
NEG_SPV_0532_CP027540.1_543995_+	CP027540.1	543995	+	SPV_0532	43.21	779
NEG_SPV_0287_CP027540.1_287261_+	CP027540.1	287261	+	SPV_0287	34.57	1864
NEG_SPV_1075_CP027540.1_1102197_-	CP027540.1	1102197	-	SPV_1075	41.98	250
NEG_SPV_1622_CP027540.1_1639678_-	CP027540.1	1639678	-	SPV_1622	46.91	1382
NEG_SPV_1335_CP027540.1_1350442_-	CP027540.1	1350442	-	SPV_1335	43.21	1610
NEG_SPV_2047_CP027540.1_2024909_-	CP027540.1	2024909	-	SPV_2047	35.8	2772
NEG_SPV_1038_CP027540.1_1066139_-	CP027540.1	1066139	-	SPV_1038	37.04	490
NEG_SPV_0006_CP027540.1_7895_+	CP027540.1	7895	+	SPV_0006	38.27	375
NEG_SPV_1097_CP027540.1_1126650_-	CP027540.1	1126650	-	SPV_1097	41.98	225
NEG_SPV_1153_CP027540.1_1184217_+	CP027540.1	1184217	+	SPV_1153	45.68	289
NEG_SPV_1979_CP027540.1_1955527_+	CP027540.1	1955527	+	SPV_1979	41.98	1666
NEG_SPV_0568_CP027540.1_590101_+	CP027540.1	590101	+	SPV_0568	44.44	1571
NEG_SPV_1781_CP027540.1_1777612_-	CP027540.1	1777612	-	SPV_1781	40.74	1487
NEG_SPV_1966_CP027540.1_1936528_+	CP027540.1	1936528	+	SPV_1966	40.74	622
NEG_SPV_1353_CP027540.1_1368410_-	CP027540.1	1368410	-	SPV_1353	41.98	1054
NEG_SPV_1297_CP027540.1_1316605_-	CP027540.1	1316605	-	SPV_1297	38.27	2011
NEG_SPV_1479_CP027540.1_1495529_-	CP027540.1	1495529	-	SPV_1479	51.85	1813
NEG_SPV_1834_CP027540.1_1820405_-	CP027540.1	1820405	-	SPV_1834	40.74	1941
NEG_SPV_1238_CP027540.1_1268761_-	CP027540.1	1268761	-	SPV_1238	46.91	959
NEG_SPV_0741_CP027540.1_754135_+	CP027540.1	754135	+	SPV_0741	41.98	1853
NEG_SPV_1005_CP027540.1_946011_-	CP027540.1	946011	-	SPV_1005	43.21	799
NEG_SPV_1499_CP027540.1_1517451_-	CP027540.1	1517451	-	SPV_1499	33.33	2550
NEG_SPV_1017_CP027540.1_927815_-	CP027540.1	927815	-	SPV_1017	49.38	642
NEG_SPV_1608_CP027540.1_1624764_-	CP027540.1	1624764	-	SPV_1608	38.27	2065
NEG_SPV_0176_CP027540.1_182180_+	CP027540.1	182180	+	SPV_0176	46.91	1442
NEG_SPV_1223_CP027540.1_1255867_-	CP027540.1	1255867	-	SPV_1223	40.74	318
NEG_SPV_1494_CP027540.1_1510861_-	CP027540.1	1510861	-	SPV_1494	38.27	2616
NEG_SPV_1507_CP027540.1_1529329_-	CP027540.1	1529329	-	SPV_1507	45.68	727
NEG_SPV_0577_CP027540.1_601564_+	CP027540.1	601564	+	SPV_0577	28.4	2776
NEG_SPV_1998_CP027540.1_1975641_-	CP027540.1	1975641	-	SPV_1998	45.68	1769
NEG_SPV_0153_CP027540.1_158359_+	CP027540.1	158359	+	SPV_0153	46.91	446
NEG_SPV_0494_CP027540.1_501527_+	CP027540.1	501527	+	SPV_0494	38.27	818
NEG_SPV_2022_CP027540.1_2002617_-	CP027540.1	2002617	-	SPV_2022	50.62	1188
NEG_SPV_1295_CP027540.1_1315185_+	CP027540.1	1315185	+	SPV_1295	39.51	591
NEG_SPV_0397_CP027540.1_399146_-	CP027540.1	399146	-	SPV_0397	46.91	982
NEG_SPV_1758_CP027540.1_1754969_-	CP027540.1	1754969	-	SPV_1758	45.68	2796
NEG_SPV_0396_CP027540.1_397324_-	CP027540.1	397324	-	SPV_0396	43.21	540
NEG_SPV_1840_CP027540.1_1826129_-	CP027540.1	1826129	-	SPV_1840	40.74	208
NEG_SPV_0063_CP027540.1_63937_-	CP027540.1	63937	-	SPV_0063	45.68	1546
NEG_SPV_0558_CP027540.1_574034_+	CP027540.1	574034	+	SPV_0558	34.57	3360
NEG_SPV_1607_CP027540.1_1622551_-	CP027540.1	1622551	-	SPV_1607	34.57	419
NEG_SPV_0581_CP027540.1_609334_+	CP027540.1	609334	+	SPV_0581	40.74	203
NEG_SPV_0307_CP027540.1_305810_+	CP027540.1	305810	+	SPV_0307	43.21	478
NEG_SPV_1908_CP027540.1_1880558_+	CP027540.1	1880558	+	SPV_1908	43.21	455
NEG_SPV_0890_CP027540.1_1059299_-	CP027540.1	1059299	-	SPV_0890	37.04	2705
NEG_SPV_1330_CP027540.1_1345698_-	CP027540.1	1345698	-	SPV_1330	41.98	503
NEG_SPV_1546_CP027540.1_1570546_-	CP027540.1	1570546	-	SPV_1546	49.38	1997
NEG_SPV_0325_CP027540.1_325464_+	CP027540.1	325464	+	SPV_0325	28.4	5195
NEG_SPV_1272_CP027540.1_1299843_-	CP027540.1	1299843	-	SPV_1272	44.44	433
NEG_SPV_1487_CP027540.1_1505160_+	CP027540.1	1505160	+	SPV_1487	37.04	795
NEG_SPV_1218_CP027540.1_1250995_-	CP027540.1	1250995	-	SPV_1218	34.57	402
NEG_SPV_1974_CP027540.1_1948106_-	CP027540.1	1948106	-	SPV_1974	43.21	827
NEG_SPV_0148_CP027540.1_153559_+	CP027540.1	153559	+	SPV_0148	43.21	1302
NEG_SPV_0285_CP027540.1_282827_+	CP027540.1	282827	+	SPV_0285	39.51	952
NEG_SPV_1016_CP027540.1_931273_-	CP027540.1	931273	-	SPV_1016	40.74	4100
NEG_SPV_1108_CP027540.1_1141160_-	CP027540.1	1141160	-	SPV_1108	34.57	474
NEG_SPV_1029_CP027540.1_908462_+	CP027540.1	908462	+	SPV_1029	43.21	1297
NEG_SPV_0360_CP027540.1_362945_+	CP027540.1	362945	+	SPV_0360	37.04	1770
NEG_SPV_2419_CP027540.1_1729555_-	CP027540.1	1729555	-	SPV_2419	29.63	1668
NEG_SPV_0388_CP027540.1_391854_+	CP027540.1	391854	+	SPV_0388	44.44	2525
NEG_SPV_0397_CP027540.1_399526_-	CP027540.1	399526	-	SPV_0397	39.51	602
NEG_SPV_1767_CP027540.1_1766192_-	CP027540.1	1766192	-	SPV_1767	43.21	309
NEG_SPV_0636_CP027540.1_658422_+	CP027540.1	658422	+	SPV_0636	43.21	1108
NEG_SPV_1158_CP027540.1_1188500_+	CP027540.1	1188500	+	SPV_1158	45.68	1112
NEG_SPV_0119_CP027540.1_122209_+	CP027540.1	122209	+	SPV_0119	28.4	903
NEG_SPV_0187_CP027540.1_192203_+	CP027540.1	192203	+	SPV_0187	37.04	640
NEG_SPV_1251_CP027540.1_1280579_-	CP027540.1	1280579	-	SPV_1251	48.15	1128
NEG_SPV_0246_CP027540.1_237320_+	CP027540.1	237320	+	SPV_0246	38.27	1796
NEG_SPV_1131_CP027540.1_1163897_-	CP027540.1	1163897	-	SPV_1131	54.32	4598
NEG_SPV_1396_CP027540.1_1417575_-	CP027540.1	1417575	-	SPV_1396	46.91	870
NEG_SPV_1468_CP027540.1_1486727_-	CP027540.1	1486727	-	SPV_1468	48.15	383
NEG_SPV_1707_CP027540.1_1708736_-	CP027540.1	1708736	-	SPV_1707	25.93	292
NEG_SPV_0561_CP027540.1_578920_+	CP027540.1	578920	+	SPV_0561	33.33	1526
NEG_SPV_0983_CP027540.1_968901_-	CP027540.1	968901	-	SPV_0983	44.44	1168
NEG_SPV_1613_CP027540.1_1629011_-	CP027540.1	1629011	-	SPV_1613	29.63	2182
NEG_SPV_0702_CP027540.1_716403_+	CP027540.1	716403	+	SPV_0702	40.74	1175
NEG_SPV_0657_CP027540.1_675907_+	CP027540.1	675907	+	SPV_0657	40.74	383
NEG_SPV_0678_CP027540.1_696736_+	CP027540.1	696736	+	SPV_0678	46.91	1243
NEG_SPV_0322_CP027540.1_321420_+	CP027540.1	321420	+	SPV_0322	32.1	1151
NEG_SPV_1001_CP027540.1_953023_-	CP027540.1	953023	-	SPV_1001	49.38	538
NEG_SPV_2009_CP027540.1_1986782_+	CP027540.1	1986782	+	SPV_2009	43.21	3156
NEG_SPV_0558_CP027540.1_571314_+	CP027540.1	571314	+	SPV_0558	37.04	1086
NEG_SPV_1018_CP027540.1_923815_-	CP027540.1	923815	-	SPV_1018	43.21	2958
NEG_SPV_1861_CP027540.1_1841374_-	CP027540.1	1841374	-	SPV_1861	40.74	2085
NEG_SPV_0945_CP027540.1_1008369_-	CP027540.1	1008369	-	SPV_0945	28.4	4167
NEG_SPV_1849_CP027540.1_1834787_-	CP027540.1	1834787	-	SPV_1849	39.51	1838
NEG_SPV_0943_CP027540.1_1012172_-	CP027540.1	1012172	-	SPV_0943	20.99	3198
NEG_SPV_0050_CP027540.1_45027_+	CP027540.1	45027	+	SPV_0050	43.21	493
NEG_SPV_1878_CP027540.1_1857766_-	CP027540.1	1857766	-	SPV_1878	45.68	511
NEG_SPV_1108_CP027540.1_1141820_-	CP027540.1	1141820	-	SPV_1108	29.63	1134
NEG_SPV_0596_CP027540.1_622400_+	CP027540.1	622400	+	SPV_0596	34.57	897
NEG_SPV_0306_CP027540.1_303166_+	CP027540.1	303166	+	SPV_0306	41.98	447
NEG_SPV_1759_CP027540.1_1758849_-	CP027540.1	1758849	-	SPV_1759	48.15	978
NEG_SPV_1357_CP027540.1_1371807_-	CP027540.1	1371807	-	SPV_1357	45.68	1635
NEG_SPV_1158_CP027540.1_1187680_+	CP027540.1	1187680	+	SPV_1158	46.91	292
NEG_SPV_1664_CP027540.1_1677500_-	CP027540.1	1677500	-	SPV_1664	43.21	648
NEG_SPV_0956_CP027540.1_993909_-	CP027540.1	993909	-	SPV_0956	45.68	373
NEG_SPV_1839_CP027540.1_1825489_-	CP027540.1	1825489	-	SPV_1839	45.68	432
NEG_SPV_1170_CP027540.1_1199516_-	CP027540.1	1199516	-	SPV_1170	35.8	3245
NEG_SPV_0782_CP027540.1_795842_+	CP027540.1	795842	+	SPV_0782	40.74	1029
NEG_SPV_1504_CP027540.1_1523671_-	CP027540.1	1523671	-	SPV_1504	30.86	2927
NEG_SPV_1961_CP027540.1_1930961_-	CP027540.1	1930961	-	SPV_1961	30.86	557
NEG_SPV_0424_CP027540.1_426595_+	CP027540.1	426595	+	SPV_0424	38.27	344
NEG_SPV_1011_CP027540.1_940382_-	CP027540.1	940382	-	SPV_1011	40.74	1493
NEG_SPV_1495_CP027540.1_1511559_-	CP027540.1	1511559	-	SPV_1495	43.21	1918
NEG_SPV_1399_CP027540.1_1419514_-	CP027540.1	1419514	-	SPV_1399	48.15	1069
NEG_SPV_1138_CP027540.1_1172984_-	CP027540.1	1172984	-	SPV_1138	51.85	1098
NEG_SPV_1137_CP027540.1_1171029_+	CP027540.1	1171029	+	SPV_1137	38.27	324
NEG_SPV_0090_CP027540.1_90826_+	CP027540.1	90826	+	SPV_0090	43.21	1217
NEG_SPV_1542_CP027540.1_1565341_-	CP027540.1	1565341	-	SPV_1542	51.85	1384
NEG_SPV_1070_CP027540.1_1095464_-	CP027540.1	1095464	-	SPV_1070	46.91	866
NEG_SPV_2085_CP027540.1_40593_-	CP027540.1	40593	-	SPV_2085	35.8	735
NEG_SPV_0211_CP027540.1_205304_+	CP027540.1	205304	+	SPV_0211	43.21	2869
NEG_SPV_2004_CP027540.1_1980183_-	CP027540.1	1980183	-	SPV_2004	44.44	1969
NEG_SPV_1104_CP027540.1_1137003_-	CP027540.1	1137003	-	SPV_1104	41.98	2336
NEG_SPV_1023_CP027540.1_916759_-	CP027540.1	916759	-	SPV_1023	30.86	233
NEG_SPV_1377_CP027540.1_1396923_+	CP027540.1	1396923	+	SPV_1377	32.1	857
NEG_SPV_0860_CP027540.1_874658_+	CP027540.1	874658	+	SPV_0860	34.57	870
NEG_SPV_0748_CP027540.1_760783_+	CP027540.1	760783	+	SPV_0748	39.51	1986
NEG_SPV_0954_CP027540.1_995599_-	CP027540.1	995599	-	SPV_0954	38.27	1038
NEG_SPV_0532_CP027540.1_544705_+	CP027540.1	544705	+	SPV_0532	38.27	851
NEG_SPV_0383_CP027540.1_387463_+	CP027540.1	387463	+	SPV_0383	39.51	1058
NEG_SPV_0162_CP027540.1_167416_-	CP027540.1	167416	-	SPV_0162	50.62	447
NEG_SPV_1195_CP027540.1_1224584_-	CP027540.1	1224584	-	SPV_1195	49.38	391
NEG_SPV_1759_CP027540.1_1756479_-	CP027540.1	1756479	-	SPV_1759	43.21	3348
NEG_SPV_0138_CP027540.1_143829_+	CP027540.1	143829	+	SPV_0138	32.1	5552
NEG_SPV_1426_CP027540.1_1445242_-	CP027540.1	1445242	-	SPV_1426	37.04	922
NEG_SPV_0512_CP027540.1_524526_+	CP027540.1	524526	+	SPV_0512	48.15	815
NEG_SPV_0360_CP027540.1_362295_+	CP027540.1	362295	+	SPV_0360	44.44	1120
NEG_SPV_1136_CP027540.1_1169728_-	CP027540.1	1169728	-	SPV_1136	44.44	454
NEG_SPV_1263_CP027540.1_1291733_+	CP027540.1	1291733	+	SPV_1263	34.57	369
NEG_SPV_1629_CP027540.1_1644128_+	CP027540.1	1644128	+	SPV_1629	51.85	1374
NEG_SPV_0685_CP027540.1_699764_-	CP027540.1	699764	-	SPV_0685	41.98	401
NEG_SPV_0786_CP027540.1_801204_-	CP027540.1	801204	-	SPV_0786	49.38	694
NEG_SPV_0514_CP027540.1_526744_+	CP027540.1	526744	+	SPV_0514	40.74	3033
NEG_SPV_1432_CP027540.1_1449224_-	CP027540.1	1449224	-	SPV_1432	40.74	499
NEG_SPV_2022_CP027540.1_2001317_-	CP027540.1	2001317	-	SPV_2022	39.51	2488
NEG_SPV_1062_CP027540.1_1088379_-	CP027540.1	1088379	-	SPV_1062	38.27	1217
NEG_SPV_0630_CP027540.1_651991_+	CP027540.1	651991	+	SPV_0630	43.21	1989
NEG_SPV_0927_CP027540.1_1023950_-	CP027540.1	1023950	-	SPV_0927	43.21	667
NEG_SPV_1958_CP027540.1_1927023_-	CP027540.1	1927023	-	SPV_1958	34.57	1348
NEG_SPV_1136_CP027540.1_1169808_-	CP027540.1	1169808	-	SPV_1136	44.44	374
NEG_SPV_1331_CP027540.1_1346505_-	CP027540.1	1346505	-	SPV_1331	37.04	304
NEG_SPV_0446_CP027540.1_455780_+	CP027540.1	455780	+	SPV_0446	39.51	267
NEG_SPV_1903_CP027540.1_1875540_-	CP027540.1	1875540	-	SPV_1903	44.44	1128
NEG_SPV_0308_CP027540.1_307717_+	CP027540.1	307717	+	SPV_0308	45.68	1429
NEG_SPV_0546_CP027540.1_559509_+	CP027540.1	559509	+	SPV_0546	46.91	634
NEG_SPV_2265_CP027540.1_901037_+	CP027540.1	901037	+	SPV_2265	44.44	1673
NEG_SPV_1546_CP027540.1_1570366_-	CP027540.1	1570366	-	SPV_1546	49.38	2177
NEG_SPV_1432_CP027540.1_1449004_-	CP027540.1	1449004	-	SPV_1432	45.68	719
NEG_SPV_0360_CP027540.1_362745_+	CP027540.1	362745	+	SPV_0360	54.32	1570
NEG_SPV_1536_CP027540.1_1560196_-	CP027540.1	1560196	-	SPV_1536	55.56	1434
NEG_SPV_0062_CP027540.1_60014_+	CP027540.1	60014	+	SPV_0062	50.62	1267
NEG_SPV_0895_CP027540.1_1054728_-	CP027540.1	1054728	-	SPV_0895	43.21	240
NEG_SPV_0482_CP027540.1_491529_+	CP027540.1	491529	+	SPV_0482	50.62	3183
NEG_SPV_1831_CP027540.1_1817684_+	CP027540.1	1817684	+	SPV_1831	38.27	2313
NEG_SPV_1444_CP027540.1_1461176_+	CP027540.1	1461176	+	SPV_1444	49.38	1956
NEG_SPV_0908_CP027540.1_1044768_-	CP027540.1	1044768	-	SPV_0908	40.74	372
NEG_SPV_1494_CP027540.1_1510321_-	CP027540.1	1510321	-	SPV_1494	37.04	3156
NEG_SPV_1460_CP027540.1_1475321_-	CP027540.1	1475321	-	SPV_1460	48.15	1363
NEG_SPV_0428_CP027540.1_431738_+	CP027540.1	431738	+	SPV_0428	23.46	4502
NEG_SPV_1016_CP027540.1_928793_-	CP027540.1	928793	-	SPV_1016	41.98	1620
NEG_SPV_1918_CP027540.1_1887976_+	CP027540.1	1887976	+	SPV_1918	43.21	335
NEG_SPV_0101_CP027540.1_102248_-	CP027540.1	102248	-	SPV_0101	39.51	1860
NEG_SPV_1265_CP027540.1_1295323_+	CP027540.1	1295323	+	SPV_1265	30.86	681
NEG_SPV_0867_CP027540.1_882630_+	CP027540.1	882630	+	SPV_0867	44.44	514
NEG_SPV_0263_CP027540.1_261830_-	CP027540.1	261830	-	SPV_0263	51.85	1813
NEG_SPV_1876_CP027540.1_1854605_-	CP027540.1	1854605	-	SPV_1876	50.62	963
NEG_SPV_1170_CP027540.1_1199696_-	CP027540.1	1199696	-	SPV_1170	22.22	3065
NEG_SPV_1598_CP027540.1_1614969_-	CP027540.1	1614969	-	SPV_1598	48.15	2756
NEG_SPV_2170_CP027540.1_461768_-	CP027540.1	461768	-	SPV_2170	30.86	1874
NEG_SPV_0541_CP027540.1_555787_+	CP027540.1	555787	+	SPV_0541	40.74	456
NEG_SPV_0185_CP027540.1_189535_+	CP027540.1	189535	+	SPV_0185	37.04	205
NEG_SPV_0153_CP027540.1_158859_+	CP027540.1	158859	+	SPV_0153	45.68	946
NEG_SPV_1178_CP027540.1_1208260_-	CP027540.1	1208260	-	SPV_1178	38.27	4683
NEG_SPV_1988_CP027540.1_1965687_-	CP027540.1	1965687	-	SPV_1988	39.51	6276
NEG_SPV_0452_CP027540.1_460118_+	CP027540.1	460118	+	SPV_0452	29.63	224
NEG_SPV_0383_CP027540.1_387543_+	CP027540.1	387543	+	SPV_0383	49.38	1138
NEG_SPV_1016_CP027540.1_931353_-	CP027540.1	931353	-	SPV_1016	53.09	4180
NEG_SPV_0528_CP027540.1_540248_-	CP027540.1	540248	-	SPV_0528	43.21	412
NEG_SPV_1514_CP027540.1_1537417_-	CP027540.1	1537417	-	SPV_1514	40.74	527
NEG_SPV_1827_CP027540.1_1812911_+	CP027540.1	1812911	+	SPV_1827	40.74	809
NEG_SPV_1458_CP027540.1_1472732_-	CP027540.1	1472732	-	SPV_1458	48.15	390
NEG_SPV_1642_CP027540.1_1658349_-	CP027540.1	1658349	-	SPV_1642	39.51	2081
NEG_SPV_0581_CP027540.1_609764_+	CP027540.1	609764	+	SPV_0581	41.98	523
NEG_SPV_1622_CP027540.1_1639528_-	CP027540.1	1639528	-	SPV_1622	53.09	1532
NEG_SPV_0390_CP027540.1_393631_+	CP027540.1	393631	+	SPV_0390	48.15	748
NEG_SPV_1979_CP027540.1_1954757_+	CP027540.1	1954757	+	SPV_1979	45.68	1857
